chapter_no,verse_no,question,answer
1,1,Why does Dhritarashtra ask Sanjaya to describe the battlefield?,"Dhritarashtra is blind, both physically and symbolically — representing ignorance."
1,1,What is the significance of Kurukshetra being described as 'sacred soil'?,Kurukshetra is referred to as 'sacred soil' because it is not only a battleground but also a place of great spiritual and religious significance.
1,1,Why does Dhritarashtra refer to Kurukshetra as 'Dharmakshetra' in his query to Sanjaya?,Dhritarashtra refers to Kurukshetra as 'Dharmakshetra' because he is aware of its spiritual importance.
1,1,What does Dhritarashtra's question to Sanjaya reveal about his state of mind?,Dhritarashtra's question reveals his anxiety and curiosity about the battle's events.
1,1,What is Dhritarashtra anxious to know about the events at Kurukshetra?,Dhritarashtra is anxious to know what actions both his sons and the sons of Pandu took when gathered on the battlefield.
1,2,Who is the speaker describing Duryodhana's actions?,The speaker in this verse is Sanjaya.
1,2,What did Duryodhana see that prompted him to speak to Dronacarya?,Duryodhana saw the Pandavas' army arrayed for battle.
1,2,How is the Pandavas' army described?,The Pandavas' army is described as being drawn up for battle.
1,2,Why might Duryodhana approach Dronacarya upon seeing the Pandavas' army?,Duryodhana likely approached Dronacarya because he was concerned or seeking guidance about the battle strategy.
1,2,What does Duryodhana's reaction to the Pandavas' army reveal about his character?,Duryodhana's immediate reaction to consult with Dronacarya suggests that he is a cautious and strategic thinker.
1,3,Who is being addressed as 'Master'?,"Drona, the teacher of both the Kauravas and the Pandavas."
1,3,Who is described as the talented pupil?,"Dhrstadyumna, the son of Drupada, is described as the talented pupil in this verse."
1,3,What is the significance of the 'mighty army' mentioned?,"The 'mighty army' refers to the formidable military formation of the Pandavas, organized and prepared for battle by Dhrstadyumna."
1,3,Why is Dhrstadyumna's role emphasized?,Dhrstadyumna's role is emphasized to highlight his strategic acumen and capability as a leader.
1,3,What does the verse imply about the relationship between Drona and Dhrstadyumna?,"The verse implies a complex relationship where Dhrstadyumna, though a pupil of Drona, is now commanding an army against him."
1,4,Who are described as mighty archers?,"Yuyudhana, Virata, and Drupada are described as mighty archers."
1,4,Which warriors are mentioned as maharathis?,"The warriors mentioned as maharathis in this verse are Yuyudhana, Virata, and Drupada."
1,4,Why are Bhima and Arjuna used as a comparison for the warriors?,Bhima and Arjuna are used as a benchmark for comparison because they are legendary warriors known for their exceptional strength and skill in battle.
1,4,Who is listing these mighty warriors?,It is Duryodhana who is listing these mighty warriors.
1,4,What does the term 'maharathis' signify in this context?,"In this context, 'maharathis' refers to warriors who are exceptionally skilled and capable of handling many opponents simultaneously."
1,5,Who are the warriors mentioned along with the king of Kasi?,"The warriors mentioned are Dhrstaketu, Chekitana, Purujit, Kuntibhoja, and Shaibya."
1,5,How is the king of Kasi described?,"Valiant, indicating his bravery and strength in battle."
1,5,Why might the verse emphasize the valor of the king of Kasi and others?,The emphasis on valor serves to highlight the strength and capability of the warriors assembled.
1,5,Who is referred to as 'the best of men'?,"Shaibya is referred to as 'the best of men,' suggesting his distinguished character and leadership."
1,5,What significance do names like Dhrstaketu and Chekitana hold in the context of this?,Names like Dhrstaketu and Chekitana signify the diverse and powerful allies gathered for the battle.
1,6,Who are described as Maharathis?,"The verse describes Yudhamanyu, the mighty Uttamauja, Abhimanyu, the son of Subhadra, and the five sons of Draupadi as Maharathis."
1,6,"What does the term 'Maharathi' imply about the warriors mentioned, such as Yudhamanyu and?","The term 'Maharathi' implies that these warriors, including Yudhamanyu and Abhimanyu, are exceptionally skilled and powerful."
1,6,"Who is Abhimanyu, as mentioned?",Abhimanyu is described as the son of Subhadra.
1,6,Why are the sons of Draupadi mentioned with great warriors like Yudhamanyu?,The sons of Draupadi are mentioned alongside great warriors like Yudhamanyu to highlight their status as Maharathis.
1,6,How can the concept of being a 'Maharathi' inspire personal growth in one's life?,"Being a 'Maharathi' symbolizes excellence, dedication, and the ability to face challenges with skill and courage."
1,7,Who is referred to as 'O best of Brahmanas'?,"'O best of Brahmanas' refers to Droṇa, the teacher and commander in the Kurukshetra war."
1,7,What is Duryodhana doing?,Duryodhana is addressing Droṇa and highlighting the prominent leaders of his army.
1,7,Who does Duryodhana refer to when he says 'the commanders of my army'?,Duryodhana is referring to the key leaders and distinguished warriors in his army.
1,7,Why does Duryodhana feel the need to list the 'commanders' of his army to?,Duryodhana lists the commanders to Droṇa as a strategic move to exhibit confidence and assure Droṇa of the formidable strength of his army.
1,7,How does the act of naming 'distinguished' warriors reflect the theme of ego and?,The act of naming distinguished warriors demonstrates Duryodhana's pride in his army and his desire to showcase power.
1,8,Who are some of the key warriors mentioned alongside Bhisma?,"The key warriors mentioned alongside Bhisma in this verse are Karna, Kripa, Asvatthama, Vikarna, and Bhurisrava."
1,8,What is the significance of Kripa being described as 'ever victorious in battle'?,Kripa being described as 'ever victorious in battle' highlights his expertise and success in warfare.
1,8,What might be the reason for Duryodhana mentioning warriors like Asvatthama and Vikarna?,Duryodhana mentions warriors like Asvatthama and Vikarna to emphasize the strength and diversity of his army.
1,8,"Who is the speaker addressing, and what is the purpose of this enumeration?","Duryodhana is addressing his teacher, Dronacharya."
1,8,"What does the inclusion of Bhurisrava, the son of Somadatta, indicate about the alliances?","The inclusion of Bhurisrava, the son of Somadatta, indicates that the Kauravas had strong alliances with prominent families and warriors."
1,9,Who are staking their lives and why?,Duryodhana is speaking about the valiant warriors on his side who are willing to sacrifice their lives for him.
1,9,What does Duryodhana say about the skills of the warriors?,"Duryodhana describes the warriors as skilled in warfare, equipped with various weapons and missiles."
1,9,What phrase does Duryodhana use to describe the warriors' readiness to fight for him?,Duryodhana uses the phrase 'staked their lives for me' to describe the warriors' readiness to fight for him.
1,9,Why does Duryodhana focus on the warriors' skills and readiness?,Duryodhana focuses on the warriors' skills and readiness to boost confidence in his army and to underscore the strength of his forces.
1,9,What can be learned about loyalty and sacrifice from the warriors described?,The warriors' willingness to stake their lives for Duryodhana illustrates the themes of loyalty and sacrifice.
1,10,Who is described as protecting Duryodhana's army?,Duryodhana's army is described as being fully protected by Bhisma.
1,10,Why does Duryodhana believe his army is unconquerable?,Duryodhana believes his army is unconquerable because it is protected by Bhisma.
1,10,Who is guarding the army that is described as easy to conquer?,The army described as easy to conquer is guarded by Bhima.
1,10,How does Duryodhana contrast the protection of the two armies?,"Duryodhana contrasts the two armies by stating that his own is fully protected by Bhisma, making it unconquerable."
1,10,What does this teaching on This suggest about reliance on individual strength in battle?,"That reliance on individual strength, such as that of Bhisma or Bhima."
1,11,What is the main instruction given by Duryodhana to his warriors?,Duryodhana instructs his warriors to remain stationed in their respective positions and to protect Bhisma on all sides.
1,11,Why does Duryodhana emphasize the protection of Bhisma in the battle?,Duryodhana emphasizes protecting Bhisma because he is the commander of the Kaurava army and a key figure in the battle.
1,11,What specific command does Duryodhana give regarding the positions of his warriors?,Duryodhana commands his warriors to remain in their respective positions.
1,11,What does the directive to protect Bhisma on all sides signify in the context?,The directive to protect Bhisma on all sides signifies the high value placed on his leadership and the need to safeguard him against any attack.
1,11,Who is responsible for giving the command to protect Bhisma?,"The command to protect Bhisma is given by Duryodhana, the leader of the Kauravas."
1,12,Who is described as the 'grand old man of the Kaurava race'?,"The 'grand old man of the Kaurava race' refers to Bhishma, who is the grand-uncle of the Kauravas."
1,12,What action does Bhishma perform to cheer up Duryodhana?,"To cheer up Duryodhana, Bhishma roars like a lion and blows his conch, displaying his formidable presence and support."
1,12,Why does Bhishma blow his conch?,Bhishma blows his conch to boost the morale of Duryodhana and the Kaurava army.
1,12,What is the effect of Bhishma's actions on Duryodhana?,"Bhishma's roaring and blowing of the conch fills Duryodhana's heart with joy and encouragement, strengthening his resolve."
1,12,How can Bhishma's act of blowing the conch be seen as a symbol of?,"Bhishma's act of blowing the conch is a symbol of leadership as it demonstrates his authority, confidence."
1,13,What instruments are mentioned that contribute to the tumultuous noise?,"The verse mentions conches, kettledrums, tabors, drums, and trumpets."
1,13,Why does the verse describe the sound of instruments as 'tumultuous'?,Describing the sound as 'tumultuous' conveys the chaos and intensity of the battlefield atmosphere.
1,13,What action occurs with the instruments in Verse 13?,"The verse describes that the conches, kettledrums, tabors, drums, and trumpets suddenly blared forth."
1,13,Who is responsible for creating the tumultuous noise?,"The tumultuous noise is created by various musicians or warriors playing the conches, kettledrums, tabors, drums, and trumpets."
1,13,What does the sudden blaring of instruments symbolize?,The sudden blaring of instruments symbolizes the urgency and readiness for battle.
1,14,Who were seated in the chariot drawn by white horses?,Sri Krishna and Arjuna were seated in the chariot drawn by white horses.
1,14,What is significant about the chariot mentioned?,"Glorious and drawn by white horses, symbolizing purity and divine favor."
1,14,Why did Krishna and Arjuna blow their celestial conches?,Krishna and Arjuna blew their celestial conches as a declaration of readiness and as a powerful sound to uplift their own troops while striking fear into the hearts of their opponents.
1,14,Who is referred to as 'Madhava'?,'Madhava' refers to Sri Krishna in the verse.
1,14,What does the act of blowing celestial conches represent in the context of the?,Blowing celestial conches represents the beginning of the battle and serves as a call to action.
1,15,Which conch does Sri Krishna blow?,Sri Krishna blows the conch named Pañcajanya.
1,15,How are the actions of the Pandavas described before the battle begins?,The Pandavas are described as blowing their respective conchs.
1,15,What is the significance of Bhima being referred to as 'Bhima of terrible deeds'?,Referring to Bhima as 'Bhima of terrible deeds' highlights his prowess and formidable nature as a warrior.
1,15,Who is attributed with the blowing of the conch named Devadatta?,Arjuna is attributed with blowing the conch named Devadatta.
1,15,"Why might the act of blowing conchs by warriors like Krishna, Arjuna, and Bhima?","The act of blowing conchs by warriors like Krishna, Arjuna."
1,16,Who are the individuals mentioned as blowing conches?,"The verse mentions King Yudhisthira, the son of Kunti, along with his brothers Nakula and Sahadeva."
1,16,What are the names of the conches blown by Nakula and Sahadeva?,"Nakula and Sahadeva blew conches named Sughosa and Manipuspaka, respectively."
1,16,Why is it significant that Yudhisthira's conch is named Anantavijaya?,The name 'Anantavijaya' means 'eternal victory'.
1,16,"What does the act of blowing conches by Yudhisthira, Nakula, and Sahadeva symbolize in?","The blowing of conches by Yudhisthira, Nakula, and Sahadeva symbolizes the declaration of war and readiness for battle."
1,16,How does the sound of the conches relate to the broader themes of the?,The sound of the conches represents the call to duty and the commencement of righteous action.
1,17,Who is described as the excellent archer?,The excellent archer referred to in this verse is the King of Kasi.
1,17,What is Sikhandi described as?,"Sikhandi is described as a Maharathi, which means a great car-warrior."
1,17,What might the mention of figures like Dhṛṣṭadyumna and Virāṭa signify?,"The mention of Dhṛṣṭadyumna and Virāṭa, along with other warriors, underscores the formidable alliance and strength gathered for the battle."
1,17,What does the term 'aparajita' signify when referring to Satyaki?,The term 'aparajita' means 'unconquered' or 'undefeated.' It signifies Satyaki's reputation as an invincible warrior.
1,17,Why is it important for warriors to be acknowledged by their titles and skills?,Acknowledging warriors by their titles and skills serves to inspire confidence and morale among allies.
1,18,Who are the individuals mentioned as blowing their conches?,"The individuals mentioned are the sons of Drupada and Draupadi, and Abhimanyu, the mighty-armed son of Subhadra."
1,18,What is the significance of blowing conches separately by each warrior?,Blowing conches separately signifies the readiness and individual presence of each warrior on the battlefield.
1,18,Why might the verse highlight that each warrior blew their conch separately?,Highlighting that each warrior blew their conch separately emphasizes their individual importance and identity.
1,18,What does the action of blowing conches represent for the sons of Drupada and?,The action of blowing conches represents a call to arms and a signal of readiness for battle.
1,18,How can the act of blowing conches be related to one's own life battles?,"In life, blowing the conch can symbolize announcing one's readiness to face challenges with courage and clarity."
1,19,What effect did the terrible sound have on Dhritarashtra’s sons?,"The terrible sound had a profound impact, as it deeply disturbed the hearts of Dhritarashtra’s sons."
1,19,What two realms echoed with the terrible sound?,The terrible sound echoed through both heaven and earth.
1,19,Why might the sound described in the verse be considered 'terrible' for Dhritarashtra’s sons?,The sound is considered 'terrible' because it signifies the formidable presence and readiness of the opposing forces.
1,19,What does the phrase 'rent the hearts' suggest about the emotional state of Dhritarashtra’s?,The phrase 'rent the hearts' suggests a deep emotional disturbance and fear among Dhritarashtra’s sons.
1,19,How can the reaction of Dhritarashtra’s sons to the sound be seen as a?,The reaction of Dhritarashtra’s sons reflects how external challenges can exacerbate inner turmoil.
1,20,What is the significance of Arjuna having the banner of Hanuman on his chariot?,"The banner of Hanuman on Arjuna's chariot symbolizes strength, courage, and divine protection."
1,20,Who does Arjuna address when he asks to place his chariot between the two?,Arjuna addresses Sri Krishna when he requests that his chariot be placed between the two armies.
1,20,Why does Arjuna want his chariot placed between the two armies?,Arjuna requests his chariot to be placed between the two armies so he can see his opponents clearly.
1,20,Who is referred to as 'the one with the banner of Hanuman'?,'the one with the banner of Hanuman' refers to Arjuna.
1,20,What can we learn about facing challenges from Arjuna's request to Krishna before the?,Arjuna's request to Krishna teaches us the importance of clear vision and understanding before taking action.
1,21,Who is referred to as Hrishikesha?,Hrishikesha refers to Krishna.
1,21,What request does Arjuna make to Krishna?,"Arjuna requests Krishna, who is also referred to as Achyuta."
1,21,Why does Arjuna want his chariot placed in the midst of the armies?,Arjuna wants his chariot placed in the midst of the armies to carefully observe the warriors and identify those with whom he has to engage in battle.
1,21,Who is Arjuna speaking to when he makes his request?,"Arjuna is speaking to Krishna, who is his charioteer and is addressed as Hrishikesha and Achyuta."
1,21,What does Arjuna's request to observe the warriors indicate about his mindset before the?,Arjuna's request to observe the warriors shows that he is cautious and deliberate.
1,22,What action does Arjuna want to take before the battle begins?,Arjuna wants to carefully observe the warriors who are drawn up for battle and see with whom he has to engage in the fight.
1,22,How does Arjuna intend to prepare himself before engaging in the battle according to?,Arjuna intends to prepare himself by observing the warriors who stand ready for battle.
1,22,Why does Arjuna want to observe the warriors on the battlefield before fighting?,Arjuna wants to observe the warriors to assess the opponents he will face in the battle.
1,22,What does Arjuna's request to observe the warriors signify about his state of mind?,Arjuna's request to observe the warriors signifies his cautious and analytical state of mind.
1,22,What can we learn from Arjuna's desire to observe his opponents before battle?,"From Arjuna's desire to observe his opponents, we learn the importance of preparation and understanding in any challenging situation."
1,23,What is Arjuna's intention when he says he wants to scan the well-wishers in?,Arjuna's intention to scan the well-wishers indicates his desire to clearly see and evaluate those who have gathered to support Duryodhana in the battle.
1,23,Who are the 'well-wishers' mentioned by Arjuna?,"The 'well-wishers' referred to by Arjuna are the various kings, princes."
1,23,"Whose perspective is being shared, and what is their main concern?",The perspective of Arjuna is being shared.
1,23,What term does Arjuna use to describe Duryodhana?,Arjuna uses the term 'evil-minded' to describe Duryodhana in this verse.
1,23,How can Arjuna's hesitation before battle relate to the concept of duty without attachment?,Arjuna's hesitation highlights the inner conflict between his duty as a warrior and his emotional attachments to those on the opposing side.
1,24,Who is referred to as Hrishikesha and what action does he take?,Hrishikesha refers to Lord Krishna.
1,24,What does Gudakesha ask Hrishikesha to do?,"Gudakesha, another name for Arjuna, asks Hrishikesha, Lord Krishna."
1,24,"How is the chariot described in this teaching on Thus, and where is it?",'the best chariot' and it is stationed in the midst of the armies.
1,24,Why does Arjuna want his chariot placed in the midst of the armies?,Arjuna wants his chariot placed in the midst of the armies to survey the battlefield and see those gathered to fight.
1,24,What is the significance of Krishna being referred to as Hrishikesha in this context?,"Hrishikesha means 'lord of the senses.' In this context, it highlights Krishna's control over the senses."
1,25,Who are the prominent figures mentioned in Arjuna's statement?,"The prominent figures mentioned are Bhishma and Drona, who are leading all the assembled kings."
1,25,What action does Arjuna take regarding the assembled warriors?,"Arjuna points out the assembled warriors to Krishna, asking him to behold the gathered forces led by Bhishma and Drona."
1,25,Why might Arjuna refer to the assembled warriors in front of Bhishma and Drona?,Arjuna may refer to the assembled warriors to emphasize the formidable nature of the opposing forces.
1,25,Who does Arjuna address as 'O son of Kuru' in his statement?,Arjuna addresses Krishna as 'O son of Kuru' when he asks him to look at the assembled warriors.
1,25,What might be the significance of Arjuna asking Krishna to behold the assembled warriors?,Arjuna asking Krishna to behold the assembled warriors signifies a moment of reflection and assessment of the situation.
1,26,Who does Arjuna see in the armies?,"Arjuna sees his uncles, grand-uncles, teachers, great grand-uncles, maternal uncles, brothers, cousins, sons."
1,26,How does Arjuna react upon seeing his relatives and well-wishers on the battlefield?,Arjuna is deeply troubled and emotionally moved when he sees his relatives and well-wishers on the battlefield.
1,26,Why is the presence of teachers and well-wishers significant to Arjuna?,The presence of teachers and well-wishers is significant because it highlights Arjuna's inner conflict.
1,26,What does Arjuna seeing his family and friends in the armies symbolize?,Arjuna seeing his family and friends symbolizes the deep personal conflict and the tragic nature of war.
1,26,How does Arjuna's vision of his family members on the battlefield relate to the?,Arjuna's vision presents a moral dilemma where his duty as a warrior conflicts with his affection for his family members.
1,27,Who is filled with deep compassion after seeing the relations present?,Arjuna is the one filled with deep compassion after seeing all the relations present on the battlefield.
1,27,How does Arjuna feel when he sees his relatives on the battlefield in Verse?,Arjuna feels overwhelmed with deep compassion and sadness when he sees his relatives assembled on the battlefield.
1,27,Why does Arjuna experience deep compassion upon seeing his relatives in Verse 27?,Arjuna experiences deep compassion because he is confronted with the reality of fighting against his own family and loved ones.
1,27,What does Arjuna's reaction of deep compassion signify?,Arjuna's reaction of deep compassion signifies his inner turmoil and the profound emotional struggle he faces.
1,27,What can we learn from Arjuna's response to seeing his relatives in Verse 27?,Arjuna's response teaches us about the complexity of human emotions and the moral challenges one faces when duty conflicts with personal relationships.
1,28,Why does Arjuna mention his limbs weakening when he sees his kinsmen in battle?,Arjuna's reaction of weakened limbs signifies his deep emotional turmoil and internal conflict.
1,28,What physical symptoms does Arjuna experience?,"Arjuna experiences several physical symptoms: his limbs become weak, his mouth dries up, his body trembles, and he gets goosebumps."
1,28,What does Arjuna say about his mouth?,Arjuna mentions that his mouth is drying up.
1,28,What does Arjuna's trembling body signify in the context of the battlefield?,Arjuna's trembling body signifies his intense emotional conflict and fear about the impending battle.
1,28,How does Arjuna's reaction?,Arjuna's reaction reflects the concept of attachment as he is deeply connected to his family and friends.
1,29,What physical reactions does Arjuna experience?,Arjuna experiences several intense physical reactions.
1,29,Why does Arjuna's mouth dry up?,Arjuna's mouth drying up is a sign of his extreme anxiety and fear.
1,29,What does the shivering of Arjuna's body signify in this context?,The shivering of Arjuna's body signifies his deep inner conflict and fear.
1,29,How can Arjuna's physical reactions be understood in a broader philosophical context?,Arjuna's physical reactions can be seen as a reflection of the human condition when faced with ethical dilemmas and emotional challenges.
1,29,Who is experiencing the physical symptoms described?,The physical symptoms described in this verse are being experienced by Arjuna.
1,30,What is slipping from Arjuna's hand?,"The bow, Gandiva, is slipping from Arjuna's hand."
1,30,What physical sensations is Arjuna experiencing in this moment?,Arjuna feels his skin burning all over and experiences a whirling sensation in his mind.
1,30,Why is Arjuna unable to stand according to this teaching on Gandiva?,"Arjuna is unable to stand because he is overwhelmed with physical and mental turmoil, including his bow slipping."
1,30,How can Arjuna's experience of mental turmoil be related to moments of crisis in?,Arjuna's mental turmoil reflects the human experience of confusion and helplessness in moments of crisis.
1,30,What do Arjuna's physical symptoms signify about his state of mind?,"Arjuna's physical symptoms, such as the slipping of his bow and his skin burning."
1,31,Who is Arjuna addressing when he speaks about omens of evil?,"Arjuna is addressing Kesava, another name for Lord Krishna, when he speaks about omens of evil."
1,31,What does Arjuna see in the omens mentioned?,"Arjuna sees omens of evil and feels that they are unfavorable, indicating that he foresees negative outcomes from the battle."
1,31,Why does Arjuna not see any good in killing his kinsmen according to this?,Arjuna does not see any good in killing his kinsmen because he is overwhelmed by grief and moral confusion.
1,31,What is the significance of Arjuna referring to the omens as 'evil' in the?,The reference to omens as 'evil' signifies Arjuna's inner turmoil and his perception that the battle's consequences will be disastrous.
1,31,How can Arjuna's reluctance to fight his kinsmen relate to the concept of duty?,Arjuna's reluctance to fight his kinsmen illustrates the tension between duty (dharma) and emotion.
1,32,Who is Arjuna addressing when he speaks of not coveting victory or pleasures?,"Arjuna is addressing Krishna when he expresses that he does not covet victory, kingdom, or pleasures."
1,32,Why does Arjuna question the value of kingdom and pleasures in his dialogue with?,Arjuna questions the value of kingdom and pleasures because he is in a state of deep inner conflict about the battle.
1,32,What philosophical dilemma is Arjuna facing when he says he does not desire victory?,Arjuna is facing the dilemma of duty versus desire.
1,32,"What does Arjuna mean by asking 'of what use will kingdom, or luxuries, or?",Arjuna is expressing his disillusionment with material gains in the context of the impending war.
1,32,What specific things does Arjuna say he does not covet in his conversation with?,"Arjuna specifically says he does not covet victory, kingdom, or pleasures."
1,33,Why does the speaker mention the people for whom they desire the throne are?,The speaker is highlighting the internal conflict and emotional turmoil faced by witnessing loved ones and respected individuals.
1,33,What do the people on the battlefield renounce?,The people on the battlefield have renounced both wealth and life itself.
1,33,What are the desires mentioned by the speaker in relation to the throne?,"The speaker mentions coveting the throne, luxuries, and pleasures."
1,33,What can one learn about attachment from the speaker's reflection on the battlefield?,The reflection suggests that attachment to material wealth and pleasures can lead to internal conflicts.
1,33,Who is expressing the sentiment about the desires for the throne and battlefield readiness?,"The sentiment is expressed by Arjuna, who is observing the battlefield and reflecting on the deep conflict within him."
1,34,Who are some of the family members mentioned in the battle?,"The verse mentions teachers, fathers, sons, grandfathers, maternal uncles, fathers-in-law, grandsons, brothers-in-law, and other relatives present in the battle."
1,34,What is the significance of listing family members like teachers and grandfathers?,"The listing of family members such as teachers, fathers, and grandfathers highlights the personal and emotional complexity of the battle."
1,34,Why might the presence of relatives in the battle be troubling for the warriors?,The presence of relatives in the battle is troubling because it creates a conflict between duty and personal relationships.
1,34,What does the mention of various relatives in the battle suggest about the nature?,The mention of various relatives in the battle suggests that the conflict is deeply personal and affects entire families.
1,34,How does the presence of family members in the battle relate to the concept?,"The presence of family members in the battle highlights the Bhagavad Gita's exploration of duty, or 'dharma'."
1,35,Who is referred to as the 'Slayer of Madhu'?,The 'Slayer of Madhu' refers to Lord Krishna.
1,35,What does Arjuna express his unwillingness to do?,Arjuna expresses his unwillingness to kill his relatives.
1,35,Why does Arjuna mention the 'throne of the three worlds' in his lament?,Arjuna mentions the 'throne of the three worlds' to highlight the vastness of what he is willing to renounce.
1,35,What lesson can be learned from Arjuna's reluctance to fight for earthly lordship?,Arjuna's reluctance teaches the value of compassion and the importance of prioritizing moral and ethical values over material gains.
1,35,"What does Arjuna's statement about not wanting to kill, even if killed himself, signify?",Arjuna's statement signifies his profound commitment to non-violence and his inner turmoil.
1,36,Who is Arjuna addressing when he expresses concern about slaying the sons of Dhritarashtra?,"Arjuna is addressing Krishna, also referred to as Janardana, when he expresses his concern about slaying the sons of Dhritarashtra."
1,36,What sentiment does Arjuna express towards killing the sons of Dhritarashtra?,Arjuna expresses a sentiment of despair and moral conflict.
1,36,Why does Arjuna refer to the sons of Dhritarashtra as 'desperadoes'?,Arjuna refers to the sons of Dhritarashtra as 'desperadoes' because he sees them as aggressors who are unjustly pursuing war.
1,36,What is the implication of Arjuna's question about happiness in killing the sons of?,Arjuna's question implies that true happiness cannot be achieved through violence and sin.
1,36,How does Arjuna's concern about sin reflect a broader philosophical dilemma?,Arjuna's concern about sin reflects the broader philosophical dilemma of duty versus morality.
1,37,Who does Arjuna refer to as 'sons of Dhritarashtra'?,"Arjuna refers to the Kauravas, who are the sons of Dhritarashtra and his kinsmen."
1,37,Why does Arjuna question the happiness resulting from killing his kinsmen?,Arjuna questions the happiness that might come from killing his kinsmen because he feels that material gains or victories cannot compensate for the loss of family and the moral burden of killing relatives.
1,37,What is the emotional state of Arjuna?,Arjuna is troubled and filled with moral and emotional dilemmas.
1,37,What is the significance of the term 'Madhava' used by Arjuna to address Krishna?,The term 'Madhava' is a respectful and affectionate name for Krishna.
1,37,How does Arjuna's reluctance to fight relate to the broader theme of duty in?,Arjuna's reluctance to fight highlights the tension between personal emotions and societal duties.
1,38,What does 'minds blinded by greed' imply about the people Arjuna is referring to?,The phrase 'minds blinded by greed' suggests that these individuals are unable to see the consequences of their actions due to their overwhelming desire for wealth or power.
1,38,What are the consequences Arjuna mentions when he talks about 'destroying their own race'?,Arjuna refers to the grave consequences of destroying one's own race.
1,38,What sin is mentioned in connection with 'mitradohe'?,The term 'mitradohe' refers to the sin of betraying or harming friends.
1,38,Why does Arjuna mention that some people do not perceive evil in their actions?,"Arjuna points out that some people, due to their greed, fail to perceive the evil in their actions."
1,38,"How does greed affect one's ability to discern right from wrong, as seen?","Greed can cloud one's judgment, making it difficult to discern right from wrong."
1,39,Why is the destruction of one's family considered a sin by Arjuna?,Arjuna considers the destruction of one's family as a sin because it leads to the breakdown of family traditions and values.
1,39,What dilemma is Arjuna facing?,Arjuna is facing a moral dilemma about participating in the battle.
1,39,How does the concern for family destruction in Verse 39 relate to the concept?,"The concern for family destruction is deeply tied to the concept of dharma, which represents duty and moral order."
1,39,What does Arjuna mean by 'turning away from this crime' in the context of?,By 'turning away from this crime'.
1,39,Who is Arjuna addressing in Verse 39 and why does he seek guidance?,Arjuna is addressing Lord Krishna in this verse.
1,40,What is meant by 'age-long family traditions'?,"The 'age-long family traditions' refer to the customs, values, and practices handed down through generations within a family."
1,40,How does the destruction of a family lead to vice taking hold according to?,"When a family is destroyed, the longstanding traditions and values that uphold virtue are lost."
1,40,Why is the preservation of family traditions considered important in maintaining virtue?,Family traditions act as a foundation for instilling values and ethical behavior in individuals.
1,40,What happens when 'virtue' is lost?,"When virtue is lost, vice begins to take hold of the entire race."
1,40,What is the significance of 'adharma' overtaking a family as mentioned?,"The overtaking of a family by 'adharma' signifies a shift from righteousness to unrighteousness, leading to moral decay."
1,41,What consequence does Arjuna describe as resulting from the corruption of women?,Arjuna describes that when women of the family become corrupt due to the prevalence of vice.
1,41,Who does Arjuna address when he speaks of the corruption of family women and?,"Arjuna addresses Krishna, referring to him as the descendant of Vrsni."
1,41,Why does Arjuna emphasize the role of women in maintaining the purity of the?,Arjuna emphasizes the role of women because they are seen as the bearers and nurturers of family values and traditions.
1,41,What does 'intermixture of castes' signify in the context of Arjuna's concerns?,"The 'intermixture of castes' signifies a breakdown in the traditional social order, where established caste boundaries are blurred."
1,41,How does the concept of 'vice' leading to societal decay relate to broader moral?,"The concept of vice leading to societal decay highlights the importance of dharma, or righteous conduct, in maintaining social harmony."
1,42,What is mentioned about the consequences of admixture of blood?,The verse states that admixture of blood leads to the destruction of the race and the damning of both the destroyers and the race itself.
1,42,Why does the verse mention that the manes of the race fall due to?,"The verse suggests that traditional offerings, such as Sraddha and Tarpana, are crucial for the well-being of departed ancestors."
1,42,What does 'lupthapindodakakriya' imply in the context of the verse?,The term 'lupthapindodakakriya' refers to the cessation of essential rituals like offering rice and water to ancestors.
1,42,How does the concept of family duty reflect on the individual's responsibility?,The verse reflects the individual's responsibility to uphold family traditions and rituals as a means of maintaining not just familial harmony but also spiritual continuity.
1,42,Who is the speaker conveying the message about the admixture of blood?,The message in this verse is conveyed by Arjuna.
1,43,What are the consequences mentioned in the verse regarding the intermixture of castes?,The verse mentions that the intermixture of castes leads to the extinction of age-long caste traditions and family customs.
1,43,What is the impact of the 'evils' on family customs?,"The evils, which bring about the intermixture of castes."
1,43,Why does the verse refer to the intermixture of castes as an 'evil'?,The verse refers to the intermixture of castes as an 'evil' because it disrupts the established social order and leads to the loss of traditional values and customs that have been preserved over generations.
1,43,What does 'kula-dharma' refer to in the context of the verse?,'Kula-dharma' refers to the family customs and duties that have been passed down through generations.
1,43,How does the verse highlight the importance of maintaining traditions and customs?,The verse emphasizes the importance of maintaining traditions and customs by illustrating the negative consequences of their loss.
1,44,What consequence is mentioned for those who have lost their family traditions?,The verse mentions that men who have lost their family traditions dwell in hell for an indefinite period of time.
1,44,Who is being addressed as Janārdana?,Krishna is being addressed as Janārdana in this verse.
1,44,Why does Arjuna mention that people dwell in hell for an indefinite period?,Arjuna mentions this to emphasize the grave consequences of losing family traditions.
1,44,What does the term 'family traditions' signify in this context?,In this context.
1,44,How does the fear of dwelling in hell reflect Arjuna's inner conflict?,The fear of dwelling in hell reflects Arjuna's deep moral and ethical dilemma.
1,45,What emotion does the speaker express when mentioning 'Oh what a pity!'?,The speaker expresses a deep sense of regret and sorrow.
1,45,Why does the speaker in the verse consider their actions as 'a great sin'?,The speaker considers their actions as 'a great sin' because they are preparing to kill their own kin out of desire for kingdom and pleasure.
1,45,What is meant by 'possessed of intelligence'?,The phrase 'possessed of intelligence' means that the speaker and those involved are aware and capable of understanding the consequences of their actions.
1,45,How can one avoid succumbing to 'lust for kingdom and pleasure' as mentioned?,"To avoid succumbing to such desires, one can practice self-reflection and mindfulness."
1,45,Who is experiencing the internal conflict about committing a sin?,"The internal conflict is experienced by Arjuna, a key warrior in the battle."
1,46,Who would Arjuna prefer to be killed by in battle?,Arjuna would prefer to be killed by the sons of Dhritarashtra while he is unarmed and unresisting.
1,46,What is Arjuna's state of mind when he says he would rather be killed?,Arjuna is in a state of deep inner conflict and despair.
1,46,Why does Arjuna consider being killed unarmed by the sons of Dhritarashtra to be?,Arjuna considers being killed unarmed better because he is deeply distressed about the idea of fighting and killing his own family members.
1,46,What does Arjuna's willingness to die unresisting suggest about his values?,Arjuna's willingness to die unresisting suggests that he values peace and familial bonds over victory and honor in battle.
1,46,How does Arjuna's perspective on battle challenge the traditional warrior ethos?,"Arjuna's perspective challenges the traditional warrior ethos, which emphasizes valor, duty, and honor in battle."
1,47,What action does Arjuna take after speaking to Sanjaya?,"After speaking to Sanjaya, Arjuna sets aside his bow and arrows and sits down on the chariot’s seat."
1,47,How is Arjuna's state of mind described when he sits on the chariot?,Arjuna's state of mind is described as overwhelmed with grief when he sits on the chariot.
1,47,What might Arjuna's action of setting aside his bow and arrows signify?,Arjuna setting aside his bow and arrows signifies his inner turmoil and reluctance to fight.
1,47,"Who is the speaker mentioned in Chapter 1, Verse 47, and what is their?","The speaker mentioned is Sanjaya, who is narrating the events of the battlefield to King Dhritarashtra."
1,47,What does Arjuna's grief?,Arjuna's grief teaches us that even the strongest can feel overwhelmed by difficult decisions.
2,1,Who is described as speaking to Arjuna?,"It is Sri Krishna, also known as Madhusudana, who is about to speak to Arjuna."
2,1,What is the state of Arjuna's eyes as described by Sanjaya?,"Sanjaya describes Arjuna's eyes as being filled with tears and agitated, indicating his deep sorrow and emotional turmoil."
2,1,How does Sanjaya describe Arjuna's emotional state before Krishna speaks?,Sanjaya describes Arjuna as being overwhelmed with pity and full of sorrow.
2,1,Why might Arjuna be described as 'full of sorrow' at this point in the?,Arjuna is described as 'full of sorrow' because he is conflicted about fighting in the battle.
2,1,What significance does the title 'Madhusudana' have when referring to Krishna?,The title 'Madhusudana' refers to Krishna as the slayer of the demon Madhu.
2,2,Who addresses Arjuna and questions his state of mind?,"It is Sri Bhagavan, or Lord Krishna, who addresses Arjuna and questions his state of mind."
2,2,Why does Krishna refer to Arjuna's state as 'infatuation' at this critical moment?,"Krishna refers to Arjuna's state as 'infatuation' because Arjuna is overwhelmed by emotions and confusion, which are clouding his judgment."
2,2,What are the consequences mentioned for the infatuation that has overtaken Arjuna?,"The consequences of Arjuna's infatuation, as mentioned by Krishna, include it being shunned by noble souls."
2,2,What does Krishna imply by stating that Arjuna's behavior is 'shunned by noble souls'?,Krishna implies that the behavior Arjuna is exhibiting is not in line with the conduct of honorable and wise individuals.
2,2,How does Krishna's questioning of Arjuna relate to the concept of duty in life?,"Krishna's questioning of Arjuna highlights the importance of adhering to one's duty, despite personal emotions and confusion."
2,3,To whom is Krishna speaking when he mentions 'unmanliness'?,Krishna is speaking to Arjuna when he mentions 'unmanliness'.
2,3,What does Krishna mean by 'yield not to unmanliness' in the context of this?,Krishna is urging Arjuna not to succumb to weakness or cowardice.
2,3,Why does Krishna call Arjuna 'scorcher of enemies'?,Krishna calls Arjuna 'scorcher of enemies' to remind him of his true nature and previous valor on the battlefield.
2,3,What is the significance of the phrase 'shaking off this paltry faint-heartedness' in Krishna's?,The phrase signifies that Krishna wants Arjuna to discard his current feelings of inadequacy and fear.
2,3,How does Krishna's advice to 'stand up' relate to the concept of duty in?,"Krishna's advice to 'stand up' is a call to action, emphasizing the importance of duty, or 'dharma'."
2,4,Who does Arjuna express hesitation about fighting against?,Arjuna expresses hesitation about fighting against Bhishma and Drona.
2,4,Why does Arjuna refer to Bhishma and Drona as worthy of reverence in the?,Arjuna refers to Bhishma and Drona as worthy of reverence because they are his elders and teachers.
2,4,What does Arjuna's question to Krishna reveal about his inner conflict?,Arjuna's question reveals his inner conflict between his duty as a warrior and his personal feelings of reverence towards Bhishma and Drona.
2,4,Who is Arjuna addressing as 'Madhusudana' and 'Arisudana' in this conversation?,Arjuna is addressing Krishna as 'Madhusudana' and 'Arisudana'.
2,4,What deeper meaning can be drawn from Arjuna's reluctance to fight Bhishma and Drona?,The deeper meaning of Arjuna's reluctance highlights the moral and ethical dilemmas faced in life and the struggle between duty and personal values.
2,5,Why does Arjuna consider living on alms better than killing his teachers?,Arjuna believes that killing his revered teachers for material gains would lead to enjoyment tainted with guilt and bloodshed.
2,5,What does Arjuna say about the consequences of killing his teachers?,Arjuna expresses that if he were to kill his teachers.
2,5,What philosophical dilemma is Arjuna facing when he mentions the blood-stained wealth?,Arjuna is grappling with the moral conflict between his duty as a warrior and his personal values.
2,5,What does Arjuna mean by 'blood-stained wealth and pleasures'?,Arjuna refers to the idea that any wealth or pleasures obtained through the act of killing his revered teachers would be tainted with their blood.
2,5,Who is expressing the dilemma about killing teachers and why?,It is Arjuna who is expressing this dilemma.
2,6,Who are described as standing in the enemy ranks?,The verse describes the sons of Dhritarashtra as standing in the enemy ranks.
2,6,What dilemma does the speaker express about fighting or not fighting?,The speaker expresses uncertainty about whether it is better to fight or to avoid fighting.
2,6,Why does the speaker say they do not wish to live after killing the?,The speaker feels such sorrow and moral conflict about fighting against their own kin that killing them would bring no joy or desire to continue living.
2,6,What philosophical conflict about victory and defeat is expressed?,The verse reflects the uncertainty of outcomes in conflict—neither victory nor defeat is assured or clearly preferable.
2,6,"Who is the speaker expressing the thoughts in this teaching on Those, and what?","The speaker is Arjuna, who is expressing deep confusion and sorrow before the battle."
2,7,Who is the speaker expressing faint-heartedness and seeking instruction?,"The speaker in this verse is Arjuna, who humbly admits his weakness and confusion about his duty."
2,7,What does the phrase 'tainted by the vice of faint-heartedness' signify?,"The phrase highlights Arjuna's admission of being overcome by fear, doubt, and hesitation, which cloud his judgment and resolve."
2,7,Why does Arjuna describe his mind as 'puzzled with regard to duty'?,Arjuna's mind is confused because he is caught between conflicting emotions and duties—his loyalty to his kin and his responsibilities as a warrior.
2,7,How does this teaching on Duty illustrate the process of surrender and learning in?,This verse exemplifies the humility required in spiritual growth.
2,7,"What is the significance of Arjuna saying, 'I am Your disciple, Pray instruct me'?","Arjuna explicitly acknowledges his role as a disciple, indicating readiness to learn and transform."
2,8,What does the speaker say about the sorrow of his senses?,The speaker says that he does not see anything that can remove the sorrow of his senses.
2,8,What worldly attainments does the speaker mention?,"The speaker mentions gaining the kingdom on earth, the wealth of the earth, and the lordship over the gods."
2,8,Why does the speaker feel that even attaining the lordship of the gods cannot?,The speaker indicates that external achievements and material possessions cannot alleviate the deep sorrow of the senses.
2,8,What is the significance of the phrase 'sorrow of my senses' in the context?,"The 'sorrow of my senses' refers to the suffering caused by attachment, loss, and desires related to sensory experiences."
2,8,How does this verse reflect on the relationship between external achievements and internal peace?,"This verse teaches that external achievements such as kingdoms, wealth, and power, even over divine beings, cannot guarantee internal peace."
2,9,Who is the speaker narrating Arjuna's words to Krishna?,"The speaker is Sanjaya, who narrates the events of the battlefield to King Dhritarashtra."
2,9,What exact words does Arjuna use to express his decision about fighting?,"Arjuna explicitly says to Krishna, 'I will not fight,' and then becomes silent."
2,9,How does Arjuna's behavior change after he tells Krishna he will not fight?,"After declaring that he will not fight, Arjuna becomes silent."
2,9,Why might Arjuna choose to remain silent after saying he will not fight?,Arjuna's silence likely reflects his inner struggle with the moral and emotional consequences of the battle.
2,9,What does Arjuna’s statement 'I will not fight' reveal about human hesitation in the?,Arjuna’s statement reveals the natural human hesitation when confronted with difficult duties that challenge personal values and attachments.
2,10,Who is described as smiling and speaking to Arjuna?,"The verse attributes the action to Sri Krishna, who is described as smiling and addressing Arjuna."
2,10,What is the setting described in the verse where Krishna addresses Arjuna?,"The setting is between two armies, indicating the battlefield before the great war."
2,10,Why might Krishna be smiling while addressing a sorrowing Arjuna between the two armies?,Krishna's smile can be seen as a sign of reassurance and calmness in the face of Arjuna's despair.
2,10,What is the significance of Krishna speaking 'in the midst of the two armies'?,This phrase emphasizes that Krishna's guidance comes at the crucial moment of conflict.
2,10,How does Krishna's approach to Arjuna's sorrow?,Krishna's gentle and smiling speech amidst sorrow teaches that one can face grief with composure and hope.
2,11,Who is addressing Arjuna and what is the main message given?,"Sri Bhagavan, referring to Lord Krishna, is addressing Arjuna."
2,11,"According to the verse, who does Arjuna grieve over and why does Krishna say?",Arjuna grieves over those who have passed away (the dead) and those who are still alive.
2,11,What does the phrase 'wise men do not sorrow over the dead or the?,This phrase implies that true wisdom involves recognizing the impermanence of the physical body and the eternal nature of the soul.
2,11,How does this teaching on Arjuna guide one to manage emotional suffering caused by?,The verse guides us to cultivate detachment and to view life and death with equanimity.
2,11,Why might Krishna say that Arjuna speaks 'like the learned' yet still grieves incorrectly?,Krishna acknowledges that Arjuna uses learned words and expresses sorrow in a way that seems wise.
2,12,"What does Krishna say about the existence of himself, Arjuna, and the kings in?","Krishna states that there never was a time when he, Arjuna, or these kings did not exist."
2,12,What is the significance of Krishna saying 'Nor is it a fact that hereafter?,This statement implies that the soul or true self is eternal and does not perish after death.
2,12,How can one understand the idea of never having 'not been' in relation to?,"This suggests that the essence of our being is timeless and continuous, beyond the changes of body and mind."
2,12,"What philosophical concept does Krishna convey by saying that neither he, Arjuna, nor the?",Krishna conveys the concept of the eternal soul (Ātman) that is indestructible and beyond the cycles of birth and death.
2,12,Who is the speaker of the verse that declares the eternal existence of self?,"Krishna is the speaker, imparting this wisdom to Arjuna."
2,13,What stages of life are mentioned as experienced by the soul through the body?,"The verse mentions boyhood, youth, and old age as the stages experienced by the soul through the body."
2,13,What does the verse imply about the soul's relationship to different bodies?,The verse implies that just as the soul experiences various stages of life in one body.
2,13,Why does the verse say that the wise man does not get deluded about?,The wise man understands the impermanent nature of the physical body and recognizes the soul as eternal.
2,13,How can understanding the soul's transition from one body to another affect one's approach?,Recognizing that the soul continues beyond the death of one body can reduce fear of death and attachment to the physical form.
2,13,"Who is conveying the truth about the soul's passage through boyhood, youth, old age?",Lord Krishna imparts this knowledge to Arjuna during the Bhagavad Gita discourse.
2,14,What does Krishna say about the nature of contacts between the senses and their?,"Krishna explains that the contacts between the senses and their objects, which cause sensations such as heat, cold."
2,14,"How does Krishna describe the feelings of heat, cold, pleasure, and pain in relation?",Krishna describes these feelings as results of the interaction between the senses and their objects.
2,14,"Why does Krishna advise Arjuna to tolerate the feelings caused by sense contact, such?",Krishna advises tolerance because these sensations are temporary and constantly changing.
2,14,What practical lesson about dealing with pleasure and pain can we learn from Krishna's?,"The practical lesson is to develop patience and endurance when facing pleasure or pain, knowing they will not last forever."
2,14,What does this teaching on Arjuna suggest about the relationship between the body’s sensory?,"That sensory experiences are superficial and temporary, linked only to the physical body."
2,15,Who is described as 'fit for immortality'?,The person described as 'fit for immortality' is the one who remains undisturbed by pain and pleasure.
2,15,What does the phrase 'pain and pleasure are the same' imply about the wise?,"The phrase means that the wise person maintains equanimity, not getting elated by pleasure or depressed by pain."
2,15,How does being 'not disturbed by the contacts of the senses and their objects'?,"When a person is not disturbed by sensory contacts, they transcend the temporary fluctuations of the external world."
2,15,What is the significance of 'immortality' in the context of this teaching on Arjuna?,Immortality here refers to the spiritual liberation or eternal existence of the soul beyond physical birth and death.
2,15,Why does the verse call the person who sees 'pain and pleasure as the?,This title honors the individual's supreme mental discipline and detachment.
2,16,What does the verse say about the existence of the unreal and the real?,The verse states that the unreal has no existence and the real never ceases to be.
2,16,What is the significance of the phrase 'the reality of both has thus been?,"This phrase indicates that wise and enlightened individuals, who see beyond superficial appearances, understand the true nature of reality."
2,16,How does the verse address the nature of existence and non-existence?,The verse philosophically asserts a duality between what is real and unreal by stating that the unreal does not truly exist.
2,16,Why might the verse emphasize that the unreal has no existence and the real?,This emphasis serves to comfort and guide individuals by reminding them that temporary difficulties and illusions do not have ultimate reality.
2,16,"Who are the 'seers of truth' mentioned in the verse, and what is their?",The 'seers of truth' refers to enlightened sages or wise individuals who have attained spiritual insight.
2,17,What is described as 'indestructible' and pervading all?,The verse describes the entity that pervades all things as indestructible.
2,17,What does the phrase 'No one is able to destroy that imperishable entity' signify?,This phrase signifies the eternal nature of the soul or the ultimate reality.
2,17,How can understanding the indestructibility of the entity help one in facing life's challenges?,Recognizing that the true self or soul is indestructible can help one face difficulties without fear or despair.
2,17,Why does the verse stress that 'all this' is pervaded by the indestructible entity?,"The verse points out that the imperishable essence is present in everything, indicating the unity and interconnectedness of all existence."
2,17,Who is the speaker of this teaching on Know and what is the context?,"The speaker of this verse is Lord Krishna, who imparts this wisdom to Arjuna on the battlefield of Kurukshetra."
2,18,What is described as imperishable and indestructible?,The verse describes the soul or the inner self as imperishable and indestructible.
2,18,What does the verse say about the relationship between the body and the soul?,"The verse explains that the bodies we inhabit are perishable and temporary, whereas the soul within is eternal and unchanging."
2,18,"Why does the verse advise Arjuna to fight, given the nature of the soul?",Since the soul is eternal and cannot be destroyed.
2,18,How does understanding the imperishable nature of the soul help one face challenges in?,"Recognizing that the soul is eternal and beyond physical destruction can reduce fear of loss, death, and change."
2,18,Who is the speaker explaining the imperishable nature of the soul?,Lord Krishna is speaking to Arjuna on the battlefield.
2,19,What is said about the soul's ability to be killed or to kill?,The verse states that the soul itself neither kills anyone nor can it be killed by anyone.
2,19,What does the verse imply about the nature of the body compared to the?,"The verse implies that while the physical body is perishable and subject to death, the soul is imperishable and eternal."
2,19,How might understanding that the soul cannot be killed influence Arjuna's decision to fight?,Knowing the soul is immortal can help Arjuna overcome his fear of killing opponents.
2,19,What philosophical view about life and death does this teaching on Arjuna convey?,The verse conveys a dualistic view separating the physical body from the eternal soul.
2,19,"Who is being addressed in this teaching on Arjuna, and what is the speaker's?","The speaker is Lord Krishna, addressing Arjuna."
2,20,What does the verse state about the soul's birth and death?,The verse states that the soul is never born nor does it die.
2,20,How is the soul described in terms of its characteristics?,"Unborn, eternal, everlasting, and ancient."
2,20,How can understanding the soul's immortality help someone facing loss?,Understanding that the soul is immortal can provide comfort during loss.
2,20,Why is the concept of an eternal soul significant in one's spiritual journey?,The concept of an eternal soul is significant because it shifts focus from temporary material existence to a deeper spiritual understanding.
2,20,In what way does the verse suggest that the soul is unaffected by physical?,"The verse suggests that although the body can be slain, the soul is not harmed."
2,21,Who is Arjuna being referred to by Krishna?,Arjuna is being addressed by Krishna.
2,21,What qualities of the soul are mentioned?,"The verse describes the soul as imperishable, eternal, unborn, and unchanging."
2,21,Why does Krishna emphasize the soul's imperishable nature to Arjuna?,Krishna emphasizes the soul's imperishable nature to Arjuna to help him understand that the physical body is temporary.
2,21,How can understanding the eternal nature of the soul influence one's actions in life?,Understanding the eternal nature of the soul can lead to a sense of detachment from material concerns and fears.
2,21,What is implied by Krishna's question about causing to be killed or killing?,Krishna's rhetorical question about causing to be killed or killing implies that if one truly understands the soul's eternal nature.
2,22,How is the process of the soul changing bodies described?,The verse describes the soul's transition from one body to another as similar to a person changing clothes.
2,22,What is the significance of comparing bodies to garments?,The comparison of bodies to garments signifies the temporary and external nature of the physical form.
2,22,Why might Krishna use the metaphor of worn-out garments to explain the soul's journey?,"Krishna uses the metaphor of worn-out garments to simplify a complex spiritual concept, making it relatable and easy to understand."
2,22,What philosophical insight can be drawn from the analogy of changing clothes with respect?,The analogy of changing clothes offers a profound insight into the nature of existence.
2,22,What action does the 'embodied soul' take according to the verse?,"According to the verse, the 'embodied soul' casts off worn-out bodies and enters into new ones."
2,23,What elements are mentioned in the verse that cannot affect the soul?,"The verse mentions weapons, fire, water, and wind as the elements that cannot affect the soul."
2,23,How is the nature of the soul described in relation to physical elements?,Invulnerable to physical elements.
2,23,"Why might the soul be described as impervious to weapons, fire, water, and wind?",Impervious to these elements to illustrate its eternal and indestructible nature.
2,23,How can understanding the soul's indestructibility help one overcome fear?,Understanding the soul's indestructibility can help one overcome fear by realizing that the true self is eternal and unaffected by physical harm.
2,23,What is being conveyed about the soul's nature when it says the soul cannot?,"The verse conveys that the soul is beyond the reach of any physical forces, emphasizing its eternal, unchanging."
2,24,How is the soul described in terms of its interaction with elements like fire?,Being immune to external elements.
2,24,What qualities of the soul are mentioned that indicate its permanence and stability?,"Eternal, omnipresent, immovable, constant, and everlasting."
2,24,Why might the verse emphasize the soul's imperviousness to physical damage?,The emphasis on the soul's imperviousness to physical damage serves to reassure individuals of their true nature beyond the physical body.
2,24,How can understanding the soul as described?,Understanding the soul as indestructible and eternal can provide a sense of peace and detachment from worldly troubles.
2,24,What does it mean for the soul to be described as 'omnipresent' and 'eternal'?,"Describing the soul as 'omnipresent' suggests its presence everywhere, not confined to any single place or form."
2,25,What three qualities are attributed to the soul by Krishna?,"Krishna describes the soul as unmanifest, unthinkable, and immutable."
2,25,"What does it mean when Krishna calls the soul 'avyakta', or unmanifest?",When Krishna calls the soul 'unmanifest'.
2,25,Why does Krishna advise Arjuna not to grieve after explaining the soul's qualities as?,"Krishna advises Arjuna not to grieve because, understanding that the soul is unchangeable and beyond comprehension."
2,25,How can recognizing the soul as 'immutable' help someone deal with loss or change?,Recognizing the soul as immutable helps one understand that the essence of a person or being remains untouched by external events or physical transformations.
2,25,"How is the soul described as 'achintya', or unthinkable, and what does this suggest?","'unthinkable', meaning it cannot be fully comprehended or captured by the mind or reasoning."
2,26,Who is Krishna addressing as 'Mahabaho' and what is the significance of this address?,"Krishna is addressing Arjuna as 'Mahabaho', which means 'mighty-armed one'."
2,26,"According to this teaching on Arjuna, what are the three actions people take in?",The verse describes three actions as marvellous regarding the soul: some people see the soul as marvellous.
2,26,"What does it mean when Krishna says, 'Hardly anyone perceives this soul as marvellous'?",When Krishna says that hardly anyone perceives the soul as marvellous.
2,26,Why does Krishna suggest that even if the soul is constantly born and dying?,"Krishna suggests that if, hypothetically, the soul were subject to constant birth and death, grieving would still be unnecessary."
2,26,"How does the description of the soul as something 'heard of, spoken about, and?",The description encourages a seeker to approach self-knowledge with humility and wonder.
2,27,What two inevitable events does Krishna mention regarding life and death?,"Krishna mentions that death is certain for anyone who is born, and rebirth is inevitable for anyone who dies."
2,27,How does Krishna describe the nature of death and rebirth in the verse using?,"Krishna uses the term 'dhruva', meaning 'certain' or 'fixed'."
2,27,Why does Krishna advise Arjuna not to grieve over the inevitable process of birth?,Krishna advises Arjuna not to grieve because sorrow over inevitable events does not change their outcome.
2,27,What practical lesson can be drawn from Krishna's statement that death and rebirth are?,The practical lesson is to develop acceptance and detachment regarding the cycles of life and death.
2,27,How does the concept of inevitability in this verse address common human fears about?,"The verse teaches that loss and change, embodied by death and rebirth, are universal and unavoidable."
2,28,What does Krishna say about the state of beings before birth and after death?,"Krishna explains that before birth, beings are unmanifest and not perceivable to human senses."
2,28,How does the word 'unmanifest' relate to the cycle of existence described to Arjuna?,The term 'unmanifest' refers to the condition where living beings are not visible or accessible to our physical senses.
2,28,Why does Krishna ask 'What is there to grieve about?' in relation to beings?,Krishna challenges the basis of Arjuna's sorrow by pointing out that existence as we perceive it is temporary.
2,28,What practical lesson can someone learn from the phrase 'only in the middle are?,This phrase teaches us that our apparent individuality and presence in this world are temporary.
2,28,How does the concept of beings cycling between the unmanifest and manifest challenge ordinary?,This concept invites us to see life and death not as absolute beginnings or endings.
2,29,"How is the soul described by those who perceive, speak, or hear about it?","Marvellous by those who perceive it, speak of it, or hear about it."
2,29,How do people react when they hear about the soul as mentioned in the?,Most people regard the soul as something extraordinary and mysterious when they hear about it.
2,29,"Why does the verse state that even after hearing about the soul, some do?",The verse suggests that understanding the soul requires more than just hearing words; it requires deep realization and insight.
2,29,What does the word 'āścaryavat' (marvellous) imply about the nature of the soul in?,"The word 'āścaryavat' implies that the soul is extraordinary, mysterious, and beyond ordinary human experience."
2,29,"Why is it that only a rare person truly understands the soul, according to?",True understanding of the soul is rare because it transcends sensory perception and intellectual reasoning.
2,30,What does Krishna refer to as 'dehi' and what quality does he attribute to?,"Krishna refers to the soul as 'dehi', meaning the indweller or the one who inhabits the body."
2,30,"Who is Krishna addressing when he speaks about the soul's immortality, and why is?","Krishna is addressing Arjuna, who is grieving over the thought of killing his loved ones in battle."
2,30,What is the meaning of 'not mourn for anyone' as advised by Krishna in?,"Krishna advises that mourning is unnecessary because the soul, which is the true essence of every being."
2,30,Why does Krishna emphasize that the soul residing in all bodies is 'never slain'?,Krishna emphasizes the soul's indestructibility to help Arjuna rise above his sorrow and confusion about killing in battle.
2,30,How can knowledge of the soul's eternal nature help someone facing the loss of?,Understanding that the soul is eternal and cannot be destroyed provides comfort during times of loss.
2,31,What specific duty does Krishna urge Arjuna to consider when facing the battle?,"Krishna urges Arjuna to consider his duty as a Kshatriya, a warrior."
2,31,How does the phrase 'righteous war' define what is expected of a Kshatriya?,"The phrase 'righteous war' refers to a battle fought for a just cause, upholding moral and ethical principles."
2,31,What does Krishna mean when he says there is 'nothing superior' for a warrior?,"Krishna means that, for a warrior."
2,31,Why does Krishna tell Arjuna that he should not waver when considering his 'swadharma'?,Krishna tells Arjuna not to waver because acting according to one's own dharma leads to inner harmony and supports the greater good.
2,31,"How can the idea of performing one's duty without hesitation, as described in this?",The verse teaches that clarity comes from understanding and embracing one's rightful responsibilities.
2,32,Who does Krishna address as 'Partha' and what is the significance of this address?,"Krishna addresses Arjuna as 'Partha', which is another name for Arjuna, indicating his lineage as the son of Pritha (Kunti)."
2,32,What is meant by 'unsolicited opportunity for war' as described?,The 'unsolicited opportunity for war' refers to a battle that comes to a warrior without being sought after or planned for personal gain.
2,32,How does this teaching on Arjuna describe the connection between war and the 'doors?,"The verse explains that for Kshatriyas, or warrior class."
2,32,What does the term 'sukhinaḥ' (happy) imply about the mindset of Kshatriyas who receive?,The term 'sukhinaḥ' indicates that Kshatriyas who are presented with such a battle should feel fortunate and joyful.
2,32,Why does Krishna suggest that only 'fortunate' Kshatriyas encounter a battle that opens the?,Krishna suggests that only the fortunate encounter such a battle because not every warrior gets the chance to perform their highest duty in a way that leads to spiritual progress.
2,33,What are the consequences Krishna describes if Arjuna does not participate in the righteous?,Krishna explains that if Arjuna refuses to fight in the righteous battle.
2,33,Who is reminding Arjuna about the importance of svadharma and reputation?,"It is Krishna who is addressing Arjuna, emphasizing the significance of fulfilling one's own duty (svadharma) and maintaining reputation."
2,33,What does the term 'svadharma' refer to in the context of this teaching on?,'Svadharma' refers to one's own prescribed duty according to their nature or role in life.
2,33,Why does Krishna say that refusing to fight in the dharmic battle leads to?,Krishna explains that neglecting one's duty in the face of righteousness is a form of moral failure.
2,33,How can a person apply the teaching about duty and reputation from this teaching?,"One can reflect on the importance of fulfilling their responsibilities, even when faced with challenges or doubts."
2,34,What consequence does Krishna mention regarding infamy for someone who is held in esteem?,"Krishna states that for a person who is respected, infamy or dishonor is worse than death."
2,34,How does Krishna describe the effect of public opinion on a respected individual?,Krishna explains that public opinion can have a profound impact on a person's sense of self-worth and legacy.
2,34,Why does Krishna say that infamy is 'worse than death' for someone with honor?,Krishna highlights that for honorable individuals.
2,34,What is the meaning of the phrase 'undying infamy' as used by Krishna?,'Undying infamy' refers to a lasting or permanent mark of shame that persists over time.
2,34,How can one deal with the fear of public dishonor as discussed?,Dealing with the fear of public dishonor involves focusing on performing one's duty with sincerity and integrity.
2,35,Who is Krishna referring to when he mentions 'the warrior-chiefs' and what is their?,Krishna is referring to the great warriors and respected leaders on the battlefield.
2,35,What does Krishna say will happen to Arjuna's reputation among those who previously thought?,"Krishna explains that if Arjuna leaves the battlefield, those who once respected him will now think less of him."
2,35,How does the concept of 'fear' influence the perception of Arjuna's actions according to?,Krishna emphasizes that the perception of fear plays a critical role in how Arjuna's actions will be interpreted.
2,35,Why does Krishna stress the importance of others' opinions about Arjuna in the context?,"Krishna brings attention to the way society and peers judge one's actions, especially among warriors who value bravery above all."
2,35,What lesson about self-image and external judgment can be drawn from Krishna's warning about?,"Krishna's words teach that actions are often judged by others based on appearances, not always on inner motives."
2,36,What will Arjuna's enemies do if he avoids battle?,"Arjuna's enemies will speak many harsh and unbecoming words, criticizing and disparaging his strength and ability."
2,36,"Who is warning Arjuna about the consequences of his actions, and why?",Krishna is warning Arjuna about the consequences of fleeing the battlefield.
2,36,What does 'unbecoming words' refer to in Krishna's message to Arjuna?,"'Unbecoming words' refers to insults, taunts, and disrespectful remarks that Arjuna's opponents will use to belittle him."
2,36,Why does Krishna say that being criticized by enemies is more distressing than other?,Krishna points out that the pain of losing one's honor and reputation in the eyes of others can be deeper and longer lasting than physical pain or defeat.
2,36,How can one deal with the fear of public criticism and loss of honor?,To deal with the fear of criticism and loss of honor.
2,37,"Who is encouraging Arjuna to stand up and fight, and what is the reason?",Krishna is encouraging Arjuna to stand up and fight.
2,37,"According to the verse, what are the two possible outcomes for Arjuna if he?","The verse states that if Arjuna is killed in battle, he will attain heaven, and if he wins."
2,37,"What does the phrase 'stand up, Arjuna, determined to fight' suggest about Krishna's expectations?",The phrase emphasizes Krishna's expectation that Arjuna should rise above his doubts and confusion.
2,37,What does 'win heaven' signify for a warrior like Arjuna?,For a warrior such as Arjuna.
2,37,How does the promise of either heaven or earthly sovereignty help overcome fear and?,"The promise of a positive outcome, regardless of victory or defeat, helps to remove the fear of loss and failure."
2,38,What pairs of opposites does Krishna mention to Arjuna before urging him to fight?,"Krishna mentions pleasure and pain, gain and loss, and victory and defeat as pairs of opposites."
2,38,"Who advises Arjuna to fight without considering victory or defeat, and why?",Krishna is the one advising Arjuna to fight without being concerned about victory or defeat.
2,38,"What does it mean to treat pleasure and pain, gain and loss, and victory?",Treating these opposites equally means maintaining a balanced mind regardless of the outcome.
2,38,Why does Krishna say that Arjuna will not incur sin if he fights with?,"Krishna teaches that actions performed without attachment, and with a steady mind, do not bind a person to sin."
2,38,How can one apply the teaching of remaining impartial to success and failure in?,One can practice detachment from outcomes by focusing on sincere effort and letting go of anxiety about results.
2,39,Who is Krishna addressing when he refers to 'Partha' and what is the significance?,"Krishna is addressing Arjuna, using the affectionate name 'Partha', which means son of Pritha (Kunti)."
2,39,"What is meant by 'buddhiyoga' as mentioned in the verse, and how does it?","'Buddhiyoga' refers to the path of uniting one's intellect with wisdom, using discernment and understanding in every action."
2,39,How does Krishna describe the difference between the knowledge yoga and karma yoga in?,Krishna first explains the attitude of mind to Arjuna through knowledge yoga.
2,39,What does 'destroying the bondage of actions' mean in the context of this teaching?,"Destroying the bondage of actions means breaking free from the cycle where actions lead to attachment, desires, and repeated suffering."
2,39,"Why does Krishna emphasize being 'united with wisdom' while performing actions, and how can?",Krishna emphasizes being united with wisdom to ensure that actions are performed with awareness and detachment.
2,40,What is said about the loss of effort in the path of disinterested action?,It is stated that there is no loss of effort on this path.
2,40,What does the verse mean by 'no fear of contrary result' in the practice?,'No fear of contrary result' means that practicing selfless action does not bring about negative consequences or unintended harm.
2,40,Why does the verse emphasize that even a little practice of this dharma protects?,The verse highlights that even a small effort in following the path of selfless action can shield a person from intense fears.
2,40,What is the significance of 'mahat bhayat' or 'great fear' mentioned?,'Great fear' refers to the profound anxieties and uncertainties of life.
2,40,How can understanding the absence of loss and harm in karma yoga inspire someone?,Knowing that no sincere effort is ever wasted and that there is no danger of negative results can encourage a person to act with courage and dedication.
2,41,What does Krishna mean by 'vyavasāyātmikā buddhi'?,'Vyavasāyātmikā buddhi' refers to a resolute and determined intellect that is focused on a single goal.
2,41,How does Krishna describe the intellect of those moved by desires?,Krishna describes the intellect of those moved by desires as scattered and divided.
2,41,Why does Krishna highlight the difference between a singularly directed intellect and one with?,Krishna highlights this difference to teach Arjuna the value of concentration and clarity of purpose.
2,41,What is the deeper meaning of 'determinate intellect' in the context of Yoga according?,The deeper meaning of 'determinate intellect' in Yoga is the unwavering focus on selfless action and spiritual growth.
2,41,How can someone cultivate a 'vyavasāyātmikā buddhi' in daily life?,"To cultivate a 'vyavasāyātmikā buddhi', one should set a clear, noble intention and commit to it wholeheartedly."
2,42,Who does Krishna refer to as 'those unwise ones' speaking 'flowery speech'?,Krishna is referring to people who are overly attached to the literal interpretations of the Vedas and are devoted only to material rituals and rewards.
2,42,What does the phrase 'pushpitām vācam' or 'flowery speech' describe?,'Flowery speech' here describes the enticing and attractive words used by those who focus only on ritualistic aspects of the Vedas.
2,42,"What does it mean when the verse says, 'there is nothing beyond heaven'?",This phrase means that some people believe the ultimate goal is to attain heavenly pleasures as described in the Vedas.
2,42,Why does Krishna criticize being 'devoted to the letter of the Vedas'?,"Krishna criticizes this attitude because it leads to a limited understanding, where people become attached to rituals and material outcomes."
2,42,How can someone avoid becoming an 'avipashchit' or unwise person focused only on rituals?,To avoid this.
2,43,Who are described as 'full of desires' and what is their primary goal?,Those described as 'full of desires' are individuals whose main focus is on attaining heaven.
2,43,What does it mean to cling to 'rebirth and the fruits of action' as?,Clinging to 'rebirth and the fruits of action' means being attached to the idea that performing rituals or good deeds will bring material or heavenly benefits in this life or the next.
2,43,Why does the verse mention 'various ritualistic works' and link them to enjoyment and?,"The verse highlights that those attached to desires often engage in elaborate rituals, not out of devotion."
2,43,"What is the implication of being 'swargapara', or heaven-oriented, according to this teaching?",Being 'heaven-oriented' implies that a person's motivation is centered on achieving pleasures and luxury in an afterlife rather than seeking liberation or self-realization.
2,43,How can one move beyond the attachment to 'bhog' (enjoyment) and 'aishwarya' (power) as?,"To move beyond attachment to enjoyment and power, one can cultivate self-awareness and practice performing actions selflessly."
2,44,What happens to the intellect of those attached to enjoyment (bhoga) and wealth (aishvarya)?,"When individuals become deeply attached to enjoyment and wealth, their minds are carried away."
2,44,How does being 'carried away' by enjoyment and wealth affect a person's mind according?,"Being carried away by enjoyment and wealth clouds a person's mind, filling it with desires and distractions."
2,44,Why does the verse emphasize that the intellect for meditation does not arise in?,The verse highlights that an obsession with prosperity creates inner turmoil and restlessness.
2,44,What does the phrase 'vyavasāyātmikā buddhi' signify in the context of devotion and spiritual?,"'Vyavasāyātmikā buddhi' refers to a resolute, unwavering, and determined intellect that is essential for devotion and spiritual practice."
2,44,How can one overcome attachment to enjoyment and wealth to develop a steady mind?,"To overcome attachment, one can practice self-awareness and regularly reflect on the temporary nature of worldly pleasures."
2,45,What does Krishna mean by 'Traigunavishaya Veda' and how are the Vedas connected to?,"Krishna explains that the Vedas, in their ritualistic portion, primarily address matters related to the three Gunas—Sattva, Rajas, and Tamas."
2,45,"What does Krishna advise Arjuna to do when he says 'nistrai-gunyo bhava', or 'be?",Krishna is urging Arjuna to transcend the influence of the three Gunas—qualities that bind people to the cycle of pleasure and pain.
2,45,How does the phrase 'nirdvandvo nitya-sattva-stho' describe the ideal mental state according to Krishna?,"The phrase suggests that one should remain free from the dualities of life, such as pleasure and pain."
2,45,Why does Krishna tell Arjuna to be 'unconcerned about the supply of wants and?,Krishna is teaching Arjuna to let go of anxiety over acquiring new possessions or maintaining what he already has.
2,45,"What practical steps can a person take to become 'atmavan', or self-controlled, as described?","To become self-controlled, a person can begin by observing their desires and reactions without immediately acting on them."
2,46,What comparison is made between the use of Vedas and a reservoir of water?,The verse compares the utility of all the Vedas for an enlightened Brahmana to the utility of a small reservoir of water when there is an abundance of water everywhere.
2,46,How does the example of an overflowing sheet of water help explain the spiritual?,"The overflowing sheet of water represents an abundance that fulfills all needs, making smaller sources redundant."
2,46,Why does the verse use the imagery of 'all sides overflowing water' to describe?,The imagery of water overflowing on all sides signifies a state of abundance without limitation.
2,46,What does 'a Brahmana who knows' signify in the context of this teaching on?,"'A Brahmana who knows' refers to one who has realized the highest spiritual truth, transcending mere ritualistic or scholarly learning."
2,46,How can a seeker apply the teaching about the 'use for the Vedas' in?,A seeker can learn that while study and practice are important.
2,47,What does Krishna say about one's right concerning karma (action) and results?,Krishna explains that a person's entitlement is only to perform their duties and actions.
2,47,How does the instruction 'Be not attached to inaction' guide one's behavior?,"This teaching discourages avoiding responsibilities or duties out of fear, doubt, or desire to escape outcomes."
2,47,What is the significance of Krishna advising not to be 'the cause of action's?,"Krishna's advice highlights the importance of acting selflessly, without selfish motives or expectations for personal reward."
2,47,What does 'karmaphalahetur' mean in the context of fulfilling one's duties?,'Karmaphalahetur' refers to the desire to be the cause of or to claim the results of one's actions.
2,47,How can someone practice detachment from the fruits of action in everyday life?,"Practicing detachment involves doing your best in every task, but accepting whatever outcome with equanimity."
2,48,What does Krishna instruct Arjuna to renounce while performing his duties?,Krishna instructs Arjuna to renounce attachment while performing his duties.
2,48,What does it mean to be 'even-tempered in success and failure' according to Krishna's?,Being 'even-tempered in success and failure' means maintaining inner calm and balance regardless of whether one's actions bring about success or failure.
2,48,How is 'samattvam' or 'evenness of temper' defined as Yoga?,'samattvam' or evenness of temper is described as the essence of Yoga.
2,48,Why does Krishna emphasize performing actions 'established in Yoga' to Arjuna?,Krishna emphasizes performing actions 'established in Yoga' because acting from a place of inner balance leads to detachment from outcomes.
2,48,How can one apply the teaching of renouncing attachment to daily life challenges?,One can apply this teaching by focusing on doing their best in any situation while letting go of anxiety about results.
2,49,What does Krishna say is far inferior to the yoga of wisdom (buddhiyoga)?,Krishna states that action performed with attachment to its results is far inferior to the yoga of wisdom.
2,49,How does the yoga of wisdom serve as a refuge for the wise according?,The yoga of wisdom provides a safe and stable refuge for the wise because it helps them act with clarity and detachment.
2,49,What is implied by the term 'karma performed with attachment'?,'Karma performed with attachment' refers to actions done with a strong desire or expectation for specific outcomes or rewards.
2,49,Why does Krishna call those who are attached to the fruits of their actions?,"Krishna calls those attached to the results of their actions 'kripanah', meaning miserly or small-minded."
2,49,How can one practice renouncing the fruits of action as described?,One can practice renouncing the fruits of action by focusing on performing their duties with sincerity and dedication.
2,50,"What does 'buddhiyukta' mean, and what does a person endowed with it achieve?",'Buddhiyukta' refers to one who is endowed with equanimity or a balanced intellect.
2,50,How does the verse describe the relationship between Yoga and skill in action?,"The verse explains that Yoga, specifically the Yoga of equanimity, is true skill in action."
2,50,What is meant by 'one sheds both good and evil' as mentioned?,Shedding both good and evil means transcending the binding effects of both positive and negative actions.
2,50,Why is equanimity emphasized as a central practice in the Yoga of action?,"Equanimity allows a person to act without attachment or aversion, focusing on the action itself rather than its outcome."
2,50,How can one practically cultivate 'skill in action' through the Yoga of equanimity?,"To cultivate skill in action, one can practice mindfulness."
2,51,What do wise people renounce according to Krishna?,Wise people renounce the fruits of their actions.
2,51,How does Krishna describe the state that is attained by those freed from the?,Krishna describes the state attained by such individuals as blissful and free from affliction.
2,51,What is implied by the phrase 'buddhiyuktāḥ' or 'those possessing an equipoised mind'?,"The phrase refers to individuals whose minds are steady and balanced, unaffected by the fluctuations of joy and sorrow."
2,51,"Why does Krishna emphasize freeing oneself from 'janma-bandha', or the bondage of birth,?",Krishna emphasizes freedom from the bondage of birth to highlight the spiritual goal of liberation.
2,51,How can a person in daily life practice renouncing the fruit of actions as?,A person can practice this teaching by focusing on their responsibilities and giving their best effort.
2,52,What is meant by 'the mire of delusion'?,"The 'mire of delusion' refers to the confusion and ignorance that clouds the mind, preventing one from seeing the truth."
2,52,"How does the verse describe the state of mind after crossing 'mohakalilam', or the?","The verse describes that once the mind has crossed the mire of confusion, it attains a higher level of discernment."
2,52,What does it mean to grow 'indifferent to the enjoyments of this world' after?,To grow indifferent to the enjoyments of this world means that the allure of material pleasures no longer binds or distracts the mind.
2,52,What practical steps can someone take to cross the 'mohakalilam' mentioned?,"To cross the mire of delusion, one can cultivate self-awareness and engage in practices like meditation and contemplation."
2,52,Why does the verse suggest that indifference to pleasures arises only after wisdom is?,"The verse suggests that true indifference to pleasures is a natural result of wisdom because, with understanding."
2,53,Who is being advised about the confusion caused by hearing conflicting statements?,"Krishna is advising Arjuna, explaining that when his intellect, unsettled by many different teachings."
2,53,What does the verse say will happen when one's intellect becomes steady and undistracted?,The verse states that when the intellect is no longer disturbed by conflicting teachings and remains steady and focused in meditation upon God.
2,53,What is meant by the phrase 'samādhāv acalā buddhiḥ' in this context?,The phrase 'samādhāv acalā buddhiḥ' refers to an intellect that is unwavering and firmly established in deep meditation.
2,53,Why does Krishna emphasize the need for a steady intellect despite hearing many different?,"Krishna emphasizes this because spiritual seekers often encounter various philosophies and instructions, which may lead to confusion."
2,53,How can a person practice making their intellect steady and undistracted by conflicting views?,"To practice steadiness of intellect, one can focus on regular meditation, mindful study of spiritual truths."
2,54,Who is asking the questions about the man of steady wisdom and to whom?,"Arjuna is the one asking the questions, and he addresses them to Krishna, whom he respectfully calls Keshava."
2,54,What specific qualities or behaviors does Arjuna inquire about regarding the person established in?,Arjuna asks Krishna to describe the characteristics of a person who is established in Samadhi and endowed with steady wisdom.
2,54,What does the term 'sthita-prajna' (man of steady wisdom) imply in the context of?,The term 'sthita-prajna' refers to someone whose wisdom is steady and unshaken by external circumstances.
2,54,"Why does Arjuna seek to know how a person established in Samadhi speaks, sits?",Arjuna is searching for practical guidance on how to recognize and perhaps emulate the qualities of a spiritually awakened person.
2,54,How does Arjuna's questioning show his state of mind and his relationship with Krishna?,"Arjuna's questioning reveals his humility, curiosity, and sincere longing for spiritual knowledge."
2,55,Who is described as 'stable of mind' by Krishna?,Krishna describes a person as 'stable of mind' when they have fully renounced all desires arising in the mind and find complete satisfaction within the self.
2,55,What does Krishna say must be dismissed from the mind to attain the state?,Krishna says that one must thoroughly dismiss all cravings or desires that arise within the mind.
2,55,What does it mean to be 'satisfied in the self through the joy of?,Being 'satisfied in the self through the joy of the self' means finding contentment and happiness within.
2,55,Why does Krishna emphasize the renunciation of 'all cravings of the mind' for spiritual?,"Krishna emphasizes renouncing all cravings because desires often bind the mind and lead it outward, causing restlessness and suffering."
2,55,How can someone practically begin to let go of desires and find satisfaction within?,"To begin letting go of desires, one can practice mindfulness and self-inquiry, observing thoughts and cravings without becoming attached."
2,56,What are the qualities mentioned that define a sage of steady mind?,The verse describes a sage of steady mind as one who remains unperturbed in sorrow.
2,56,How does the phrase 'unperturbed amid sorrows' illustrate the ideal state of mind described?,'Unperturbed amid sorrows' means maintaining inner calm and not being emotionally disturbed when faced with difficulties.
2,56,What does it mean to have one's thirst for pleasure 'altogether disappeared' as described?,Having one's thirst for pleasure altogether disappeared means that the person is no longer driven by desires for sensory or material enjoyment.
2,56,"Why is freedom from passion, fear, and anger emphasized in the description of a?","Freedom from passion, fear, and anger is emphasized because these emotions disturb the mind and cloud judgment."
2,56,How can one practically move toward the state of mind described as 'steady' or?,"One can move toward this steady state by practicing self-awareness, detachment from the outcomes of actions."
2,57,What qualities are described as signs of a person whose wisdom is steady?,"A person whose wisdom is steady is unattached to everything, does not become happy when encountering good things."
2,57,How does being 'unattached to everything' affect one's responses to good and evil situations?,"Being unattached means not being overly influenced by circumstances, whether they are favorable or unfavorable."
2,57,What is meant by 'na abhinandati na dveshti' in the context of equanimity?,'Na abhinandati na dveshti' means 'neither rejoices nor hates.' In the context of equanimity.
2,57,Why is it important for a person to not rejoice in good or recoil?,"It is important because reacting strongly to pleasure or pain creates attachment and aversion, which disturb the mind."
2,57,How can one practice detachment and steady wisdom in daily life when facing both?,One can practice by observing their reactions to both joyful and sorrowful events without getting swept away by emotions.
2,58,What example does Krishna use to describe control over the senses?,Krishna uses the example of a tortoise that withdraws its limbs from all directions to describe how a wise person withdraws their senses from sense-objects.
2,58,"How does drawing senses away from sense-objects lead to a stable mind, according to?","Withdrawing the senses from sense-objects reduces distractions and temptations, allowing the mind to remain undisturbed."
2,58,Why does Krishna compare the control of senses to the action of a tortoise?,Krishna uses the tortoise analogy to show that just as the tortoise instinctively protects itself by retracting its limbs.
2,58,What does 'indriyani' and 'indriyarthebhyah' signify in the context of this teaching?,"'Indriyani' refers to the senses, and 'indriyarthebhyah' refers to the objects of the senses."
2,58,What can a person do in daily life to withdraw their senses like a?,"A person can practice mindful awareness, consciously choosing to turn away from distractions and temptations that disturb inner peace."
2,59,What happens to sense-objects for the person who practices abstinence?,"For a person who practices abstinence, the sense-objects withdraw themselves."
2,59,How does the 'embodied soul' respond to the absence of sense-objects according to this?,"The embodied soul, even when sense-objects are absent, still retains a subtle longing or taste for them."
2,59,What is meant by 'rasavarjam' or the 'taste' that remains when sense-objects are renounced?,'Rasavarjam' refers to the lingering attraction or subtle attachment that remains in the mind even after one has physically given up the objects of enjoyment.
2,59,Why does the verse mention that the longing for sense-objects only disappears 'upon seeing?,The verse suggests that true release from desire occurs not just through external restraint.
2,59,"How can one overcome the persistent attachment to pleasurable experiences, as described?",Overcoming persistent attachment requires more than just avoiding sensory pleasures; it involves cultivating a higher understanding or connection with the Divine.
2,60,What does Krishna say about the power of the senses over the mind?,Krishna explains that the senses are turbulent by nature and can overpower even the mind of a wise person who is striving for self-control.
2,60,"How are the senses described in this teaching on Arjuna, especially with the word?","'turbulent,' meaning they are restless, forceful, and difficult to restrain."
2,60,Why does Krishna emphasize that even a 'wise man' can have his mind carried?,Krishna emphasizes this point to illustrate that the struggle with the senses is not limited to beginners or the ignorant but even affects those with wisdom and understanding.
2,60,What is the practical meaning of the senses 'forcibly carrying away' the mind?,"The practical meaning is that desires and temptations arising from the senses can disrupt our focus, discipline."
2,60,How can one deal with the restless nature of the senses and prevent them?,"Dealing with the senses requires ongoing self-awareness, discipline, and mindful practices such as meditation, self-reflection, and regulating one's environment."
2,61,What practice is recommended for restraining the senses?,"The verse recommends sitting with a controlled mind, focusing on the Divine, and restraining all the senses."
2,61,How does focusing the mind on Krishna help in controlling the senses according to?,"Focusing the mind on Krishna provides a higher goal and purpose, which draws attention away from sensory distractions."
2,61,Why is it said that only the person whose senses are under control has?,"When the senses are controlled, the mind is not constantly disturbed by desires and impulses."
2,61,What does 'matparaḥ' signify in the context of this teaching on Wisdom?,"'Matparaḥ' refers to being devoted to the Divine, making God the supreme goal of one's life."
2,61,How can one apply the teaching of sitting with a restrained mind and senses?,"To apply this teaching, one can practice mindfulness and self-discipline."
2,62,What sequence of emotions and reactions does Krishna describe when a person contemplates sense-objects?,"Krishna explains that when a person repeatedly thinks about sense-objects, attachment to those objects arises."
2,62,How does attachment (sanga) to sense-objects develop according to this verse?,Attachment develops when a person continually thinks about or dwells upon sense-objects.
2,62,What is the deeper meaning behind anger arising from unfulfilled desire as described?,The verse suggests that anger is not an isolated emotion but arises as a direct consequence of desires that remain unsatisfied.
2,62,Why does Krishna warn against dwelling on sense-objects in one's mind?,Krishna warns against this because dwelling on sense-objects sets off a chain of mental reactions that enslave the mind.
2,62,What practical lesson can be drawn from the connection between desire (kama) and anger?,The practical lesson is to be mindful of what we let our minds dwell upon.
2,63,What sequence of effects does Krishna describe as arising from anger (krodha)?,"Krishna explains that anger leads to delusion, which in turn causes loss of memory."
2,63,How does delusion (sammohah) affect a person's state of mind according to Krishna?,Krishna teaches that delusion clouds the mind.
2,63,Why does Krishna emphasize the loss of memory (smriti-vibhramah) in the process of spiritual?,Krishna highlights the loss of memory because it signifies forgetting one's spiritual wisdom and past lessons.
2,63,What does 'the destruction of intelligence' (buddhi-nasha) signify?,The destruction of intelligence refers to the loss of discernment and the ability to make wise decisions.
2,63,How can understanding the chain from anger to destruction of intelligence help someone avoid?,Understanding this chain helps one recognize the early signs of negative emotions and intervene before they escalate.
2,64,What qualities must the senses possess for a person to attain mental tranquility?,The senses must be disciplined and free from both attachment and aversion.
2,64,How does the verse describe the process of enjoying sense-objects without being disturbed by?,The verse explains that when a person's senses are free from the pull of attraction and repulsion.
2,64,Why does freedom from 'rāga' (attachment) and 'dveṣa' (aversion) lead to inner peace according?,Freedom from attachment and aversion prevents the mind from being tossed about by emotional highs and lows.
2,64,What is meant by 'prasādam' or placidity of mind as mentioned?,'Prasādam' refers to a state of inner calm and contentment.
2,64,How can one practically cultivate self-control over the senses as advised?,One can practice self-control by regularly observing one's reactions to pleasure and pain.
2,65,What effect does placidity of mind have on a person's sorrows?,Placidity of mind leads to the removal of all sorrows.
2,65,How does a tranquil mind influence a person's intellect according to this teaching on?,A tranquil mind allows the intellect to become stable and steadfast.
2,65,Why does the verse highlight the importance of a 'prasanna chetasa' or cheerful mind?,The verse underscores that a cheerful mind is essential for spiritual growth because it creates an environment where wisdom can flourish.
2,65,"What does 'prasāda' signify in the context of this teaching on With, and how?","'Prasāda' here signifies a state of mental clarity, serenity, and joy that arises from detachment and self-mastery."
2,65,How can one deal with sorrow and suffering by following the teaching?,"By striving for inner calmness and cheerfulness, one can transcend sorrow and suffering."
2,66,What connection does Krishna describe between controlling the mind and experiencing peace?,"Krishna explains that without control over the mind and senses, a person cannot have a steady intellect."
2,66,How does the verse describe the state of a person who is 'ashantasya' or?,The verse describes a person without peace as someone whose mind and senses are not under control.
2,66,What does Krishna imply about the importance of 'bhavana' (contemplation or feeling) for achieving?,"Krishna suggests that 'bhavana,' or the ability to contemplate and feel devotion, is crucial for inner peace and happiness."
2,66,What practical lesson can be drawn from the statement 'how can there be happiness?,The practical lesson is that happiness is deeply rooted in inner peace.
2,66,Why does Krishna emphasize the sequence from discipline to happiness?,"Krishna emphasizes this sequence to show that happiness is not accidental or external, but flows from inner discipline."
2,67,What example does Krishna use to illustrate how the mind influenced by senses can?,Krishna uses the example of the wind carrying away a boat upon the waters.
2,67,How does the mind's attachment to a particular sense draw away a person's discrimination?,"When the mind becomes joined with a specific sense as it interacts with sense-objects, it becomes overwhelmed by that engagement."
2,67,Why does Krishna compare the mind's loss of discrimination to a boat being carried?,Krishna uses this comparison to show how easily and quickly the mind can be led astray when it follows the senses without restraint.
2,67,What is the significance of the phrase 'the one to which the mind is?,"This phrase highlights that it is not all the senses together, but even just one sense."
2,67,"How can one avoid having their wisdom 'carried away' by the senses, as described?","To avoid being carried away, one should practice mindfulness and control over the senses."
2,68,What action does Krishna advise regarding the senses and their objects?,Krishna advises that one should restrain the senses completely from their respective objects.
2,68,"How does restraining the senses from sense objects affect a person's intelligence, according to?","When a person keeps their senses away from sense objects, their mind stays calm and focused."
2,68,Why does Krishna call someone with controlled senses 'firm in wisdom'?,Krishna describes a person with controlled senses as 'firm in wisdom' because they are not tossed around by desires or external circumstances.
2,68,What is the significance of the term 'nigrihītāni' (restrained) in relation to spiritual practice?,The term 'nigrihītāni' emphasizes the importance of self-discipline in spiritual growth.
2,68,How can one begin to restrain the senses from their objects in daily life?,"To start restraining the senses, one can practice mindfulness, choosing not to indulge every impulse or desire."
2,69,What does Krishna mean by 'that which is night to all beings'?,Krishna refers to spiritual knowledge and realization as 'night' to most people.
2,69,How does the God-realized Yogi behave differently from ordinary beings according to this teaching?,The God-realized Yogi remains awake and alert to the eternal reality and supreme bliss that others ignore.
2,69,What is meant by 'night to the seer' in the context of the verse?,'Night to the seer' means that the transient.
2,69,Why does Krishna compare worldly happiness and Divine Knowledge to night and day?,Krishna uses the metaphor of night and day to show the stark contrast between the values of the spiritually awakened and those of the worldly-minded.
2,69,"How can a seeker apply the idea of being 'awake' to the eternal, as?","A seeker can practice being 'awake' to the eternal by prioritizing self-awareness, meditation, and discernment over fleeting pleasures."
2,70,What example does Krishna use to describe a person who attains peace?,Krishna uses the example of an ocean.
2,70,How does the metaphor of the ocean help explain the nature of a wise?,"The ocean, despite being filled by countless rivers, does not overflow or lose its calmness."
2,70,What does 'not he who hankers after such enjoyments' imply about the path to?,This phrase means that true peace is not found by those who constantly chase after desires and sense pleasures.
2,70,Why does Krishna compare desires entering a person to rivers entering the ocean?,Krishna uses this comparison to highlight the vastness and stability of a self-controlled person.
2,70,"What practical steps can one take to become like the ocean, undisturbed by desires?","To become undisturbed like the ocean, one can practice mindfulness and self-awareness, observing desires without reacting impulsively."
2,71,What qualities are described as leading a person to attain peace?,"The verse describes that a person who has given up all desires, lives free from attachment, egoism."
2,71,How does freedom from attachment and egoism contribute to inner peace according to this?,Freedom from attachment and egoism allows the mind to remain undisturbed by external circumstances and personal ambitions.
2,71,What is meant by 'thirst for enjoyment' in this verse and why is it?,'Thirst for enjoyment' refers to the constant craving for sensory pleasures and material gains.
2,71,Why does the verse emphasize giving up all desires as a path to peace?,"Desires often lead to agitation, disappointment, and a restless mind."
2,71,"How can a person practically move towards the state described in this verse, free?","A person can practice self-awareness, regularly observing and letting go of desires as they arise."
2,72,What is described as the 'Brahmi state' that Arjuna is told about?,The 'Brahmi state' refers to the state of self-realization or God-realization.
2,72,"How does one who has attained the Brahmi state behave, according to Krishna's words?",A person who has attained the Brahmi state remains undisturbed by external circumstances and is not swayed by desires or fears.
2,72,"What does it mean to 'never be deluded' after reaching the Brahmi state, as?",To 'never be deluded' means that once a person realizes their true nature and experiences the oneness with the Divine.
2,72,"What is meant by 'Brahmic Bliss' that is attained at the last moment, as?","'Brahmic Bliss' refers to the ultimate joy and peace experienced by uniting with Brahman, the Supreme Reality."
2,72,Why is the attainment of the Brahmi state considered the final goal for a?,"The Brahmi state is seen as the final goal because it represents complete liberation from suffering, ignorance."
3,1,Who is expressing doubt to Krishna about the value of knowledge versus action?,It is Arjuna who is speaking in this verse.
3,1,What specific action does Arjuna refer to as 'ghora karma' or dreadful action when?,Arjuna refers to the act of fighting in the battle as the 'ghora karma' or dreadful action.
3,1,"How does Arjuna address Krishna in his question about action and knowledge, and what?","Arjuna addresses Krishna as Janardana and Kesava, which are respectful and affectionate names."
3,1,Why does Arjuna feel confused when Krishna speaks of knowledge being superior to action?,Arjuna is confused because he sees a contradiction between Krishna's praise of knowledge and his instruction to fight in battle.
3,1,What underlying dilemma is Arjuna expressing when he asks Krishna about the superiority of?,Arjuna's dilemma is about understanding the true path to spiritual fulfillment.
3,2,What does Arjuna say is happening to his mind because of Krishna's words?,Arjuna expresses that his mind is becoming confused or deluded by Krishna's seemingly mixed or involved statements.
3,2,Who is being addressed by Arjuna when he asks for one definite discipline for?,Arjuna is addressing Krishna.
3,2,"How does Arjuna describe Krishna's expressions in the verse, particularly using the word 'puzzling'?","Arjuna describes Krishna's expressions as 'puzzling' or 'involved', indicating that he finds Krishna's guidance to be complex and somewhat contradictory."
3,2,Why does Arjuna request Krishna to 'tell me definitely the one discipline'?,Arjuna requests a definite answer because he is overwhelmed by doubt and confusion due to the multiple paths Krishna has described.
3,2,What does Arjuna mean by 'the highest good' that he wants to obtain through?,"By 'the highest good,' Arjuna refers to ultimate spiritual fulfillment, liberation from suffering."
3,3,"Who is explaining the two kinds of disciplines to Arjuna, and why is this?",It is Krishna who is speaking to Arjuna and explaining the two kinds of disciplines.
3,3,"What are the two kinds of nishtha, or disciplines, mentioned in this teaching on?",The verse mentions two kinds of disciplines: the discipline of knowledge (jnana yoga) attributed to the Sankhyas.
3,3,How does Krishna describe the difference between the discipline of the Sankhyas and the?,Krishna describes the discipline of the Sankhyas as the path of knowledge.
3,3,Why does Krishna address Arjuna as 'Anagha' (sinless) when explaining jnana yoga and karma?,"By calling Arjuna 'Anagha', Krishna acknowledges his pure-hearted nature and readiness to receive spiritual wisdom."
3,3,What is the practical implication of there being both a path of knowledge and?,The existence of both a path of knowledge and a path of action means that spiritual growth is accessible to people with different tendencies and abilities.
3,4,What does the phrase 'freedom from action' refer to?,'Freedom from action' refers to the state where a person is not bound by the consequences of actions.
3,4,How does this teaching on Action explain the relationship between action and attaining perfection?,This verse explains that simply avoiding action does not lead to perfection or spiritual accomplishment.
3,4,Why is 'merely ceasing to act' not sufficient for reaching spiritual success according to?,Merely ceasing to act is not sufficient because spiritual growth and self-realization require engagement with life and its challenges.
3,4,What practical guidance does the statement 'Man does not attain freedom from action without?,"This statement encourages us to embrace our responsibilities and perform our actions thoughtfully, rather than avoiding them."
3,4,"How does this teaching on Action address the doubt: 'If I want liberation, should?",This verse clarifies that liberation is not achieved by mere renunciation or withdrawal from activities.
3,5,What does Krishna say about remaining inactive even for a moment?,"Krishna explains that no one can truly remain inactive, not even for a single moment."
3,5,How do 'nature-born qualities' influence a person's actions according to this teaching on Surely?,The verse describes how every individual is driven to action by qualities that arise from their own nature.
3,5,Why does Krishna emphasize that everyone is 'helplessly driven to action'?,Krishna emphasizes this to help us understand that action is an unavoidable part of existence.
3,5,What does 'akarmakrit' mean in the context of this teaching on Surely?,'Akarmakrit' refers to someone who does not perform any action.
3,5,How can understanding the compulsion to act help someone struggling with the idea of?,Recognizing that action is inevitable can relieve the burden of trying to avoid responsibility or duty.
3,6,What does Krishna say about a person who restrains the organs of sense and?,Krishna explains that a person who outwardly controls the senses and organs of action but still mentally dwells on sense objects is considered deluded.
3,6,What does the term 'hypocrite' refer to in the context of someone restraining their?,In this context.
3,6,How does Krishna describe the state of mind called 'vimūḍhātmā' in relation to sense?,Krishna describes 'vimūḍhātmā' as a deluded or confused intellect.
3,6,"Why is merely restraining the karmendriyas, or organs of action, without controlling the mind?",Merely restraining the organs of action is insufficient because the true battle lies within the mind.
3,6,What practical steps can a person take to avoid the hypocrisy described in this?,"To avoid this hypocrisy, a person should cultivate mindfulness and self-awareness, ensuring the mind is as disciplined as the body."
3,7,What are the two key qualities that make a person excel in Karma Yoga?,Krishna explains that the person who controls the senses with the mind and remains unattached.
3,7,Whom is Krishna addressing when he describes the superior practitioner of Karma Yoga?,Krishna is addressing Arjuna and explaining to him that the one who controls his senses with the mind and acts without attachment is truly superior in the practice of Karma Yoga.
3,7,"How does one use the mind to control the indriyani, or senses, as mentioned?",Using the mind to control the senses means consciously guiding one's attention and desires so that the senses do not chase after objects impulsively.
3,7,"Why does Krishna emphasize being 'unattached' while performing actions with the karmendriyas, or organs?",Krishna emphasizes non-attachment because it allows a person to perform their duties without being entangled in desires or outcomes.
3,7,What does it mean to 'excel' in the context of Karma Yoga as described?,"To 'excel' in Karma Yoga means to rise above ordinary action by combining self-control, mindfulness, and detachment."
3,8,What does Krishna say about the importance of performing one's allotted duty (niyatam karma)?,Krishna emphasizes that performing one's allotted duty is essential.
3,8,How does Krishna explain the consequences of inaction on maintaining the body?,Krishna explains that even the basic maintenance of the body is not possible without action.
3,8,Why does Krishna consider action (karma) superior to inaction (akarma)?,Krishna considers action superior because it keeps individuals engaged in their duties and responsibilities.
3,8,What does 'niyatam karma' refer to in the context of this teaching on Duty?,'Niyatam karma' refers to the specific duties or responsibilities allotted to an individual according to their position and circumstances.
3,8,"How can one overcome the doubt, 'Why must I keep acting if life feels?",Krishna teaches that action is inherent to life and necessary for both personal well-being and the larger harmony of the world.
3,9,What is the reason given for why people become bound by karma?,People become bound by karma when their actions are performed for personal gain or selfish motives.
3,9,How does Krishna describe the role of 'sacrifice' (yajna) in freeing one from the?,"Krishna explains that acting with the spirit of sacrifice purifies the heart and mind, breaking the chains of attachment."
3,9,What does it mean to perform duty 'free from attachment' as instructed?,Performing duty free from attachment means acting without selfish desires or expectations for personal rewards.
3,9,Why does Krishna specifically advise Arjuna to act 'for the sake of sacrifice alone'?,Krishna advises Arjuna to act for the sake of sacrifice to guide him towards selfless action.
3,9,How can a person in daily life practically apply the teaching of performing karma?,A person can apply this teaching by approaching every task with a sense of offering and service.
3,10,Who is referred to as 'the Lord of creatures' who addresses mankind at the?,"The 'Lord of creatures' mentioned here is Prajapati, also known as Brahma, the Creator."
3,10,What role does 'sacrifice' play in the process of creation according to this teaching?,"According to this verse, sacrifice is established as a fundamental principle accompanying the creation of mankind."
3,10,How does the verse describe the relationship between performing 'yajna' and attaining desired enjoyments?,The verse describes 'yajna' or sacrifice as the means through which people can attain the enjoyments they seek.
3,10,What is meant by 'you shall prosper by this' in the context of the?,'You shall prosper by this' refers to the assurance given by the Creator that by following the path of sacrifice.
3,10,Why does the verse emphasize the necessity of sacrifice for the fulfillment of desires?,The verse emphasizes sacrifice because it embodies selflessness and cooperation with the cosmic order.
3,11,What does Krishna instruct about 'fostering the gods' through sacrifice?,"Krishna teaches that by performing sacrifice, humans should foster and nourish the gods."
3,11,Who is expected to benefit when humans and gods 'foster each other disinterestedly'?,Both humans and gods benefit when they support each other without selfish motives.
3,11,How does the act of sacrifice create a relationship between humans and the gods?,"The act of sacrifice establishes a bond where humans offer gratitude and nourishment to the gods, and in return."
3,11,What does 'param avapsyatha' or 'you will attain the highest good' signify in the?,'You will attain the highest good' means that by selflessly supporting each other—humans serving the gods and vice versa—all beings achieve spiritual upliftment and ultimate well-being.
3,11,"Why is selfless cooperation, as described in 'each fostering other disinterestedly,' crucial for spiritual?","Selfless cooperation removes ego and personal desire, aligning individuals with a greater purpose."
3,12,What does the verse say about the relationship between sacrifice (yajna) and the gods?,"The verse explains that when people perform sacrifices, the gods are pleased and, in return."
3,12,How does the verse describe the act of enjoying gifts from the gods without?,The verse describes such a person as a thief.
3,12,What is the meaning of the term 'yajna-bhavitah' as used?,'Yajna-bhavitah' refers to beings or gods who are nourished and strengthened by acts of sacrifice.
3,12,Why does the verse use the word 'thief' for someone who does not reciprocate?,The term 'thief' is used to highlight the moral responsibility of reciprocity.
3,12,How can this teaching on Fostered guide us in our daily life regarding the?,This verse teaches us to recognize that all the comforts and resources we enjoy are gifts.
3,13,What happens to those who eat the remnants of sacrifices (yajña-śiṣṭa)?,Those who eat the remnants of sacrifices are freed from all sins.
3,13,"Who does Krishna describe as eating sin, and why?",Krishna describes those who cook food solely for their own enjoyment and bodily nourishment as eating sin.
3,13,What is meant by 'eating the remnants of sacrifices'?,"Eating the remnants of sacrifices refers to consuming food that has first been offered selflessly, with gratitude and devotion."
3,13,Why does the verse say that cooking only for oneself leads to consuming sin?,"The verse teaches that actions done purely for personal gratification, without a sense of offering or sharing."
3,13,"How can the idea of selfless offering, as described in this verse, be applied?","Selfless offering means approaching daily actions, such as cooking or eating, with an attitude of gratitude, sharing."
3,14,What is described as the origin of all beings?,The verse states that all beings originate from food.
3,14,"How does the verse explain the relationship between food, rain, and sacrifice?","The verse lays out a sequence: all beings come from food, food is produced because of rain."
3,14,What is the significance of connecting yajna (sacrifice) to the occurrence of rain?,By linking yajna to rain.
3,14,What practical lesson can be drawn from the idea that 'yajna is the origin?,The lesson is that selfless actions and contributions to the greater good help sustain the balance of nature.
3,14,Why does the verse emphasize the cycle from sacrifice to food as essential for?,The verse teaches that life is a continuous cycle of giving and receiving.
3,15,What is described as being established in sacrifice?,"The verse explains that the all-pervading, supreme, imperishable Spirit is always established in sacrifice."
3,15,"How does the verse connect prescribed action, the Vedas, and the Indestructible?",The verse shows a chain of origin: prescribed action comes from the Vedas.
3,15,Why does the verse emphasize that sacrifice is rooted in prescribed action?,The verse emphasizes this to highlight that true sacrifice is not random or self-willed.
3,15,What does it mean that the supreme imperishable Spirit is 'all-pervading' and 'established in?,This means that the divine presence exists everywhere and is especially manifest when one performs sacrifice with the right intention.
3,15,How can understanding that prescribed action originates from the Vedas and the Indestructible guide?,Recognizing this chain of origin reminds us that our duties are not arbitrary.
3,16,To whom does Krishna address his teaching about following the 'wheel of creation'?,"Krishna addresses Arjuna and, through him, all seekers who may question the importance of fulfilling their duties."
3,16,What is meant by the 'wheel of creation' mentioned?,The 'wheel of creation' refers to the ongoing cycle of duties and actions that sustain life and the universe.
3,16,What does Krishna mean by calling a person 'sensual' and saying he 'lives in?,Krishna describes a person as 'sensual' when they seek only pleasure for their senses and neglect their higher duties.
3,16,Why does Krishna consider not performing one's duties as sinful?,Krishna considers neglecting one's duties as sinful because it disrupts the natural balance and order of the world.
3,16,How can one avoid living 'in vain' according to the guidance about duties?,"To avoid living 'in vain', one should engage sincerely in their responsibilities."
3,17,What qualities are described for a person who has no duty?,"The verse describes a person who delights in the self, is gratified with the Self."
3,17,What does it mean to be 'contented in the self' as mentioned?,Being 'contented in the self' means finding complete satisfaction and fulfillment within one's own being.
3,17,Why does the verse state that a person who is 'gratified with the Self'?,The verse suggests that when one is fully satisfied and finds joy within.
3,17,What is implied by the phrase 'delight in the self alone'?,"'Delight in the self alone' implies a state where a person finds joy, purpose."
3,17,How can someone cultivate the state of being 'self-gratified' as described?,"To cultivate self-gratification, one can practice self-inquiry, meditation, and mindful living, gradually reducing dependence on external validations."
3,18,What is said about the great soul's relationship with things done and not done?,The verse explains that the great soul has no need for things done or things not done.
3,18,How does this verse describe the attitude of a great soul towards all creatures?,The verse describes that a great soul has no selfish dependence on any creature.
3,18,What does it mean when the verse says there is 'no use whatsoever for?,This means that the great soul acts without expectation of reward or fear of loss.
3,18,What is implied by the phrase 'selfish dependence of any kind' in the context?,"'Selfish dependence of any kind' refers to seeking personal benefit, validation, or fulfillment from others."
3,18,How can a person cultivate the state of being described for the great soul?,"To cultivate such a state, one can practice selfless action, letting go of attachment to results, and finding contentment within."
3,19,What specific guidance does Krishna give regarding performing one's karma?,Krishna instructs that one should continually perform their prescribed duties without attachment.
3,19,How does the verse describe the relationship between acting without attachment and attaining the?,The verse describes that by acting without attachment.
3,19,What does the instruction to be 'asakta' or without attachment mean in practical daily?,Being 'asakta' means performing your responsibilities and duties sincerely but not becoming emotionally entangled with the outcomes.
3,19,Why does Krishna emphasize constant action (satatam karyam karma) rather than occasional effort?,Krishna emphasizes constant action to cultivate discipline and to avoid stagnation or laziness.
3,19,How can working without attachment help someone overcome personal doubts or fears about success?,"Working without attachment frees a person from anxiety about results, reducing fear of failure and pride in success."
3,20,What is said about how Janaka and others attained perfection?,Janaka and other wise individuals attained perfection through action performed without attachment.
3,20,How does the verse describe the importance of 'maintenance of the world order' in?,The verse emphasizes that one should act with awareness of sustaining the world order.
3,20,Why does Krishna mention Janaka as an example in the context of karma?,"Krishna mentions Janaka as a renowned king who performed his duties selflessly, even after realizing the truth."
3,20,What does 'action without attachment' mean according to this teaching on Janaka?,'Action without attachment' means performing one's duties with dedication but without selfish desires or longing for personal gain.
3,20,How can focusing on 'lokasangraha' or the welfare of the world guide someone in?,Focusing on 'lokasangraha' means considering the impact of one's actions on the world and acting for the greater good.
3,21,What is said about the actions of a 'great man' and their influence on?,A great man's actions set an example for others.
3,21,How does the verse describe the relationship between the conduct of a 'great man'?,The verse describes that ordinary people naturally follow the actions and standards set by a great man.
3,21,Why does the verse emphasize the responsibility of a 'great man' in setting an?,The verse highlights that those in positions of respect or authority carry a special responsibility.
3,21,What does the term 'standard' or 'pramāṇa' refer to in the context of this?,"'Standard' or 'pramāṇa' refers to the benchmark of behavior, values, or practices established by a respected person."
3,21,How can someone apply the teaching about influence and example-setting from this verse in?,"One can reflect on their own actions, realizing that others may be watching and learning from them."
3,22,Who is speaking to Arjuna about not having any duties in the three worlds?,"It is Krishna who is speaking to Arjuna, explaining that as the Supreme Being."
3,22,What does Krishna mean by saying 'there is nothing unattained that is worth attaining'?,Krishna is stating that he has already achieved everything that could possibly be gained across all realms of existence.
3,22,Why does Krishna continue to engage in karma (action) even though he has no?,Krishna continues to act as an example for all beings.
3,22,What is the significance of the phrase 'yet I engage in action' for someone?,The phrase highlights that even when one has no selfish reason to act.
3,22,How does Krishna’s claim of having no kartavyam (duty) relate to the concept of?,"Krishna’s assertion reveals the highest standard of selfless service, where action is performed not for personal gain."
3,23,Who is speaking to Arjuna about the consequences of not performing action diligently?,Lord Krishna is addressing Arjuna.
3,23,What does Krishna mean by 'men follow My way in all matters'?,Krishna is highlighting that people look up to Him as a role model and are influenced by His behavior and choices.
3,23,Why does Krishna mention that harm will come to the world if He is?,"Krishna points out that if He neglects His duties and remains inactive, it would set a negative example."
3,23,What is the significance of the phrase 'karmani atandritah' or 'not being inattentive in?,The phrase emphasizes the need to perform one's duties with full attention and dedication.
3,23,How does Krishna’s statement about his own actions relate to the idea of leadership?,Krishna teaches that true leaders must act responsibly because their behavior influences others.
3,24,Who is speaking about the consequences if they themselves do not perform karma (action)?,Krishna is speaking.
3,24,"According to the verse, what would happen to the worlds if Krishna ceased to?","If Krishna were to cease performing actions, the verse states that the worlds would perish."
3,24,What does the word 'saṅkarasya' (confusion) signify in this context?,"Here, 'saṅkarasya' refers to social and moral confusion or disorder."
3,24,Why does Krishna mention that he would become the cause of destruction for these?,"Krishna explains that as a leader and guide, his behavior is a model for others."
3,24,How does this verse address the dilemma of personal action versus inaction in life?,"This verse teaches that inaction, especially by those in influential positions, can have far-reaching negative consequences."
3,25,Who is addressed as 'Bharata' and why does Krishna choose this form of address?,"'Bharata' refers to Arjuna, who belongs to the noble lineage of King Bharata."
3,25,What does the phrase 'act with attachment' mean in the context of unwise people?,"To 'act with attachment' means performing actions with personal desires, expectations, or selfish motives."
3,25,How does Krishna describe the behavior of a wise person who seeks 'maintenance of?,Krishna describes the wise person as someone who performs their duties just like everyone else but without attachment to the results.
3,25,What is the significance of 'without attachment' when the wise perform actions?,Acting 'without attachment' means performing one's duties without being emotionally bound to the outcomes.
3,25,Why does Krishna advise the wise to act in the same way as the?,Krishna advises the wise to act outwardly like everyone else so that they do not disrupt the flow of society or confuse others.
3,26,What does the wise man avoid creating in the minds of the ignorant who?,The wise man avoids creating confusion or doubt in the minds of those who are ignorant and attached to their actions.
3,26,What does it mean for someone to be 'established in the Self' as described?,"Being 'established in the Self' means having a deep awareness of one's true nature, beyond the ego and physical actions."
3,26,Why should a wise person continue to perform all prescribed duties even after attaining?,A wise person continues to perform prescribed duties to set an example for others and prevent confusion in society.
3,26,What is the significance of the phrase 'should not unsettle the mind' in the?,The phrase 'should not unsettle the mind' emphasizes the importance of compassion and sensitivity when teaching or guiding others.
3,26,How can one balance personal spiritual realization with the responsibility to guide others who?,Balancing personal spiritual realization with guiding others requires humility and empathy.
3,27,What role do the gunas of Prakrti play in the performance of actions?,The actual forces that perform all actions.
3,27,"According to this teaching on Prakrti, who is considered deluded by egoism and what?",A person whose mind is deluded by egoism believes themselves to be the sole doer of actions.
3,27,What is the significance of the phrase 'I am the doer' in the context?,The phrase 'I am the doer' signifies a misunderstanding of one's true nature.
3,27,Why does the verse describe identifying as the 'doer' as foolish or deluded?,Identifying as the 'doer' is called foolish because it overlooks the deeper truth that actions arise from the interplay of nature's qualities.
3,27,How can understanding the true source of action help someone act without attachment?,"Recognizing that actions stem from nature's qualities, not from the ego, allows one to act without pride or possessiveness."
3,28,Who does Krishna address as 'mighty-armed' and why does he emphasize this title?,"Krishna addresses Arjuna as 'mighty-armed' to remind him of his strength and valor, qualities suitable for a warrior."
3,28,What does the phrase 'the knower of the truth about the division of the?,"This phrase refers to a wise person who understands the distinction between the three modes of nature—sattva, rajas."
3,28,How does the understanding that 'the modes are active within the modes' help a?,"When a person realizes that the senses, mind."
3,28,Why does Krishna mention that those who are deluded by the qualities of nature?,Krishna highlights that those who lack true knowledge identify themselves with the body and mind.
3,28,What practical steps can a person take to avoid becoming 'sajjana' (attached) to the?,A person can practice self-awareness by observing their thoughts and actions without identifying with them.
3,29,What does Krishna say about people who are deluded by the Gunas of Prakrti?,"Krishna explains that those who are deluded by the Gunas, or qualities."
3,29,How does Krishna describe the behavior of a person with perfect Knowledge towards those?,Krishna describes that a person who has attained perfect Knowledge should not disturb or unsettle the minds of those who are still attached to the Gunas and their corresponding actions.
3,29,Why does Krishna advise the knower not to unsettle those who are called 'insufficiently?,Krishna advises restraint because forcing advanced knowledge on those unprepared can cause confusion or distress rather than growth.
3,29,What is the significance of the phrase 'completely deluded by the Gunas' in understanding?,"The phrase highlights how most people are governed by the natural qualities of Prakrti—such as passion, inertia."
3,29,How can one apply Krishna's teaching about not unsettling others' minds in daily life?,One can practice patience and understanding when encountering those who are strongly attached to their views or habits.
3,30,What does Krishna instruct about dedicating all actions to Him?,"Krishna instructs that one should dedicate all actions to Him, focusing the mind on Him as the Supreme Self."
3,30,How does the verse describe the attitude one should have towards hope and the?,The verse describes that a person should be free from hope and the sense of ownership.
3,30,What does it mean to be 'cured of mental fever' as mentioned?,"Being 'cured of mental fever' refers to letting go of anxieties, worries."
3,30,Why does Krishna emphasize fighting without hope and attachment?,Krishna emphasizes fighting without hope and attachment to help Arjuna act according to his duty without being bound by the consequences.
3,30,How can dedicating all actions to the Divine help someone overcome personal anxieties and?,Dedicating all actions to the Divine shifts the focus from personal gain to a higher purpose.
3,31,What qualities are mentioned for those who follow Krishna's teaching?,The verse mentions two main qualities: having faith (devotion) and being free from fault-finding or criticism.
3,31,What does it mean to be 'released from the bondage of all actions' as?,Being released from the bondage of all actions means that one is freed from the cycle of reactions or consequences that typically follow actions.
3,31,How does the attitude of 'uncavilling' or non-critical mind influence one's spiritual progress?,"An uncavilling or non-critical mind is open and accepting, allowing one to absorb teachings without resistance or argument."
3,31,Why does Krishna emphasize the importance of following his 'matam' or teaching with faith?,Krishna emphasizes these qualities because faith creates a deep connection with the teaching.
3,31,"If release from karma is possible by devotedly following a teaching, what does this?",This suggests that liberation is not merely about external actions but about the inner attitude with which one approaches life and spiritual practice.
3,32,Who is speaking about people who do not follow 'My teaching' and what is?,"Krishna is the speaker, addressing Arjuna about the consequences for those who disregard his guidance."
3,32,What does Krishna say happens to those who find fault with his teaching and?,Krishna states that those who criticize and refuse to follow his teaching are deluded in all areas of knowledge.
3,32,What is meant by the phrase 'deluded in the matter of all knowledge'?,The phrase 'deluded in the matter of all knowledge' means that such individuals are confused not just about spiritual guidance.
3,32,Why does Krishna refer to those who do not follow his teaching as 'lost'?,Krishna uses the terms 'lost' and 'without understanding' to illustrate the spiritual consequences of rejecting wisdom.
3,32,How can someone avoid becoming 'deluded' or 'lost' as described by Krishna?,"To avoid becoming deluded or lost, one should cultivate humility and openness to spiritual wisdom."
3,33,What force does Krishna say even a wise man follows in his actions?,Krishna explains that even a wise man is compelled to act according to the nature he has acquired.
3,33,How does the verse describe the relationship between living creatures and their prakriti?,The verse describes that all living beings are governed by their own nature or prakriti.
3,33,What is the significance of the phrase 'What can stubbornness do?'?,The phrase highlights the futility of resisting one's own nature through sheer stubbornness or force of will.
3,33,What practical lesson does Krishna offer by stating that even the knowledgeable act according?,Krishna is teaching that self-awareness is essential.
3,33,"Why is it important to understand the power of prakriti over our actions, according?","Understanding the power of prakriti helps us realize that self-mastery is a process, not just an act of will."
3,34,What are the two forces identified as obstacles on the path of redemption?,The two forces identified as obstacles on the path of redemption are attraction (rāga) and repulsion (dveṣa).
3,34,How do attraction and repulsion relate to sense-objects according to this teaching on Attraction?,Attraction and repulsion are said to be rooted in all sense-objects.
3,34,Why should a person not come under the sway of rāga and dveṣa as?,A person should not come under the sway of rāga and dveṣa because they can cloud judgment and lead to actions driven by emotional impulses rather than wisdom.
3,34,What is meant by the phrase 'principal enemies' in the context of attraction and?,The phrase 'principal enemies' refers to how attraction and repulsion disturb the mind and distract individuals from their higher purpose.
3,34,"How can one practically avoid being overpowered by the influence of the senses, as?","To avoid being overpowered by the senses, one can practice self-awareness and mindfulness."
3,35,"What does Krishna say about performing one's own svadharma, even if it is devoid?","Krishna teaches that performing one's own svadharma, or personal duty, is preferable."
3,35,How does the verse describe the consequences of dying while performing one's own dharma?,The verse describes that even if a person dies while performing their own dharma—meaning their prescribed duty—it is considered auspicious and leads to spiritual welfare.
3,35,"What does 'paradharma' refer to, and why is it described as 'bhayavaha' or fraught?","'Paradharma' refers to the duties or responsibilities that belong to someone else, not to oneself."
3,35,"Why does Krishna emphasize the superiority of one's own dharma over another's, even if?",Krishna emphasizes this to teach that each soul has a unique role and path aligned with its nature and stage of life.
3,35,How can this teaching about svadharma help a person struggling with self-doubt or comparison?,This teaching encourages individuals to honor their unique journey and responsibilities without being distracted by how others perform theirs.
3,36,Who is asking Krishna about the reason behind a person's involuntary sinful actions?,It is Arjuna who is asking Krishna this profound question.
3,36,What specific word does Arjuna use to describe actions that a man performs 'as?,"Arjuna uses the phrase 'as though driven by force' to describe actions that seem compelled, even against one's own will."
3,36,How does Arjuna express the conflict between a person's unwillingness and their actions in?,"Arjuna describes a situation where a person, even though unwilling, finds himself committing sinful acts."
3,36,Why does Arjuna refer to the human tendency to commit 'sin' even when one?,Arjuna is probing the deeper reason behind human weakness and moral failure.
3,36,What is the significance of Arjuna addressing Krishna as 'Vārṣṇeya' when asking about the?,"By calling Krishna 'Vārṣṇeya,' Arjuna honors him as a descendant of the Vrishni clan."
3,37,Who identifies desire and anger as the main enemies and what quality do they?,Lord Krishna is the speaker.
3,37,"According to Krishna, what characteristics make desire (kama) so dangerous in the context of?","Krishna describes desire as insatiable, meaning it is never satisfied no matter how much it is indulged."
3,37,What does it mean when Krishna refers to desire as 'insatiable' and 'grossly wicked'?,By calling desire 'insatiable.
3,37,Why does Krishna advise Arjuna to know desire and anger as the 'enemy' in?,"Krishna advises Arjuna to see desire and anger as the enemy because they cloud judgment, disturb inner peace."
3,37,How can understanding the origin of desire in Rajas help a person control anger?,"Understanding that desire and anger arise from Rajas, the quality of restless passion."
3,38,What three examples does Krishna use to illustrate how knowledge is covered?,"Krishna uses the examples of fire covered by smoke, a mirror covered by dust."
3,38,"How does desire act as a covering over knowledge, according to the comparison with?","Desire covers knowledge in a way similar to how smoke veils fire, dust clouds a mirror."
3,38,Why does Krishna refer to desire as 'eternal enemy' in the context of the?,Krishna calls desire the 'eternal enemy' because it constantly stands in opposition to wisdom.
3,38,What is the significance of describing desire as 'difficult to satisfy' and 'like fire'?,"Desire is compared to fire because, like fire, it always seeks more fuel and never feels complete."
3,38,How can one begin to clear the coverings of desire to reveal true knowledge?,"To clear the coverings of desire, one must practice self-awareness and discipline."
3,39,"Who is referred to as 'Kauṇteya', and what is the significance of addressing Arjuna?","'Kauṇteya' refers to Arjuna, the son of Kunti."
3,39,What does Krishna describe as the 'eternal enemy of the wise'?,"Krishna describes desire, which takes the form of unending longing, as the eternal enemy of the wise."
3,39,Why is desire compared to fire in this teaching to Arjuna?,"Desire is compared to fire because, like fire, it can never be truly satisfied."
3,39,"How does desire act to cover or obscure knowledge, according to Krishna's explanation?","Desire distracts and clouds the mind, making it difficult to see things as they truly are."
3,39,What can one do to overcome the insatiable nature of desire that Krishna warns?,"To overcome desire, one can practice self-control, develop awareness of their thoughts and motives."
3,40,What are the locations described as the seat of delusion for the soul?,"The verse describes the senses, mind, and intellect as the seats where delusion resides."
3,40,"How do the senses, mind, and intellect work together to cover knowledge according to?","The senses gather information from the outer world, the mind processes these impressions, and the intellect discerns and makes decisions."
3,40,Why does covering knowledge lead to delusion for the embodied soul as mentioned?,"When knowledge is covered, the true nature of the self is forgotten."
3,40,"What is the significance of calling the senses, mind, and intellect the 'seat'?",Calling them the 'seat' means these are the primary places where desire can take hold and exert its influence.
3,40,How can one protect their knowledge from being covered by the influence of desire?,"To protect knowledge, one can practice self-awareness and discipline over the senses, mind, and intellect."
3,41,What does Krishna instruct Arjuna to control before confronting the evil that destroys knowledge?,Krishna instructs Arjuna to first control his senses.
3,41,How does Krishna describe the 'evil thing' that must be overcome according to this?,Krishna describes the 'evil thing' as something that destroys both knowledge and realization.
3,41,Why does Krishna emphasize controlling the senses as a necessary step before attacking the?,Krishna emphasizes controlling the senses because our desires and impulses often arise through sensory experiences.
3,41,What is the significance of the terms Jñāna and vijñāna?,Jñāna refers to spiritual knowledge or understanding of the absolute reality.
3,41,"How can a person practically 'kill' the force that destroys spiritual knowledge, as advised?","To 'kill' the force that destroys spiritual knowledge, one must first practice self-discipline over the senses and desires."
3,42,"What hierarchy is described in relation to the body, senses, mind, intellect, and Self?","This verse describes a hierarchy of subtlety and power, beginning with the body at the lowest level."
3,42,What does it mean that the Self is greater than the intellect?,The statement that the Self is greater than the intellect signifies that the Self is the ultimate reality and essence of our being.
3,42,Why might the senses be considered greater than the body?,The senses are considered greater than the body because they are the means through which we perceive and interact with the world.
3,42,"How can understanding the hierarchy of body, senses, mind, intellect, and Self help in?",Understanding this hierarchy can guide personal growth by showing the path of spiritual evolution.
3,42,What elements are described as greater than the mind?,"The intellect is described as greater than the mind, and the Self is described as greater than the intellect."
3,43,Who is Krishna addressing as 'Mahabaho'?,"Krishna is addressing Arjuna as 'Mahabaho', which means 'mighty-armed'."
3,43,What is the 'enemy in the form of Desire' mentioned?,The 'enemy in the form of Desire' refers to the intense desires and attachments that cloud one's judgment and hinder spiritual progress.
3,43,How can one subdue the mind by reason according to this teaching on Arjuna?,Subduing the mind by reason involves using one's higher intellect to control emotional impulses and desires.
3,43,Why does Krishna emphasize knowing what is 'higher than the intellect'?,Krishna emphasizes knowing what is 'higher than the intellect' to highlight the importance of connecting with one's higher self or soul.
3,43,How does the concept of overcoming desire relate to self-mastery?,Overcoming desire is a key aspect of self-mastery as it involves controlling one's baser instincts and attachments.
4,1,Who did Sri Bhagavan first teach the immortal Yoga to?,"Sri Bhagavan first taught the immortal Yoga to Vivasvan, the Sun-god."
4,1,How is the transmission of Yoga described?,A lineage.
4,1,Why might the Yoga be described as 'immortal'?,'immortal' to emphasize its eternal and unchanging nature.
4,1,Who is the speaker of the verse?,The speaker of the verse is Sri Bhagavan.
4,1,What does the passage of Yoga from Vivasvan to Manu and Iksvaku signify in?,The passage of Yoga from Vivasvan to Manu and Iksvaku signifies the continuity and preservation of spiritual wisdom across generations.
4,2,Who are described as the ones who knew this Yoga?,"The Rajarsis, or royal sages, are described as the ones who knew this Yoga."
4,2,What does the term 'paramparā' signify in the context of this teaching on Yoga?,'paramparā' signifies the traditional succession.
4,2,Why is it significant that the Yoga has disappeared from the earth according to?,The disappearance of this Yoga from the earth signifies a loss of important spiritual knowledge and guidance that was once upheld by the rajarsis.
4,2,Who is Krishna addressing?,"Krishna is addressing Arjuna in this verse, explaining the historical transmission of Yoga through the lineage of rajarsis."
4,2,What can we learn about the importance of preserving spiritual traditions from this teaching?,This verse teaches us that spiritual traditions are vital for maintaining wisdom and guidance across generations.
4,3,Who is Krishna speaking to and why is this significant?,Krishna is speaking to Arjuna in this verse.
4,3,What does Krishna describe as a 'supreme secret'?,Krishna describes the ancient Yoga as a 'supreme secret'.
4,3,Why does Krishna choose to impart the ancient Yoga to Arjuna?,Krishna chooses to impart the ancient Yoga to Arjuna because Arjuna is both his devotee and friend.
4,3,What does Krishna mean by calling the Yoga 'ancient' in this context?,"By calling the Yoga 'ancient', Krishna refers to the timeless and eternal nature of this spiritual wisdom."
4,3,What does this teaching on Yoga suggest about the relationship between teacher and student?,"That the relationship between teacher and student in spiritual teachings is built on trust, devotion, and friendship."
4,4,Who is questioning Krishna about the teaching of Yoga?,Arjuna is questioning Krishna.
4,4,What is the main concern Arjuna expresses about Krishna's teaching of Yoga to Vivasvan?,Arjuna is perplexed about the timeline.
4,4,Why does Arjuna find it difficult to believe that Krishna taught Yoga to Vivasvan?,Arjuna struggles to reconcile Krishna's apparent recent birth with the ancient existence of Vivasvan.
4,4,What deeper understanding might Arjuna seek about Krishna's ability to teach ancient wisdom?,Arjuna seeks a deeper understanding of Krishna's true nature and divine capabilities.
4,4,How does Arjuna's question about time and teaching reflect a broader philosophical inquiry?,"Arjuna's question reflects a broader philosophical inquiry into the nature of time, divinity, and knowledge."
4,5,Who is being addressed as 'O subduer of the enemy'?,Arjuna is being addressed as 'O subduer of the enemy' by Lord Krishna.
4,5,What does Krishna claim to remember that Arjuna cannot?,Krishna claims to remember all of the many births that both he and Arjuna have passed.
4,5,Why does Krishna emphasize his ability to remember past births?,Krishna emphasizes his ability to remember past births to illustrate his divine nature and omniscience.
4,5,"Who is speaking in Chapter 4, Verse 5, and what is the context of?",The speaker in this verse is Lord Krishna.
4,5,What implication does Krishna's ability to remember past lives have on the understanding of?,Krishna's ability to remember past lives suggests that consciousness in its ultimate form is eternal and all-knowing.
4,6,What does Krishna say about His nature in relation to birth and death?,"Krishna states that He is birthless and deathless, signifying His eternal and unchanging nature."
4,6,How does Krishna describe His manifestation?,"Krishna describes His manifestation as occurring through His own Yogamaya, which is His divine potency."
4,6,Why does Krishna mention Yogamaya in this context?,Krishna mentions Yogamaya to explain that His appearance in the world is not due to the ordinary laws of nature but through His divine power.
4,6,What does it mean when Krishna refers to Himself as 'the Lord of all?,When Krishna refers to Himself as 'the Lord of all beings.
4,6,How can understanding Krishna's divine manifestation help someone in their spiritual journey?,"Understanding Krishna's divine manifestation can inspire faith and devotion, reminding individuals that divine intervention is always purposeful."
4,7,What does Krishna say about righteousness and unrighteousness?,"Krishna explains that whenever there is a decline in righteousness and an increase in unrighteousness, He manifests Himself."
4,7,Why does Krishna mention the decline of Dharma in his discourse to Arjuna?,Krishna mentions the decline of Dharma to emphasize His role as the divine protector and restorer of cosmic order.
4,7,What does Krishna mean by 'I body Myself forth'?,When Krishna says 'I body Myself forth.
4,7,How can the concept of Krishna manifesting when Dharma declines be applied to one's?,"This concept suggests that whenever we face challenges or see injustice, there is a divine force ready to restore balance."
4,7,To whom is Krishna speaking about righteousness and unrighteousness?,Krishna is speaking to Arjuna in this verse.
4,8,What are the three main purposes of Krishna's incarnations?,"Krishna's incarnations have three main purposes: to protect the virtuous, to destroy the evil-doers, and to establish Dharma."
4,8,How does Krishna describe his appearance in different ages?,Krishna describes his appearance as occurring in every age.
4,8,Why does Krishna emphasize the protection of the virtuous?,Krishna emphasizes the protection of the virtuous to maintain moral and spiritual integrity in the world.
4,8,What is the significance of Dharma in Krishna's mission according to this teaching on?,Dharma represents the cosmic order and moral law that sustain the universe.
4,8,How can one relate to Krishna's promise of appearing 'age to age' in their?,Krishna's promise to appear 'age to age' symbolizes the constant presence of divine intervention in times of need.
4,9,Who is speaking to Arjuna about divine birth and actions?,Lord Krishna is speaking to Arjuna.
4,9,What happens to a person who truly understands the divine nature of Krishna's birth?,A person who truly understands the divine nature of Krishna's birth and actions is not reborn after leaving their body.
4,9,What is the nature of Krishna's birth and actions as described?,Krishna's birth and actions are described as divine.
4,9,How does understanding the divinity of Krishna's actions affect one's cycle of rebirth?,Understanding the divinity of Krishna's actions liberates one from the cycle of rebirth.
4,9,"What is the significance of coming to Krishna after death, as mentioned?",Coming to Krishna after death signifies liberation and the end of the cycle of birth and death.
4,10,What emotions are mentioned as being completely rid of by the devotees?,"The verse mentions that the devotees are completely rid of passion, fear, and anger."
4,10,How are the devotees described in relation to the divine?,"Being wholly absorbed in the divine, depending on the divine, and purified by the penance of wisdom."
4,10,What does it mean for devotees to be 'purified by the penance of wisdom'?,Being 'purified by the penance of wisdom' suggests that through deep understanding and contemplation.
4,10,"Who is speaking in Chapter 4, Verse 10, about the transformation of devotees?",Lord Krishna is speaking about how many devotees in the past have become one with the divine through devotion and wisdom.
4,10,Why is it significant that many have become one with the divine even in?,It highlights the timeless nature of spiritual transformation and the universal truth that liberation and unity with the divine are attainable through devotion and wisdom.
4,11,Who is the speaker of the verse addressing as 'Arjuna'?,"The speaker of the verse is Lord Krishna, and he is addressing Arjuna, his devoted disciple and friend."
4,11,What does Krishna mean by 'howsoever men seek Me'?,"Krishna means that people approach the divine in various ways, through devotion, rituals, knowledge, or service."
4,11,How does the concept of 'all men follow My path' influence one's spiritual practice?,"This concept suggests that regardless of the path one chooses, whether it be devotion, knowledge, or action."
4,11,What philosophical understanding can be derived from Krishna saying 'I approach them'?,The philosophical understanding here is that the divine is responsive and accessible to all.
4,11,In what way does Krishna describe the relationship between humans and the divine?,Krishna describes a dynamic and reciprocal relationship where the divine responds to human efforts and approaches.
4,12,Who are eager for the success of works?,It is mentioned that the gods are eager for the success of works.
4,12,What do men in the human world do to achieve success according to this?,"According to this verse, men in the human world worship the gods to achieve success."
4,12,"Why do people worship the gods for success, as mentioned?",People worship the gods for success because they believe that success is born from actions and the gods are associated with granting the fruits of these actions quickly.
4,12,What does 'success born of works' imply in the context of this verse?,'Success born of works' implies that the outcomes or achievements one desires are directly linked to the efforts and actions they undertake.
4,12,How does this verse reflect on the relationship between human effort and divine intervention?,This verse reflects the belief that while human effort is essential for achieving success.
4,13,Who is said to have created the four orders of society?,The verse states that the four orders of society were created by Krishna.
4,13,What are the four orders of society mentioned?,"The four orders of society mentioned are the Brahmana, the Ksatriya, the Vaisya, and the Sudra."
4,13,How does Krishna describe His role in the creation of societal orders?,"Krishna describes Himself as the creator of the societal orders, yet He emphasizes that He remains the non-doer."
4,13,What does Krishna mean by stating He is both the creator and non-doer?,Krishna means that although He has established the societal orders and their duties.
4,13,Why is it important to understand the concept of being a 'non-doer' as expressed?,Understanding Krishna as a 'non-doer' teaches us about detachment and the divine nature of actions.
4,14,What does Krishna say about His relationship with the fruits of actions?,Krishna states that He has no craving for the fruits of actions.
4,14,How does Krishna's lack of desire for karmaphala influence His state of being?,"Krishna's lack of desire for the fruits of actions, or karmaphala, means that actions do not affect or bind Him."
4,14,What implication does Krishna's teaching about detachment from action's fruits have for a follower?,Krishna implies that by understanding and adopting a similar detachment from the results of actions.
4,14,What does it mean to be 'not bound by actions' according to Krishna?,Being 'not bound by actions' means that one is free from the cycle of karma that typically binds individuals to the cycle of birth and rebirth.
4,14,Why is detachment from the fruits of actions considered important in spiritual practice?,Detachment from the fruits of actions is important because it leads to a state of equanimity and inner peace.
4,15,Who are referred to as ancient seekers for liberation?,The ancient seekers for liberation mentioned in the verse are the spiritual aspirants from the past who sought freedom and enlightenment through their actions.
4,15,What does Krishna advise regarding actions and the example of the ancients?,Krishna advises that actions should be performed with the understanding that even the ancient seekers of liberation engaged in actions.
4,15,Why does Krishna emphasize performing actions as done by the ancients?,Krishna emphasizes performing actions like the ancients to highlight the timelessness and universality of righteous action.
4,15,What is the significance of the phrase 'having known thus' in the context of?,The phrase 'having known thus' signifies the importance of understanding the purpose and nature of actions before performing them.
4,15,"How can one perform actions without being attached to the results, as suggested?","To perform actions without attachment, one can focus on the duty itself."
4,16,Why are even intelligent people puzzled over what is action and inaction?,The nature of action and inaction is complex and often misunderstood.
4,16,What does Krishna promise to explain?,Krishna promises to expound the truth about action and inaction.
4,16,What is the significance of understanding the truth about action?,Understanding the truth about action is significant because it leads to liberation from the binding effects of actions.
4,16,How can knowing the truth about action free one from its evil effects?,Knowing the truth about action can free one from its evil effects by allowing a person to act with awareness and detachment.
4,16,Who is speaking and to whom is the message addressed?,Krishna is speaking to Arjuna.
4,17,What are the three aspects of action that must be known?,"The three aspects that must be known are action, inaction, and prohibited action."
4,17,Why is it said that the ways of action are mysterious?,"The verse describes the ways of action as mysterious because understanding the true nature and consequences of actions, inactions."
4,17,What might it mean to understand 'inaction' in the context of this verse?,Understanding 'inaction' might mean recognizing moments when refraining from action is more beneficial or appropriate than acting.
4,17,How can one approach the mystery of action as mentioned?,One can approach the mystery of action by cultivating discernment and wisdom.
4,17,What is the significance of knowing prohibited action according to this verse?,Knowing prohibited action is significant because it helps individuals avoid actions that lead to negative consequences or moral decline.
4,18,What is described as the quality of a wise man?,"The quality of a wise man, as described in this verse."
4,18,How is a yogi characterized in the context of knowing action and inaction?,A yogi is characterized as someone who has the profound understanding to see the subtle nature of action and inaction.
4,18,What does it mean to see 'inaction in action' and 'action in inaction' in?,"Seeing 'inaction in action' means recognizing that even when engaged in activities, a wise person remains detached and internally inactive."
4,18,Why is the ability to discern action and inaction considered a sign of wisdom?,This ability is considered a sign of wisdom because it reflects a deep understanding of the nature of reality and the self.
4,18,How can one apply the principle of seeing action in inaction to daily life?,One can apply this principle by practicing mindfulness and detachment.
4,19,What qualities does a person possess to be called a sage according to the?,A person is called a sage when all their undertakings are free from desire and worldly thoughts.
4,19,How are the actions of a wise person described?,Being devoid of desire and worldly thoughts.
4,19,Why are actions 'burnt up by the fire of wisdom' considered significant?,Actions that are burnt up by the fire of wisdom are significant because they are purified and no longer driven by personal desires or attachments.
4,19,What does it mean for undertakings to be 'free from desire and thoughts of?,Being 'free from desire and thoughts of the world' means that one's actions are not motivated by personal gain.
4,19,How can one achieve actions that are free from desire according to this teaching?,"To achieve actions free from desire, one must cultivate wisdom and self-awareness, recognizing the transient nature of worldly desires."
4,20,How can someone be fully engaged in action and yet do nothing at all?,This verse explains that a person who has renounced attachment to both actions and their outcomes can perform actions without any personal involvement.
4,20,What does it mean to be ever satisfied and not depend on the world?,Being ever satisfied means being content with oneself and not seeking fulfillment from external sources.
4,20,What is the significance of giving up attachment to actions and their fruit mentioned?,Giving up attachment to actions and their fruit is significant because it leads to liberation from the cycle of desire and disappointment.
4,20,How does the concept of non-attachment relate to spiritual practice?,"In spiritual practice, non-attachment is a fundamental principle that helps practitioners transcend the ego and the material world."
4,20,Who is described as the person who does nothing even while engaged in action?,The verse describes a person who has renounced attachment to actions and their outcomes.
4,21,What does the verse say about a person who has subdued his mind and?,"The verse states that a person who has subdued his mind and body, given up all objects of enjoyment."
4,21,How is the state of being 'free from craving' significant?,Being 'free from craving' is significant as it indicates a state of inner control and detachment.
4,21,Why does the verse emphasize performing 'sheer bodily actions'?,The emphasis on performing 'sheer bodily actions' highlights the idea of acting without attachment.
4,21,How can someone 'subdue the mind and body' as mentioned?,"To 'subdue the mind and body,' one must practice self-discipline and control over desires and impulses."
4,21,What does the verse suggest about the relationship between actions and sin?,"The verse suggests that actions performed with a controlled mind and body, and without attachment to material gains."
4,22,How is the Karmayogi described in terms of contentment?,Being contented with whatever is received without seeking.
4,22,What does it mean for the Karmayogi to be 'free from jealousy'?,Being 'free from jealousy' implies that the Karmayogi does not compare himself with others or feel envious of their achievements or possessions.
4,22,Why is it important for the Karmayogi to transcend pairs of opposites like joy?,Transcending pairs of opposites such as joy and grief is crucial for the Karmayogi because it leads to equanimity.
4,22,How can one achieve balance in success and failure as suggested?,Achieving balance in success and failure involves cultivating a mindset of equanimity.
4,22,What is the result of a Karmayogi's balanced state regarding his actions?,The result of a Karmayogi's balanced state is that he is not bound by his actions.
4,23,What happens to the actions of a person who is free from attachment?,The actions of a person who is free from attachment melt away.
4,23,Why does a person whose mind is established in knowledge perform actions for the?,A person whose mind is established in knowledge understands the deeper purpose of actions and life.
4,23,What does it mean to be 'free from attachment' as mentioned?,Being 'free from attachment' means not being emotionally or mentally bound to the outcomes of one's actions or to material possessions.
4,23,How can one achieve a state where their actions 'melt away' according to this?,To achieve a state where actions 'melt away'.
4,23,What qualities must a person possess for their actions to be fully dissolved?,A person must be free from attachment and their mind must be established in knowledge.
4,24,How is Brahma depicted in the act of sacrifice?,Brahma is depicted as all aspects of the sacrifice.
4,24,What does it mean to see Brahma everywhere in the context of sacrifice?,To see Brahma everywhere in the context of sacrifice means to recognize the divine presence in all elements of the ritual.
4,24,How does the concept of seeing everything as Brahma influence one's spiritual practice?,Seeing everything as Brahma encourages the practitioner to transcend duality and perceive the oneness of existence.
4,24,What is the significance of the phrase 'Brahma is the fire'?,The phrase 'Brahma is the fire' signifies that the divine presence is inherent in the transformative power of the fire used in the sacrificial ritual.
4,24,Whose teachings are being conveyed about Brahma and sacrifice?,The teachings about Brahma and sacrifice are conveyed by Lord Krishna.
4,25,What are the two types of sacrifices mentioned by the yogis?,Two types of sacrifices are described.
4,25,What do some yogis offer as a sacrifice to the gods?,Some yogis offer sacrifice in the form of worship to the gods.
4,25,How do yogis perceive the sacrifice of the self in the fire of Brahma?,Yogis who sacrifice the self in the fire of Brahma perceive this as an act of realizing their identity with the supreme reality.
4,25,Why might a yogi choose to sacrifice the self rather than worship the gods?,A yogi might choose to sacrifice the self to attain a deeper understanding of the non-dualistic nature of existence.
4,25,What does the sacrifice 'in the shape of the self' symbolize for a yogi?,The sacrifice 'in the shape of the self' symbolizes the yogi's journey towards self-realization and enlightenment.
4,26,What does it mean to offer the sacrifice of the senses to the self?,To offer the sacrifice of the senses to the self means to focus one's sensory perceptions inwardly.
4,26,What does the verse say about offering the sacrifice of objects of the senses?,"The verse describes offering the sacrifice of the objects of the senses, beginning with sound, to the senses themselves."
4,26,How can the practice of sacrificing sensory objects lead to spiritual growth?,Sacrificing sensory objects involves mindful engagement and renunciation of the attachment to sensory pleasures.
4,26,What is the significance of beginning with the ears and sound in this sacrifice?,Beginning with the ears and sound signifies the importance of listening and discernment in spiritual practice.
4,26,Who is the speaker and what is their purpose in describing these sacrifices?,"The speaker in this verse is Lord Krishna, who is imparting wisdom to Arjuna."
4,27,What do yogis sacrifice into the fire of Yoga?,Yogis sacrifice all the functions of their senses and the functions of the vital airs into the fire of Yoga.
4,27,How is self-control described as a form of sacrifice?,Self-control is depicted as a form of sacrifice where individuals offer the activities of their senses and vital functions into the metaphorical fire of Yoga.
4,27,What is the significance of the 'fire of Yoga' in the practice of self-control?,The 'fire of Yoga' symbolizes the transformative power of disciplined practice and wisdom.
4,27,What does it mean to sacrifice the functions of the senses and vital airs?,To sacrifice the functions of the senses and vital airs means to consciously redirect and control one's sensory activities and life energies.
4,27,Who is described as performing the sacrifice into the fire of Yoga?,It is the yogis who are described as performing the sacrifice.
4,28,What are the different types of sacrifices mentioned?,"The verse mentions several types of sacrifices: sacrifices with material possessions, sacrifices in the form of austerities."
4,28,How do striving souls perform sacrifice through wisdom?,Striving souls perform the sacrifice through wisdom by engaging in the study of sacred texts.
4,28,Why might someone choose to perform a sacrifice in the shape of austerities?,Someone might choose to perform a sacrifice in the shape of austerities to purify themselves and cultivate discipline.
4,28,What is the significance of performing sacrifices through different means like Yoga or material?,Performing sacrifices through different means like Yoga or material possessions signifies the diversity of paths available for spiritual growth.
4,28,How does the concept of sacrifice relate to spiritual growth?,The concept of sacrifice in this verse relates to spiritual growth by encouraging individuals to offer something valuable as a means of transcending the ego and connecting with a higher purpose.
4,29,What are the different practices of yogis related to Pranayama?,"It is described that some yogis practice offering the act of exhalation into inhalation, and vice versa."
4,29,What does the offering of exhalation into inhalation signify?,The offering of exhalation into inhalation signifies a deep meditative practice where the yogi seeks to balance the breath.
4,29,Who are the practitioners mentioned in the verse that focus on breath-control?,"The practitioners mentioned in the verse are those who are devoted to Pranayama, the practice of breath-control."
4,29,What is the significance of regulating diet in the practice of Pranayama as mentioned?,Regulating diet is important in the practice of Pranayama because it helps in controlling the body's energy and maintaining balance.
4,29,How does the practice of Pranayama contribute to spiritual growth according to this teaching?,The practice of Pranayama contributes to spiritual growth by harmonizing the breath and vital energies.
4,30,What does it mean to be a 'knower of sacrifice' in the context of?,To be a 'knower of sacrifice' means to understand and embody the principles of self-discipline and self-offering.
4,30,How is the concept of sacrifice described in relation to prāṇān-prāṇeṣu?,"In relation to prāṇān-prāṇeṣu, sacrifice is described as an act of offering one's life energy back into itself."
4,30,Who are described as 'yajñavido'?,The verse describes those who are 'yajñavido' as individuals who understand and practice the principles of sacrifice.
4,30,What is the result of the sacrifices performed by yajñavido?,The result of the sacrifices performed by yajñavido is the destruction of their sins.
4,30,How can the practice of yajña lead to the destruction of sins according to?,"The practice of yajña, or sacrifice."
4,31,What do those who eat the remnants of sacrifices attain?,Those who eat the remnants of sacrifices attain the eternal Brahman.
4,31,How does the verse describe the existence of a person who does not perform?,The verse states that this world does not exist for one who does not perform sacrifices.
4,31,What is the significance of referring to Arjuna as 'O best of the Kurus'?,Referring to Arjuna as 'O best of the Kurus' highlights his noble lineage and potential for understanding profound spiritual truths.
4,31,Why is performing sacrifices important according to this teaching on Those?,Performing sacrifices is important because it connects individuals with the eternal Brahman and ensures spiritual progress.
4,31,How can the idea of 'eating the remnants of sacrifices' be applied to one's?,In daily life.
4,32,Through what medium are the many forms of sacrifice detailed?,The many forms of sacrifice are detailed through the mouth of the Vedas.
4,32,What does the verse imply about the nature of actions related to sacrifices?,"The verse implies that sacrifices are actions involving the mind, senses, and body."
4,32,How can performing sacrifices as described lead to freedom from bondage?,"Performing sacrifices with the understanding that they are actions of the mind, senses."
4,32,What philosophical insight does this teaching on Many provide about liberation through action?,This verse provides the insight that liberation is attainable through the conscious and dedicated performance of actions.
4,32,In what ways are the sacrifices mentioned in the verse performed?,"The sacrifices are performed through actions involving the mind, senses, and body."
4,33,Who is addressed as 'son of Kunti'?,"In , Arjuna is addressed as 'son of Kunti'."
4,33,What is considered superior to material sacrifice according to the verse?,"According to the verse, sacrifice through Knowledge is considered superior to sacrifice performed with material things."
4,33,Why might the sacrifice through Knowledge be deemed superior to material sacrifices?,The sacrifice through Knowledge is deemed superior because it transcends the physical domain and leads to a deeper understanding and realization.
4,33,How can one apply the concept of 'sacrifice through Knowledge' in daily life?,In daily life.
4,33,What does it mean that all actions culminate in Knowledge?,The statement that all actions culminate in Knowledge means that the ultimate goal of all actions is to lead to greater understanding and awareness.
4,34,Who are the 'wise seers of Truth' referred to?,The 'wise seers of Truth' are enlightened beings or spiritual masters who have realized the ultimate truth.
4,34,What are the three actions mentioned in the verse to approach an illumined soul?,"The three actions mentioned are prostrating at their feet, rendering them service."
4,34,Why is it important to question with an open and guileless heart according to?,Questioning with an open and guileless heart is important because it shows sincerity and humility.
4,34,How does rendering service to spiritual masters aid in understanding knowledge?,Rendering service to spiritual masters is a form of devotion and respect.
4,34,What is the significance of prostrating at the feet of an illumined soul in?,"Prostrating at the feet of an illumined soul signifies surrender, humility, and respect."
4,35,What will happen to Arjuna when he reaches enlightenment?,"When Arjuna reaches enlightenment, ignorance will no longer delude him."
4,35,How does the verse describe the perception of the creation after gaining enlightenment?,The verse describes that after gaining enlightenment.
4,35,What does it mean to see the entire creation first within oneself and then?,This means that through enlightenment.
4,35,Why is ignorance no longer able to delude someone who has attained knowledge according?,"Ignorance loses its power because true knowledge reveals the reality of existence, dissolving misconceptions and delusions."
4,35,How can one apply the concept of seeing the creation within themselves in daily?,"By recognizing that we are all connected, one can cultivate a sense of unity and compassion towards others."
4,36,How is the metaphor of a raft used in relation to knowledge?,Knowledge is compared to a raft that can carry one across the ocean of sins.
4,36,What does Krishna say about the power of knowledge over sin?,Krishna states that even if someone is the worst of all sinners.
4,36,Why does Krishna emphasize the capability of knowledge to absolve sins?,Krishna emphasizes the capability of knowledge to absolve sins to illustrate its profound transformative power.
4,36,How can one apply the concept of using knowledge to overcome sin in daily?,"To apply this concept in daily life, one can seek true knowledge and understanding."
4,36,What is the significance of comparing a sinner to someone crossing an ocean?,The comparison of a sinner to someone crossing an ocean signifies the daunting and seemingly insurmountable challenge of overcoming one's sins.
4,37,What metaphor does Krishna use to describe the effect of Knowledge on actions?,Krishna compares Knowledge to a blazing fire that turns fuel to ashes.
4,37,"How does the 'fire of Knowledge' function in relation to all actions, according to?","The fire of Knowledge consumes and destroys all actions, just as a powerful fire reduces fuel to ashes."
4,37,Why does Krishna liken Knowledge to fire when addressing Arjuna about karma?,Krishna uses the imagery of fire because fire is a force that purifies and transforms.
4,37,What is meant by 'all actions are turned to ashes' through Knowledge?,"The phrase means that when a person attains Knowledge, their actions no longer create new karmic bonds."
4,37,How can one cultivate the 'fire of Knowledge' in daily life to overcome the?,"To cultivate the fire of Knowledge, one can engage in self-inquiry, study spiritual teachings."
4,38,What is described as the greatest purifier on earth?,The verse states that there is nothing on earth as purifying as Knowledge.
4,38,How does a person attain the light of Truth according to this teaching on?,"A person attains the light of Truth through a prolonged practice of Karmayoga, which purifies the heart."
4,38,What does it mean when the verse says Knowledge is a purifier?,When the verse refers to Knowledge as a purifier.
4,38,Why does Krishna emphasize the importance of self-realization through prolonged practice?,Krishna emphasizes prolonged practice because spiritual growth and true understanding do not happen instantly.
4,38,Why is Knowledge considered superior to other forms of purification like rituals or austerities?,"Knowledge is considered superior because it transforms one's very understanding and consciousness, rather than only purifying externally or temporarily."
4,39,What qualities are mentioned as necessary for attaining knowledge?,"The verse highlights three essential qualities for attaining knowledge: faithfulness, devotion, and self-control."
4,39,"How does self-control, as mentioned in the phrase 'self-controlled', help a seeker progress towards?",Self-control allows a seeker to direct their energy and attention away from distractions and towards their spiritual goal.
4,39,Why is faith considered important in the process of gaining knowledge according to this?,Faith acts as the foundation upon which all learning rests.
4,39,What does the phrase 'supreme peace' signify in the context of this verse?,"Supreme peace refers to a deep, unwavering tranquility that arises when a person realizes true knowledge."
4,39,How can one cultivate the qualities of devotion and faithfulness in daily life to?,"To cultivate devotion, one can dedicate time each day to study, reflection, and practices that honor their spiritual path."
4,40,What are the three qualities mentioned that lead a person to spiritual ruin?,The verse describes three qualities that lead a person away from the spiritual path: lack of discrimination.
4,40,How does the term 'saṁśayātmā' or 'doubting soul' affect one's happiness according to this?,"A doubting soul, described as 'saṁśayātmā', is unable to experience true happiness."
4,40,"Why does the verse say that for someone with doubt, there is neither this?",The verse teaches that when a person is overwhelmed by doubt.
4,40,What is the deeper significance of being 'devoid of faith' as mentioned?,"Being devoid of faith means lacking trust in oneself, in the teachings, or in the spiritual path."
4,40,How can one overcome the condition of doubt and lack of faith highlighted?,"To overcome doubt and lack of faith, one should cultivate discernment through study and reflection."
4,41,To whom is Krishna speaking when he refers to 'Dhananjaya' and what is the?,"Krishna is addressing Arjuna, also known as Dhananjaya, on the battlefield."
4,41,What does the verse say about the effect of 'dedicating all actions to God?,"The verse states that when one dedicates all actions to God through Karmayoga, such actions do not bind the individual."
4,41,What does it mean to have 'doubts torn to shreds by wisdom'?,Having doubts torn to shreds by wisdom means that through true understanding and realization.
4,41,How is the quality of being 'self-possessed' described or implied?,Being self-possessed refers to having mastery over one's own mind and emotions.
4,41,Why do actions not bind someone who practices Karmayoga and has destroyed all doubts?,Actions do not bind such a person because they act without selfish desires or attachment to outcomes.
4,42,What is Arjuna instructed to cut with the 'sword of wisdom'?,Arjuna is instructed to cut away the doubt born of ignorance that resides in his heart.
4,42,What does the phrase 'stand firm in the yoga of equanimity' mean?,The phrase 'stand firm in the yoga of equanimity' means to steady oneself in a state of mental balance.
4,42,Why does Krishna refer to doubt as being 'born of ignorance' and residing in?,Krishna refers to doubt as 'born of ignorance' because uncertainty and confusion arise when one lacks true understanding or knowledge.
4,42,What practical steps does this teaching on Yoga suggest for overcoming inner confusion before?,That one should seek knowledge and clarity to dissolve inner doubts.
4,42,How does the 'sword of wisdom' symbolize the role of knowledge in spiritual progress?,The 'sword of wisdom' symbolizes the power of knowledge to dispel ignorance and dissolve the doubts that hinder spiritual growth.
5,1,Who is questioning Krishna about the merits of renunciation and yoga of action?,Arjuna is the one questioning Krishna.
5,1,How does Arjuna describe Krishna's teachings on sannyasa and karma yoga?,"Arjuna observes that Krishna praises both sannyasa, the renunciation of actions, and karma yoga, the path of selfless action."
5,1,Which two specific paths does Arjuna mention when asking Krishna for guidance: sannyasa and?,"Arjuna specifically mentions sannyasa, which is renunciation of actions, and yoga, referring to karma yoga or the yoga of action."
5,1,Why does Arjuna seek a definite answer about 'which one is certainly better' for?,Arjuna is aware of the importance of making the right spiritual choice.
5,1,What does the phrase 'pray tell me which of the two is decidedly conducive?,This phrase shows Arjuna's sincere longing for guidance and his desire to act in the best possible way.
5,2,Who distinguishes between Sannyasa and Karma Yoga and explains their relative merits?,"It is Lord Krishna who speaks in this verse, explaining to Arjuna the distinction between Sannyasa."
5,2,What two paths are said to lead to supreme bliss according to the verse?,"The verse states that both Sannyasa, which is the renunciation of actions, and Karma Yoga."
5,2,How does Krishna describe the superiority of Karma Yoga over Karma Sannyasa?,Krishna explains that while both the renunciation of action and the yoga of action can lead to supreme well-being.
5,2,What is meant by 'Karma Yoga being easier of practice' as stated?,'Karma Yoga being easier of practice' means that performing one's duties and actions with the right attitude.
5,2,Why might someone still be drawn to Sannyasa if Karma Yoga is considered superior?,Some individuals may be naturally inclined toward renunciation due to their inner disposition or past spiritual development.
5,3,"To whom does Krishna address the term 'mighty-armed', and why is this significant?",Krishna addresses Arjuna as 'mighty-armed' to remind him of his strength and potential.
5,3,What qualities define a 'nitya-sannyasi' according to the phrase 'he who neither hates nor?,"A 'nitya-sannyasi', or true renunciant, is defined by the absence of hatred and desire."
5,3,How does the state of being 'free from dualities' contribute to happiness and liberation?,"Being free from dualities means not being affected by opposites like pleasure and pain, like and dislike."
5,3,"What is meant by 'bondage' in the context of this teaching on Arjuna, and?","'Bondage' in this context refers to attachment to desires, aversions, and the results of actions."
5,3,Why does Krishna emphasize the importance of not hating or desiring in the path?,Krishna emphasizes this because both hatred and desire create mental disturbances and keep the mind restless.
5,4,Who are said to call Sankhyayoga and Karmayoga separate in their results?,"It is the ignorant, or those lacking true understanding, who claim that Sankhyayoga and Karmayoga yield different results."
5,4,How does the verse describe the outcome for someone firmly established in either Sankhyayoga?,The verse explains that a person who is firmly established in either Sankhyayoga (the path of knowledge) or Karmayoga (the path of selfless action) attains the fruit of both paths.
5,4,What does 'the fruit of both' refer to in the context of this teaching?,"In this context, 'the fruit of both' means the attainment of God-Realization or union with the Divine."
5,4,Why does Krishna emphasize that only the ignorant see a difference between Sankhyayoga and?,Krishna emphasizes this point to dispel any confusion or division between the two paths.
5,4,How can a seeker apply the wisdom that Sankhyayoga and Karmayoga lead to the?,A seeker can understand that the path chosen—whether pursuing knowledge or engaging in selfless action—is less important than the sincerity and depth of their practice.
5,5,Which two paths does Krishna mention as leading to the same supreme state?,Krishna mentions the paths of Sankhya (the path of knowledge) and Yoga (the path of action).
5,5,How does the verse describe the relationship between Sankhyayoga and Karmayoga?,The verse describes Sankhyayoga (the path of knowledge) and Karmayoga (the path of action) as ultimately leading to the same spiritual goal.
5,5,What does Krishna mean when he says 'he alone who sees Sankhyayoga and Karmayoga?,When Krishna says this.
5,5,What is implied by the 'supreme state' attained through both the Sankhya and Yoga?,"The 'supreme state' refers to liberation, self-realization, or union with the ultimate reality."
5,5,"Why might someone struggle to see Sankhyayoga and Karmayoga as equally effective, and how?",People may struggle because they focus on the differing practices and philosophies of knowledge and action.
5,6,"Who is Mahābāho being addressed by Krishna, and what is the significance of this?","Mahābāho, meaning 'mighty-armed one,' is a term Krishna uses to address Arjuna."
5,6,What does Krishna say is difficult to attain without Karmayoga?,"Krishna states that true renunciation, or Sannyasa—letting go of the sense of doership in all actions of the mind."
5,6,"How does a Karmayogi, as described in this teaching on Arjuna, reach Brahma?","A Karmayogi, who performs actions while keeping the mind fixed on the Divine, is able to reach Brahma."
5,6,What is implied by 'renunciation of doership in relation to all activities' in Krishna's?,'Renunciation of doership' means giving up the personal sense of 'I am the one doing this action.' Instead.
5,6,"Why does Krishna emphasize that Sannyasa without Yoga is difficult, and what lesson can?",Krishna emphasizes that renunciation without disciplined action (Yoga) is difficult because the mind remains restless and attached to results.
5,7,What qualities are described for a person who is called a Karamayogi?,"A Karamayogi is described as someone who is united with yoga, has a pure heart."
5,7,What does it mean to be 'untainted' while performing actions according to this teaching?,Being 'untainted' means performing one's duties and actions without being affected by the results or developing attachment.
5,7,How does identifying with the self of all beings help the Karamayogi remain unaffected?,"When a person identifies with the self that resides in all beings, a sense of unity and universal compassion arises."
5,7,What is implied by the phrase 'mastered his senses'?,"'Mastered his senses' implies having control over one's desires, impulses, and reactions to sensory experiences."
5,7,Why does the verse emphasize purity of heart and self-control for someone practicing karma?,Purity of heart and self-control are emphasized because they are the foundation for acting without attachment or selfish motives.
5,8,Who is described as the 'knower of reality' and what attitude does he maintain?,"The 'knower of reality' refers to the Sankhyayogi, a person established in yoga and wisdom."
5,8,Which daily activities are specifically mentioned in the verse to illustrate the state of?,"The verse specifically mentions seeing, hearing, touching, smelling, eating, walking, sleeping, and breathing as daily activities."
5,8,Why does the Sankhyayogi regard himself as 'doing nothing' even when actively eating or?,The Sankhyayogi sees himself as 'doing nothing' because he has realized the distinction between the body and the true self.
5,8,"What does the phrase 'must believe, even though seeing, hearing, touching, smelling...' teach about?",This phrase teaches that true detachment is not about withdrawing from life or its experiences.
5,8,How can believing 'I do nothing' during ordinary actions like breathing help someone seeking?,Believing 'I do nothing' during ordinary actions encourages a shift from ego-driven living to a state of witnessing.
5,9,What actions are mentioned as examples of sense activities?,"The verse mentions speaking, letting go, grasping, opening the eyes."
5,9,How does the yogi view the movement of the senses among their objects according?,"The yogi sees the senses as merely interacting with their respective objects, without personal involvement."
5,9,Why does the yogi believe 'I do nothing' even while performing ordinary actions like?,The yogi has realized that the self is distinct from the body and the senses.
5,9,What is the deeper significance of holding the thought that 'it is only the?,This perspective allows one to remain unattached and free from the sense of personal doership.
5,9,How can recognizing the senses as separate from the self help overcome anxiety or?,Understanding that the true self is not the doer helps release feelings of anxiety or guilt related to actions.
5,10,What example is used to illustrate someone who is not tainted by sin?,"The example used is that of the lotus leaf, which remains untouched by water."
5,10,How does dedicating all actions to the Supreme influence a person's relationship with sin?,Dedicating all actions to the Supreme allows a person to act without personal attachment or desire for results.
5,10,What is the deeper meaning behind giving up attachment (sangam tyaktva) while performing one's?,Giving up attachment means acting without selfish motives or longing for outcomes.
5,10,Why is the image of the lotus leaf used to describe a person who?,"The lotus leaf grows in water yet stays clean and dry, symbolizing purity and detachment."
5,10,"How can one practically cultivate the attitude of performing actions without attachment, as suggested?","One can start by offering every action—big or small—to the Divine, focusing on sincere effort rather than the outcome."
5,11,What methods do Karmayogis use to perform their actions?,"Karmayogis perform their actions using their body, mind, intellect, and senses."
5,11,How do yogis shake off attachment while acting with their senses and mind?,Yogis act by using their senses and mind without allowing themselves to get emotionally bound to the results or the objects of their actions.
5,11,Why is the feeling of 'mine' considered an obstacle for self-purification according to this?,The feeling of 'mine' arises from ego and attachment.
5,11,What does 'for the sake of self-purification' signify in the context of performing actions?,'For the sake of self-purification' means that actions are done not for personal gain or recognition.
5,11,How can someone in daily life practice action without attachment as described?,"In daily life, one can act without attachment by focusing on doing their responsibilities sincerely."
5,12,What quality enables the Karmayogi to attain lasting peace?,The Karmayogi attains lasting peace by giving up attachment to the fruits of actions.
5,12,How does desire affect the person who is described as 'ayukta'?,The person who is called 'ayukta' is driven by desire and remains attached to the outcomes of their actions.
5,12,What is meant by 'offering the fruit of actions to God'?,Offering the fruit of actions to God means performing one's duties without selfish motives and dedicating the results to the Divine.
5,12,Why does detachment from the outcome of actions lead to true peace according to?,"Detachment from outcomes frees the mind from anxiety, fear, and regret."
5,12,"How can a person practice karma yoga in daily life, based on the guidance?",A person can practice karma yoga by focusing on doing their best in every action.
5,13,What does 'navadware pure dehi' refer to?,'Navadware pure dehi' refers to the embodied soul residing in the city of nine gates.
5,13,How does the self-controlled person 'rest happily' according to this teaching on Sankhyayoga?,The self-controlled person rests happily by renouncing all actions mentally and maintaining mastery over the mind.
5,13,Why is it important that the person 'does nothing himself and gets nothing done?,This emphasizes the deep sense of detachment and inner freedom achieved by the wise.
5,13,What is the significance of 'renouncing all actions by the mind'?,Renouncing all actions by the mind means letting go of attachment to outcomes and the sense of personal doership.
5,13,How does the image of the body as a 'city of nine gates' help?,The city of nine gates illustrates that the body is simply a dwelling for the true self.
5,14,What does the verse say about God's role in determining the doership and actions?,"The verse states that God does not determine the doership, the actions."
5,14,How does the verse describe the functioning of 'svabhava' or Nature in relation to?,"The verse explains that it is Nature, or one's inherent disposition."
5,14,Why does the verse emphasize that God does not create the connection between actions?,By highlighting that God does not create the connection between actions and their results.
5,14,What is the significance of the term 'prabhuḥ' as used in this teaching on?,The term 'prabhuḥ' denotes the Supreme Lord or God.
5,14,"If God is not the doer, nor responsible for karma and its fruits, how?",A person should understand that actions and their results flow naturally from their own nature and the laws of the universe.
5,15,What does the verse say about how the omnipresent God relates to the virtue?,The verse explains that the omnipresent God does not take upon Himself the virtue or sin of any individual.
5,15,How does ignorance envelop knowledge according to this teaching on Knowledge?,"The verse describes that knowledge is covered by ignorance, acting much like a veil that obscures the truth from beings."
5,15,Why do beings fall prey to delusion as mentioned?,Beings fall prey to delusion because their innate knowledge is shrouded by ignorance.
5,15,What practical lesson can one draw from the idea that God neither accepts sin?,The practical lesson is that individuals are responsible for their own actions and the consequences that arise from them.
5,15,How does the teaching that knowledge is covered by ignorance relate to the pursuit?,The teaching suggests that spiritual growth involves lifting the veil of ignorance to reveal true knowledge.
5,16,What is described as being destroyed by true Knowledge?,The verse explains that ignorance is destroyed by true Knowledge.
5,16,How does wisdom act according to the comparison with the sun?,"Wisdom, once it has removed ignorance, is said to shine like the sun."
5,16,What does 'reveals the supreme' mean in the context of this teaching on Wisdom?,'Reveals the supreme' means that true Knowledge allows one to directly perceive and understand the ultimate reality or the supreme self.
5,16,Why is the analogy of the sun used to describe true Knowledge?,The analogy of the sun is used because the sun is the natural source of light that removes darkness instantly and completely.
5,16,How can one attain the state where ignorance is destroyed and wisdom shines forth?,"Attaining this state requires sincere effort in seeking self-knowledge, practicing discernment."
5,17,What is the state achieved by those whose intellect and mind are merged in?,The state achieved is one from which there is no return.
5,17,How does wisdom (jnana) help individuals in becoming free from sins according to this?,"According to this verse, wisdom acts as a purifier, dissolving the impurities and sins accumulated by the individual."
5,17,What does it mean to be 'constantly established in identity with Him' as described?,Being constantly established in identity with Him means having a steadfast awareness of the divine presence within oneself.
5,17,What is implied by 'the state whence there is no return'?,The phrase 'the state whence there is no return' implies attaining ultimate liberation.
5,17,Why is merging one's mind and intellect in the Divine considered essential for liberation?,Merging the mind and intellect in the Divine is essential because it dissolves the sense of separation that causes suffering and bondage.
5,18,Which beings are mentioned as being seen equally by the wise?,"The wise see a learned and cultured Brahmana, a cow, an elephant, a dog, and a pariah with equal vision."
5,18,How does 'the same eye' reflect the attitude of a true sage towards different?,"'The same eye' signifies a vision of equality and unity in all beings, regardless of their social status."
5,18,"Why are wisdom and humility important in perceiving unity among a Brahmana, animals, and?",Wisdom allows one to look beyond outer distinctions and recognize the shared essence within all.
5,18,What does the term 'samadarsinah' imply for how we should treat others in daily?,'Samadarsinah' means seeing with equal vision.
5,18,How can practicing equal vision as described?,Practicing equal vision helps dissolve the barriers created by labels and judgments.
5,19,What quality of mind leads to conquering the mortal plane?,"The quality of mind that leads to conquering the mortal plane is being established in unity, or sameness."
5,19,What does the phrase 'the Absolute is untouched by evil and knows no distinction'?,"This phrase reveals that Brahman is pure, flawless, and beyond all dualities or distinctions."
5,19,"Why does being established in samatva, or sameness, connect a person to the Eternal?",Being established in sameness dissolves the ego and the sense of separateness.
5,19,How can a person practice establishing their mind in unity as described?,"A person can practice this by treating all beings with equal respect, letting go of judgments."
5,19,How are those who have conquered the mortal plane described in relation to Brahman?,Those who have conquered the mortal plane are described as being established in Brahman.
5,20,What qualities are described for a person who is established in Brahman?,A person established in Brahman is described as having a steady mind and being free from excitement or agitation.
5,20,"According to this teaching on Brahman, how does a 'knower of Brahman' react to?",A knower of Brahman does not rejoice when they obtain something beloved.
5,20,Why is not being 'bewildered' significant for someone who is described as 'steady-minded'?,Not being bewildered is significant because it shows that the person is unaffected by the ups and downs of life.
5,20,What does it mean to be 'ever established in the One Supreme Spirit' as?,To be ever established in the One Supreme Spirit means to have a constant awareness of one's unity with the ultimate reality.
5,20,How can one cultivate the steadiness of mind described for the 'brahmavid'?,Cultivating steadiness of mind involves practicing detachment from both pleasure and pain.
5,21,How does a person experience joy by remaining unattached to sense-objects?,"When a person remains unattached to sense-objects, they are not disturbed or distracted by external pleasures or pains."
5,21,What does the verse describe as 'Sattvika joy' and where is it found?,"The verse describes 'Sattvika joy' as a pure, serene happiness that arises from within, not from external objects."
5,21,What is meant by 'Brahma-yoga' in the context of this teaching on Sattvika?,"'Brahma-yoga' in this verse refers to the union with the Supreme Reality, Brahma, achieved through deep meditation and inner absorption."
5,21,"Why does the yogi who identifies with Brahma experience 'eternal Bliss', and how is?","The yogi experiences eternal Bliss because their happiness is rooted in the unchanging, infinite nature of the Self."
5,21,How can one practically cultivate the detachment from 'bāhya sparśa' (external contacts) as described?,"To cultivate detachment from external contacts, one can practice mindfulness and meditation regularly."
5,22,What does Krishna say about pleasures born from sense-contacts?,Krishna explains that pleasures arising from contact between the senses and their objects are ultimately sources of suffering.
5,22,How does Krishna describe the nature of sense-born pleasures as having 'a beginning and?,Krishna points out that sense-born pleasures are temporary in nature.
5,22,Why does Krishna advise that a wise person does not indulge in the enjoyments?,Krishna advises against indulging in sense enjoyments because they are inherently impermanent and lead to suffering.
5,22,What is meant by 'a wise man does not indulge in them' regarding sense-pleasures?,The phrase means that someone who possesses wisdom recognizes the temporary and ultimately unsatisfying nature of sense-pleasures.
5,22,How can one apply Krishna's teaching about sense-contacts to daily life and avoid suffering?,"To apply Krishna's teaching, one can practice mindfulness and self-restraint when encountering pleasurable experiences."
5,23,What two forces must a person endure to be considered a yogi?,A person must endure the force of desire and anger to be considered a yogi.
5,23,How does enduring desire and anger before the body's end lead to happiness according?,Enduring desire and anger before the end of one's physical life allows a person to remain steady and tranquil.
5,23,Why does the verse emphasize 'before the destruction of the body' when talking about?,"The verse points out that self-control must be practiced while we are alive, in this human body."
5,23,What does the term 'yuktaḥ' signify for the person who endures impulses born from?,'Yuktaḥ' refers to someone who is united or well-integrated within themselves.
5,23,Why is controlling the force of kāma (desire) and krodha (anger) considered essential for?,Controlling desire and anger is essential because these emotions can overpower judgment and disturb peace of mind.
5,24,What qualities are described in the Yogi who attains Brahma?,"The verse describes the Yogi as someone who is happy within himself, delights in the soul."
5,24,How is the 'inner light' (jyoti) experienced by the Yogi according to this teaching?,The 'inner light' refers to the illumination that comes from self-realization and inner wisdom.
5,24,What does it mean to 'enjoy within himself the delight of the soul' as?,To enjoy the delight of the soul means finding true happiness and contentment from one's own spiritual nature.
5,24,"What is signified by the phrase 'attains Brahma, who is all Peace'?","The phrase signifies the ultimate union with the Supreme Reality, Brahma, which is pure peace and bliss."
5,24,Why is it important for a seeker to be 'happy within himself' on the?,Being happy within oneself is essential because true fulfillment cannot be found in the changing world outside.
5,25,What are the qualities of those who attain Brahma-nirvana?,"Those who attain Brahma-nirvana are described as seers whose sins have been wiped out, whose minds are disciplined."
5,25,How does engagement in 'the service of all beings' contribute to attaining Brahma according?,Being actively engaged in the service of all beings reflects selflessness and compassion.
5,25,What does it mean for a person's 'sins to be wiped out' in the?,Having one's sins wiped out refers to the purification of the mind and heart through right knowledge and action.
5,25,What is the significance of the phrase 'firmly established in God' for those seeking?,Being firmly established in God signifies unwavering devotion and a steady mind that does not get easily distracted by worldly concerns.
5,25,"Why is dispelling doubt by knowledge important on the spiritual path, as stated?",Dispelling doubt by knowledge is crucial because doubts hinder spiritual progress and inner peace.
5,26,What qualities are described in those who attain Brahman-nirvana?,"Those who attain Brahman-nirvana are described as being free from lust and anger, having subdued minds, and possessing self-knowledge."
5,26,How does the verse portray the state of mind of yatis who are free?,The verse portrays yatis who are free from desire and anger as having a tranquil and disciplined mind.
5,26,Why is it essential to be free from lust and anger to realize the?,Freedom from lust and anger is essential because these emotions cloud the mind and prevent clear perception of truth.
5,26,What does the term 'Brahma-nirvana' signify in the context of this teaching on Supreme?,Brahma-nirvana in this context signifies the ultimate peace and liberation that comes from realizing one's unity with the Supreme Brahman.
5,26,"How can someone practically work towards subduing their mind and realizing the Supreme, as?","To work towards subduing the mind and realizing the Supreme, one can practice self-discipline, meditation."
5,27,What does the verse instruct regarding the regulation of Prana and Apana within the?,The verse instructs the practitioner to make the Prana (outgoing breath) and Apana (incoming breath) equal as they move within the nostrils.
5,27,How does fixing the gaze on the space between the eyebrows help in spiritual?,Fixing the gaze between the eyebrows helps in focusing the mind and withdrawing attention from external distractions.
5,27,What is the significance of 'shutting out all thoughts of external enjoyments' in the?,Shutting out all thoughts of external enjoyments means consciously withdrawing the senses from worldly objects and desires.
5,27,Why does the verse emphasize the balance of outgoing and incoming breaths during meditation?,The balance between outgoing and incoming breaths symbolizes harmony and control over the body and mind.
5,27,"How does regulating the senses and breath, as described in this teaching on Shutting?","By regulating the senses and breath, one creates an inner environment free from agitation and distraction."
5,28,What are the qualities mentioned of a person who is always free?,"The verse describes a person who has controlled their senses, mind, and intellect, is devoted to liberation."
5,28,"How does the state of being free from desire, fear, and anger contribute to?","Being free from desire, fear, and anger allows the mind to remain peaceful and undisturbed."
5,28,What does it mean to be 'devoted to liberation' as described?,To be devoted to liberation means to make spiritual freedom the central goal of one’s life.
5,28,"Why is controlling the senses, mind, and intellect emphasized for attaining freedom?","Controlling the senses, mind, and intellect is essential because they are often sources of distraction and attachment in life."
5,28,"What practical steps can someone take to overcome desire, fear, and anger as recommended?",One can start by practicing self-awareness and mindfulness to recognize when these emotions arise.
5,29,Who is described as the enjoyer of all sacrifices and austerities?,Krishna describes himself as the enjoyer of all sacrifices and austerities.
5,29,How is the role of 'supreme Lord of all the worlds' portrayed?,The verse portrays the Supreme Lord as the highest authority governing all realms and beings.
5,29,What does it mean to see Krishna as the 'disinterested friend of all beings'?,"Seeing Krishna as the disinterested friend means recognizing His unconditional goodwill towards all living entities, free from selfish motives."
5,29,Why does knowing Krishna as described?,"Inner peace arises because, when one truly understands Krishna's nature as the ultimate benefactor, Lord, and friend."
5,29,"How can realizing Krishna as the enjoyer, Lord, and friend change one's approach to?",Realizing Krishna in these roles transforms sacrifice and austerity from mere rituals into acts of loving offering.
6,1,Who is addressed as both a Samnyasi and a Yogi according to Sri Krishna?,The one who performs their duty without attachment to the fruits of action is regarded as both a Samnyasi and a Yogi.
6,1,What does the phrase 'anāśritaḥ karmaphalaṃ' refer to in the context of this teaching?,'Anāśritaḥ karmaphalaṃ' refers to not depending on or expecting the results or fruits of one's actions.
6,1,How does the verse describe the difference between simply renouncing the sacred fire and?,The verse explains that merely abandoning the sacred fire or external rituals does not make one a true renouncer.
6,1,Why does Krishna say that giving up all activity does not make someone a?,Krishna teaches that true Yoga is not about inactivity but about acting without attachment.
6,1,What practical lesson does this teaching on Karma offer about performing 'kāryaṃ karma' or?,"This verse encourages us to perform our prescribed duties diligently, focusing on the action itself rather than its rewards."
6,2,Who is being addressed by Krishna when he explains the connection between Samnyasa and?,"Krishna is addressing Arjuna directly, guiding him through the subtle distinctions and unity between Samnyasa and Yoga."
6,2,"According to Krishna, what must be given up for someone to truly become a?","Krishna states that to truly become a Yogi, one must give up worldly desires and attachments."
6,2,What is the significance of Krishna equating Samnyasa and Yoga in his teachings to?,Krishna’s teaching shows that both Samnyasa and Yoga ultimately aim for the same spiritual goal—freedom from attachment and union with the divine.
6,2,"Why does Krishna insist that 'no one becomes a Yogi' without renouncing sankalpa, or?",Krishna insists on the renunciation of sankalpa because personal desires keep the mind restless and bound to the cycle of craving and dissatisfaction.
6,2,"How can one practically give up thoughts of the world, as advised by Krishna?",Giving up thoughts of the world means cultivating detachment and not letting desires dictate one’s actions.
6,3,What is described as the cause for a person who desires to attain Yoga?,"For a person who aspires to attain Yoga, action is described as the cause."
6,3,How does this teaching on Yoga distinguish between the role of action and peace?,"This verse explains that in the initial stage of spiritual practice, performing actions is essential for progress."
6,3,Why is peace considered the cause for one who is already attached to Yoga?,"Peace is considered the cause for those established in Yoga because, at this advanced stage."
6,3,What does 'karman' and 'śamah' signify in the context of ascending and being established?,"'Karman' refers to selfless action or duty performed without attachment, which is necessary for spiritual seekers to purify the mind."
6,3,How can a practitioner know when to transition from focusing on action to focusing?,A practitioner recognizes the need to transition when actions no longer disturb their mind and there is a natural detachment from outcomes.
6,4,What are the two things a person must cease attachment to in order to?,A person must cease attachment to both sense objects and actions.
6,4,"How does one become a 'yogārūḍha', or someone who has climbed to the heights?","To become a 'yogārūḍha', one must renounce all desires and intentions related to worldly experiences and actions."
6,4,What is implied by 'renounced all thoughts of the world' in the context of?,"'Renounced all thoughts of the world' means fully letting go of personal ambitions, desires."
6,4,Why is detachment from both sense objects and actions important for someone seeking spiritual?,Detachment from sense objects and actions is important because it frees the mind from constant craving and anxiety.
6,4,How can a person practically begin to renounce 'all thoughts of the world' while?,A person can start by observing their desires and gradually reducing their dependence on sensory pleasures and specific outcomes.
6,5,What are the two roles that the self can play according to Krishna?,Krishna explains that the self can be both a friend and an enemy to oneself.
6,5,What does it mean to 'lift oneself by one’s own efforts' as stated?,To 'lift oneself by one’s own efforts' means to take responsibility for your own growth and well-being.
6,5,How does the verse describe the consequences of degrading oneself?,"The verse warns against degrading oneself, as it leads to a decline in one’s mental and spiritual state."
6,5,Why does Krishna say that one’s own self is both a friend and an?,Krishna says this to highlight the power of inner attitude and choices.
6,5,How can understanding the idea that 'one’s own self is one’s friend and enemy'?,Recognizing that you are both your own supporter and obstacle empowers you to take control of your actions and thoughts.
6,6,What does Krishna mean by 'one’s own self is the friend of the soul'?,"Krishna is explaining that when a person has mastered their mind, senses, and body."
6,6,"How does the verse describe the relationship between the self and the mind, senses?","The verse describes that the self, when it has conquered the mind, senses, and body, acts as a true companion."
6,6,What is meant by 'the very self behaves antagonistically like an enemy'?,"This means that if a person does not control their lower tendencies, such as desires and impulses."
6,6,Why does Krishna emphasize conquering the lower self in the context of friendship and?,"Krishna emphasizes this because the mind, senses."
6,6,"How can someone practically become a friend to their own self, as described?","To become a friend to oneself, a person should practice self-discipline, mindfulness, and self-reflection."
6,7,How is the person described who has mastered the self and attained serenity?,Calm and composed.
6,7,What pairs of opposites are mentioned as tests for serenity?,"The verse mentions cold and heat, joy and sorrow."
6,7,Why does the Supreme Spirit become established in someone whose mind is undisturbed by?,The Supreme Spirit becomes established in such a person because their steady and undisturbed mind creates a pure space for higher consciousness.
6,7,What does it mean for the mind to be 'perfectly serene' among honor and?,For the mind to be perfectly serene among honor and dishonor means not letting praise inflate one's ego or criticism cause distress.
6,7,How can one cultivate the self-control described?,One can cultivate self-control by practicing mindfulness and detachment.
6,8,What qualities are described for a Yogi who is said to be united with?,"A Yogi is described as being satisfied by both knowledge and realization, steady and free from delusion."
6,8,"How does the verse explain the significance of treating earth, stone, and gold alike?","The verse highlights that a true Yogi regards material objects, whether humble like earth or precious like gold."
6,8,Why is both Jñana (knowledge) and Vijñana (realization) important for the satisfaction of the?,"Jñana provides an intellectual understanding of the spiritual truths, while Vijñana is direct, experiential realization."
6,8,What does 'Kootastha' or being 'steady and free from delusion' mean in the context?,"Being 'Kootastha' means maintaining unwavering stability and clarity, unaffected by changing circumstances or internal doubts."
6,8,How can a person begin to develop mastery over the senses and equal vision?,"One can start by practicing mindfulness and self-discipline, observing the senses without immediately reacting."
6,9,Who are the types of people mentioned that one should view with equal-mindedness?,"The verse mentions well-wishers, friends, enemies, neutrals, mediators, those who are hateful, relatives, the virtuous, and the sinful."
6,9,How does the verse describe the person who sees suhrid (well-wishers) and bandhu (relatives)?,The verse describes such a person as supreme or distinguished.
6,9,"Why is being samabuddhi, or equal-minded, towards both sadhus (the virtuous) and papis (the?",Being equal-minded towards both the virtuous and the sinful demonstrates a deep realization of the unity that underlies all beings.
6,9,What does the term 'madhyastha' (mediator) signify in the context of this verse's message?,"'Madhyastha' refers to someone who stands in the middle, mediating between others."
6,9,"What practical steps can help cultivate samabuddhi, or equanimity, towards people who are dveṣya?","To cultivate equanimity towards those we dislike, one can practice self-reflection to understand the source of aversion."
6,10,What qualities are described for a yogi who engages in meditation?,"The verse describes a yogi who lives in seclusion, remains alone, has controlled his mind and body."
6,10,How does the instruction to be 'void of possessions' support the yogi's meditation practice?,Being void of possessions helps the yogi avoid distractions and attachments that can arise from material things.
6,10,What does 'living in seclusion' signify for the yogi's spiritual journey?,Living in seclusion means finding a place away from social distractions and worldly noise.
6,10,Why is it important for the yogi to be 'free from desires' when meditating?,Freedom from desires is crucial because desires can agitate the mind and draw attention outward.
6,10,What is the significance of 'constantly engaging the mind in meditation' as advised?,Constant engagement in meditation develops discipline and steadiness.
6,11,What materials are recommended for preparing the seat for meditation?,"The verse recommends using kusha grass, deer skin, and a cloth to cover the seat."
6,11,How should the seat for meditation be positioned according to the guidance about 'neither?,"The seat should be placed at a balanced height, avoiding extremes."
6,11,What is the significance of choosing a 'clean place' for establishing the meditation seat?,"Selecting a clean place symbolizes purity, both physically and mentally."
6,11,Why are specific coverings like kusha grass and deer skin mentioned for the meditation?,"These coverings are traditionally believed to insulate the practitioner from the ground, protecting against energy loss and distractions."
6,11,How does establishing a stable seat relate to achieving steadiness of mind in meditation?,"A stable seat serves as the foundation for physical stillness, which in turn supports mental steadiness."
6,12,What specific actions are mentioned for practising Yoga on the seat?,"The verse instructs the practitioner to concentrate the mind, control the functions of the mind and senses."
6,12,How does controlling the mind and senses contribute to self-purification according to this teaching?,Controlling the mind and senses helps reduce distractions and inner turmoil.
6,12,What does 'self-purification' mean in the context of practising Yoga as described here?,"Self-purification refers to cleansing the mind and heart of impurities such as selfishness, negative thoughts, and distractions."
6,12,Why is concentrating the mind important in the Yoga practice mentioned?,"Concentrating the mind channels one's energy away from external distractions and internal wanderings, allowing for deeper focus during Yoga."
6,12,How can one begin to control the activities of the senses during meditation as?,"To begin controlling the senses, one can practice mindful awareness, gently bringing attention back whenever it wanders."
6,13,What specific instructions are given about the posture during meditation?,"The verse instructs to hold the trunk, head, and neck straight and steady, remaining firm."
6,13,How should one position their gaze according to the verse?,One should fix their gaze on the tip of their nose and avoid looking in other directions.
6,13,What might be the purpose of fixing the gaze on the tip of the?,Fixing the gaze on the tip of the nose helps in concentrating the mind and avoiding distractions.
6,13,Why is it important to remain steady and not look in other directions while?,Remaining steady and not looking in other directions helps in maintaining focus and inner stability.
6,13,What does keeping the body and gaze steady signify in a meditative practice?,"It signifies discipline and control over the body and mind, which are necessary for achieving spiritual clarity and enlightenment."
6,14,What qualities should the Yogi possess according to the verse?,"The verse describes that the Yogi should be firm in chastity, fearless, calm, and have a restrained mind."
6,14,Why is it important for the Yogi to be 'fearless' as mentioned?,Being fearless allows the Yogi to focus deeply and steadily on their spiritual practice without distractions from worldly fears and anxieties.
6,14,How does one maintain a 'perfectly calm' mind as the verse suggests?,"Maintaining a perfectly calm mind involves practicing self-discipline, meditation, and focusing on the divine."
6,14,What does 'fixed on Me' imply in the context of this teaching on Firm?,'Fixed on Me' implies that the Yogi's mind should be entirely focused and dedicated to the divine presence.
6,14,What actions does the verse suggest a Yogi should take to achieve a state?,"The verse suggests that the Yogi should practice chastity, be fearless, keep calm, restrain their mind."
6,15,What does 'constantly applying his mind to Me' imply for a Yogi?,This phrase implies that the Yogi should maintain a continuous focus and devotion towards the divine.
6,15,What is the result of a disciplined mind as described?,"A disciplined mind, according to this verse, leads the Yogi to attain everlasting peace."
6,15,What does 'supreme bliss' mean in the context of this teaching on Thus?,'Supreme bliss' in this context refers to the ultimate state of joy and fulfillment that is beyond worldly pleasures.
6,15,"How can a Yogi attain the 'peace, consisting of supreme bliss' as mentioned?","To attain this peace, a Yogi must cultivate a disciplined mind and consistently focus on the divine."
6,15,Who is the speaker and what is the significance of 'Me'?,"The speaker of this verse is Lord Krishna, addressing the Yogi."
6,16,What does Krishna say about the balance in eating and sleeping habits?,Krishna advises that Yoga requires balance in one's lifestyle.
6,16,Why does Krishna mention eating and sleeping habits in relation to Yoga practice?,Krishna emphasizes eating and sleeping habits to illustrate the necessity of balance and moderation in life.
6,16,How does the concept of moderation in Verse 16 relate to the broader teachings?,Moderation is a key principle in Yoga philosophy.
6,16,What is the significance of the term 'Yoga' in the context of this teaching?,'Yoga' refers to a disciplined practice aimed at achieving spiritual insight and tranquility.
6,16,Who is Krishna speaking to and why is it important?,"Krishna is speaking to Arjuna, offering guidance on the path of Yoga."
6,17,What are the key aspects of life mentioned that need regulation for successful yoga?,"The key aspects mentioned are diet, recreation, performing actions, sleep, and wakefulness."
6,17,"How does regulation in diet and recreation contribute to achieving yoga, according to the?",Regulating diet and recreation helps in maintaining balance and harmony in the body and mind.
6,17,Why is regulation in sleep and wakefulness important for yoga practice?,Regulation in sleep and wakefulness is important as it helps maintain a stable mind and body.
6,17,What is meant by 'yoga which rids one of woe' in this context?,In this context.
6,17,How can one apply the principle of regulation in daily life to achieve peace?,"To apply the principle of regulation, one can start by setting a balanced routine that includes healthy eating."
6,18,What is the state of the mind when it is considered disciplined?,The mind is considered disciplined when it is thoroughly controlled and focused solely on God.
6,18,Why is freedom from yearning for enjoyments important according to this teaching on Yoga?,Freedom from yearning for enjoyments is important because it signifies that the person is not distracted by worldly desires.
6,18,What does being 'established in Yoga' mean?,Being 'established in Yoga' means having a mind that is disciplined and focused on God.
6,18,How can one practice discipline of the mind as mentioned?,"One can practice discipline of the mind by engaging in regular meditation, practicing detachment from material desires."
6,18,What is the person free from when they are established in Yoga?,The person is free from yearning for all enjoyments when they are established in Yoga.
6,19,How is the yogi's mind compared to a lamp?,The yogi's mind is compared to a lamp that does not flicker in a windless place.
6,19,What does the windless place symbolize in the context of meditation?,The windless place symbolizes an environment free from external disturbances and distractions.
6,19,What is the significance of a disciplined mind for a yogi?,A disciplined mind is crucial for a yogi as it allows for deep meditation and connection with the divine.
6,19,How can one achieve the steadiness of mind described?,Achieving the steadiness of mind requires regular practice of meditation and mindfulness.
6,19,Who is described as having a mind like a lamp in a windless place?,The verse describes a yogi who is practicing meditation on God as having a mind like a lamp in a windless place.
6,20,What does it mean for the mind to be 'thoroughly disciplined'?,A thoroughly disciplined mind is one that has been trained through consistent practice of meditation and self-control.
6,20,How does the verse describe the state of being 'established in Yoga'?,Being 'established in Yoga' is described as a state where the mind is fully controlled and centered on the divine.
6,20,"Why is it important to be free from yearning for all enjoyments, according to?",Freedom from yearning for all enjoyments is crucial as it allows the practitioner to maintain focus and stability in their spiritual practice.
6,20,Who is described as being 'established in Yoga'?,The person described as being 'established in Yoga' is one who has mastered the art of controlling their mind through disciplined practice.
6,20,What is the significance of the mind being 'riveted on God alone'?,The mind being 'riveted on God alone' signifies a deep level of concentration and devotion.
6,21,What kind of joy does the soul experience?,The soul experiences an eternal and supersensuous joy that transcends the senses.
6,21,Why is the joy mentioned?,The joy is considered 'supersensuous' because it goes beyond the temporary pleasures of the senses.
6,21,"How does one attain the state where they do not move from Truth, as?",To attain the state where one does not move from Truth.
6,21,What role does the 'subtle and purified intellect' play in the experience described?,The 'subtle and purified intellect' plays a crucial role in apprehending the eternal joy.
6,21,What does it mean for a Yogi to be established in the state mentioned?,For a Yogi to be established in the state mentioned in the verse means to be firmly rooted in the experience of eternal joy and truth.
6,22,What is the state that makes one unshaken by sorrow?,"The state referred to is the realization of the Supreme Self, which brings a profound sense of peace and stability."
6,22,Why does obtaining the Supreme Self make other gains seem insignificant?,Obtaining the Supreme Self fulfills the deepest yearning of the soul for eternal peace and bliss.
6,22,What does 'not reckon any other gain as greater' imply?,This phrase implies that once one attains the realization of the Supreme Self.
6,22,How does being 'established' in the Supreme Self help in dealing with sorrow?,Being established in the Supreme Self provides a solid foundation of inner peace and strength.
6,22,"Who is the speaker, and what is the context of this teaching?","The speaker in this verse is Lord Krishna, who is imparting wisdom to Arjuna."
6,23,What is the state called that is free from the contact of sorrow?,"The state referred to in this verse is called Yoga, which is free from the contact of sorrow."
6,23,What qualities should one possess to practice Yoga according to this teaching on Yoga?,"One should practice Yoga with resolute determination and an unwearied, steady mind, remaining free from the contact of sorrow."
6,23,Why is Yoga described as a state free from sorrow?,Yoga is described as free from sorrow because it leads the practitioner away from the cycle of birth and death.
6,23,What does it mean to practice Yoga with an 'unwearied mind'?,Practicing Yoga with an 'unwearied mind' means maintaining consistent effort and focus without becoming discouraged or tired.
6,23,How can one achieve the state of Yoga mentioned?,"To achieve the state of Yoga, one should cultivate detachment from temporary pleasures and pains."
6,24,What does the verse suggest one should renounce completely?,The verse suggests that one should completely renounce all desires arising from thoughts of the world.
6,24,How does the verse describe the control of the senses?,The verse describes controlling the senses by fully restraining the whole pack of the senses from all sides.
6,24,Why is it important to restrain the senses according to this teaching on Completely?,Restraining the senses is important because it helps in achieving a state of inner peace and focus.
6,24,What is the significance of renouncing desires in the path of yoga?,Renouncing desires is significant in the path of yoga as it leads to detachment from worldly temptations.
6,24,What does 'sankalpa' refer to?,"In this context, 'sankalpa' refers to the thoughts or resolves that give rise to desires."
6,25,What should one do with the mind?,One should fix the mind on the Supreme and not think of anything else.
6,25,How is the practice of focusing the mind described?,"Gradual, requiring firm determination to fix the mind on the Supreme without letting it wander elsewhere."
6,25,What does 'with firm determination' imply in the context of meditation?,'With firm determination' implies a strong resolve and dedication to maintain focus on the Supreme.
6,25,Why is it important to not think of anything else while meditating on the?,It is important because thinking of other things can distract and dilute the focus on the Supreme.
6,25,How can one cultivate the ability to focus the mind on the Supreme as?,"To cultivate this ability, one can practice mindfulness and meditation regularly, develop patience."
6,26,What should one do when the mind becomes restless and fidgety according to the?,One should draw back the restless and fidgety mind from the objects it runs after and repeatedly fix it on God.
6,26,How is the mind described?,"Restless and fidgety, constantly running after various objects."
6,26,Why does the verse suggest repeatedly fixing the mind on God?,The verse suggests repeatedly fixing the mind on God to cultivate focus and discipline.
6,26,What is the significance of 'drawing back' the mind?,The act of 'drawing back' the mind signifies controlling and guiding it away from distractions.
6,26,How can one manage the challenge of a restless mind in daily life?,Managing a restless mind involves awareness and discipline.
6,27,What qualities does the yogi possess to achieve the highest happiness?,"The yogi possesses a mind that is very peaceful, is free from sin, and has calmed their passion or rajas."
6,27,How does calming the passion (rajas) contribute to achieving a state of Brahman?,"Calming the passion, or rajas, helps in reducing the tendencies of restlessness and desires that disturb the mind."
6,27,What is meant by the 'state of Brahman' mentioned?,The 'state of Brahman' refers to a state of ultimate reality and enlightenment.
6,27,Why is achieving a peaceful mind crucial for a yogi's spiritual journey?,Achieving a peaceful mind is crucial because it allows the yogi to focus inwardly without distractions.
6,27,What is the outcome for a yogi with a peaceful mind according to this?,According to this verse.
6,28,What does the Yogi unite with to experience eternal bliss?,The Yogi unites his self with God to experience the eternal bliss of oneness with Brahma.
6,28,What qualities does the Yogi possess according to this teaching on Yogi?,"Sinless and constantly uniting his self with God, leading to an experience of eternal bliss."
6,28,How does the concept of 'eternal Bliss' relate to the practice of yoga mentioned?,The concept of 'eternal Bliss' is the result of the Yogi's practice of uniting his self with God.
6,28,What is the significance of being 'sinless' for a Yogi?,Being 'sinless' signifies purity and a state free from negative influences.
6,28,Why is the experience of oneness with Brahma described as 'easily' attained by the?,"'easily' attained because the Yogi, through discipline and purity, aligns naturally with divine consciousness."
6,29,What does it mean for a yogi to see the Self present in all?,For a yogi to see the Self present in all beings means recognizing the fundamental oneness and interconnectedness of all life.
6,29,How does the yogi's vision of seeing all beings as assumed in the Self?,The yogi's vision of seeing all beings as assumed in the Self leads to an understanding that all individual existences are expressions of the same supreme reality.
6,29,What is the significance of a yogi being united with infinite Consciousness?,The significance of a yogi being united with infinite Consciousness is profound.
6,29,Why is the concept of unity important for a yogi according to this teaching?,The concept of unity is crucial for a yogi because it dissolves the illusion of separateness.
6,29,How does the yogi achieve the state of seeing unity everywhere?,"The yogi achieves the state of seeing unity everywhere through dedicated practice of yoga, which includes meditation, self-discipline, and devotion."
6,30,What does it mean to see all beings existing within Krishna?,Seeing all beings existing within Krishna means recognizing the divine presence in every living entity.
6,30,How does one never lose sight of Krishna?,One never loses sight of Krishna by perceiving Him in all beings and seeing all beings within Him.
6,30,How can seeing Krishna in all beings impact a person's life?,Seeing Krishna in all beings can profoundly transform a person's life.
6,30,What does 'I never lose sight of him' signify in Krishna's statement?,'I never lose sight of him' signifies Krishna's unwavering presence and support for those who maintain this divine vision.
6,30,"Who is the speaker in Chapter 6, Verse 30, and to whom is the?","The speaker in this verse is Lord Krishna, and He is addressing Arjuna."
6,31,What does it mean for a Yogi to worship Krishna as residing in all?,To worship Krishna as residing in all beings means to recognize the divine presence within every creature.
6,31,"How does the Yogi maintain connection with Krishna regardless of actions, according to this?",The verse suggests that a Yogi maintains a connection with Krishna by being established in union with Him.
6,31,Why is it significant that the Yogi abides in Krishna no matter what he?,The significance lies in the understanding that true spiritual practice is not limited to rituals or specific times but is integrated into every aspect of life.
6,31,Who is the speaker and what is their role in the message conveyed?,"The speaker in this verse is Krishna, who is guiding Arjuna on the path of yoga and devotion."
6,31,What does 'abides in Me' signify for the Yogi?,'Abides in Me' signifies a deep spiritual connection where the Yogi is consistently aware of Krishna's presence within and around him.
6,32,Who is considered the highest Yogi according to Krishna?,According to Krishna.
6,32,How does a Yogi view joy and sorrow according to this teaching on Arjuna?,A Yogi views joy and sorrow with a similar eye.
6,32,Why does Krishna emphasize seeing others as oneself?,Krishna emphasizes this perspective to cultivate empathy and selflessness.
6,32,What does 'on the analogy of his own self' imply in understanding others' experiences?,'On the analogy of his own self' implies that one should consider others' experiences with the same understanding and empathy as one would consider one's own.
6,32,How can seeing others' happiness and suffering as one's own lead to spiritual growth?,Seeing others' happiness and suffering as one's own fosters detachment from ego and enhances compassion.
6,33,Who is referred to as 'Madhusudana'?,"'Madhusudana' refers to Krishna, who Arjuna is addressing with respect and devotion."
6,33,Why does Arjuna mention the restlessness of the mind?,Arjuna mentions the restlessness of the mind because it causes him difficulty in perceiving the stability and practice of the Yoga of equanimity that Krishna has described.
6,33,What does Arjuna mean by 'stability of this Yoga'?,"By 'stability of this Yoga,' Arjuna refers to maintaining a steady and balanced mind."
6,33,What is the significance of equability in Yoga as mentioned by Krishna?,"Equability in Yoga is significant as it represents a balanced and tranquil state of mind, free from extremes of emotion."
6,33,How does the concept of a restless mind relate to everyday life challenges?,The concept of a restless mind relates to everyday life as it reflects the common human experience of fluctuating thoughts and emotions.
6,34,Why does Arjuna compare the mind to the wind in his dialogue with Krishna?,Arjuna compares the mind to the wind because both are extremely difficult to control.
6,34,What qualities of the mind does Arjuna describe to Krishna?,"Arjuna describes the mind as unsteady, turbulent, tenacious, and powerful."
6,34,What does Arjuna imply about the difficulty of controlling the mind?,Arjuna implies that controlling the mind is an extremely challenging task due to its restless and powerful nature.
6,34,How does Arjuna express his struggle with the mind to Krishna?,Arjuna expresses his struggle by acknowledging the mind's unstable and forceful nature.
6,34,What philosophical insight can we gain from Arjuna's comparison of the mind to the?,The comparison suggests that the mind's nature is inherently restless and requires diligent effort to control.
6,35,Who is referred to as 'Mahabaho' and 'Kunti's son'?,'Mahabaho' and 'Kunti's son' refer to Arjuna.
6,35,What two methods does Krishna mention for controlling the restless mind?,Krishna mentions 'repeated practice (of meditation)' and 'dispassion' as methods to control the restless mind.
6,35,Why does Krishna describe the mind as 'restless' and 'difficult to curb' to Arjuna?,Krishna describes the mind as 'restless' and 'difficult to curb' to acknowledge the natural tendencies of the mind.
6,35,How can 'dispassion' help in controlling the mind according to Krishna's teachings?,Dispassion helps in controlling the mind by reducing attachment to desires and outcomes.
6,35,What does 'repeated practice' imply in the context of controlling the mind?,'Repeated practice' implies the consistent and regular engagement in meditation or similar mental exercises.
6,36,What does Krishna say about the difficulty of achieving yoga without a controlled mind?,Krishna expresses that yoga is painful and difficult to achieve for someone whose mind is not controlled.
6,36,Why does Krishna believe that yoga becomes easier for someone with a controlled mind?,"Krishna believes that when the mind is controlled, distractions are minimized, allowing for focused and consistent practice."
6,36,How can one achieve a controlled mind according to the teachings?,Achieving a controlled mind requires consistent effort and practice.
6,36,What is Krishna's opinion about the relationship between a controlled mind and the practice?,"Krishna opines that for someone with a controlled mind, yoga can be attained without any difficulty."
6,36,Why does Krishna emphasize the control of the mind in the practice of yoga?,Krishna emphasizes mind control because it is fundamental to achieving success in yoga.
6,37,Why does Arjuna express concern about the soul who fails to reach perfection in?,"Arjuna is concerned about the fate of a person who, despite having faith."
6,37,What specific qualities does Arjuna mention about the soul in his question to Krishna?,Arjuna mentions that the soul possesses faith but has not subdued its passions.
6,37,What does 'Yoga' signify in the context of Arjuna's question to Krishna?,"In this context, 'Yoga' refers to the disciplined practice aimed at spiritual enlightenment and union with the divine."
6,37,How does the concept of faith play a role in Arjuna's inquiry about Yoga?,"Faith is seen as a crucial element for spiritual practice, providing motivation and trust in the process of Yoga."
6,37,Who is the speaker of this teaching on Yoga and to whom is the?,"The speaker of this verse is Arjuna, who is addressing Lord Krishna."
6,38,What does the metaphor of the 'torn cloud' signify for someone who has strayed?,The metaphor of the 'torn cloud' signifies a person who has lost their way on the spiritual journey.
6,38,What concerns does Arjuna express regarding someone who is 'deprived of both God-Realization and?,Arjuna is concerned that a person who has strayed from the spiritual path may lose both the ultimate goal of God-Realization and the temporary pleasures of worldly life.
6,38,Who is Arjuna addressing as 'Mahabaho'?,"Arjuna is addressing Krishna as 'Mahabaho', which means 'mighty-armed one'."
6,38,Why does Arjuna use the term 'strayed from the path leading to God-Realization'?,Arjuna uses this term to describe someone who has deviated from their spiritual discipline or practice.
6,38,What lesson can we learn about attachment and spiritual practice from the idea of?,The idea of being 'without anything to stand upon' teaches us the importance of steadfastness and consistency in spiritual practice.
6,39,Who is being addressed to resolve doubt?,"Arjuna is addressing Lord Krishna, seeking His guidance to resolve a doubt."
6,39,What does Arjuna mean by asking Krishna to 'slash' his doubt?,"By asking Krishna to 'slash' his doubt, Arjuna is expressing a strong desire for clarity and understanding."
6,39,What word does Arjuna use to describe the completeness of the action he desires?,Arjuna uses the word 'completely' to emphasize the thoroughness of the action he desires from Krishna.
6,39,Why is it significant that Arjuna believes no one but Krishna can resolve his?,Arjuna's belief that only Krishna can resolve his doubt highlights his trust in Krishna's divine wisdom and unique ability to provide guidance.
6,39,What can we learn from Arjuna's request to Krishna about handling doubts in our?,Arjuna's request to Krishna teaches us the importance of seeking guidance from those with greater wisdom and insight when facing doubts.
6,40,Who assures Arjuna about the fate of those who strive for self-realization?,"It is Sri Bhagavan, or Lord Krishna."
6,40,What does Lord Krishna mean by saying there is no 'fall' for the person?,Lord Krishna means that those who sincerely strive for self-realization will not suffer loss or degradation.
6,40,Why does Krishna emphasize that no one who strives for self-redemption meets with evil?,Krishna emphasizes this to reassure practitioners that their spiritual efforts are valuable and protected.
6,40,How does the assurance of no fall affect one's approach to spiritual practice?,This assurance encourages individuals to pursue spiritual practices without fear of failure or wasted effort.
6,40,What does the term 'kalyaanakrit' signify in the context of this teaching on Arjuna?,"In this context, 'kalyaanakrit' refers to someone who performs auspicious or beneficial actions aimed at self-realization or God-realization."
6,41,What happens to a yogi who has fallen from their practice?,A yogi who has fallen from their practice is said to attain the worlds of the righteous.
6,41,Why does the verse mention the yogi being born in the house of the?,The mention of being born in the house of the pure and prosperous signifies that the fallen yogi is given a favorable start in their next life.
6,41,What are the 'worlds of the righteous' referred to?,"The 'worlds of the righteous' refer to heavenly realms or higher planes of existence, where virtuous souls reside."
6,41,What does it mean for a yogi to be 'fallen' or 'yogabhrashta'?,"A 'fallen' yogi, or 'yogabhrashta'."
6,41,How can one understand the concept of rebirth in the context of this teaching?,The concept of rebirth here is a reminder of the cyclical nature of life and the continuation of the soul's journey.
6,42,What type of family is mentioned as a place of birth for someone with?,It is mentioned that a person with dispassion is born in the family of enlightened Yogis.
6,42,What does it mean for a birth to be 'very difficult to obtain' in?,In this context.
6,42,Why might being born in the family of enlightened Yogis be considered a blessing?,Being born in the family of enlightened Yogis can be considered a blessing because it provides a conducive environment for spiritual growth.
6,42,Who is the speaker of this teaching on Yogis?,The speaker of this verse is Lord Krishna.
6,42,How does the concept of being born in a Yogi's family relate to the?,Being born in a Yogi's family relates to the concepts of karma and rebirth as it suggests that one's past actions and spiritual endeavors influence the conditions of their next birth.
6,43,What does the individual attain that is born of past merits?,"The individual attains the union of intellect, which is born of the merits of past lives."
6,43,What does the term 'buddhisamyogam' refer to in the context of this teaching on?,The term 'buddhisamyogam' refers to the union or alignment of intellect.
6,43,How does the concept of 'past lives' influence the striving for perfection?,The concept of 'past lives' suggests that the merits accumulated from previous existences contribute to one's current intellectual and spiritual capabilities.
6,43,What is the significance of Kurunandana?,Kurunandana is a term of endearment for Arjuna.
6,43,Why might an individual need to strive again for perfection even after attaining the?,"Even after attaining a union of intellect, one must strive again for perfection because spiritual growth is an ongoing journey."
6,44,Who feels drawn towards God by force of habit acquired in a previous birth?,"The person who takes birth in a rich family, though under the sway of his senses."
6,44,How does previous practice influence the seeker of enlightenment in Yoga mentioned?,The seeker of enlightenment in Yoga is influenced by previous practice through an innate tendency to be drawn towards God.
6,44,Why might someone born in a wealthy family still be inclined towards spiritual pursuits?,Someone born in a wealthy family might still be inclined towards spiritual pursuits because of the spiritual habits and practices carried over from previous lives.
6,44,How can one transcend the fruits of actions performed with interested motives as described?,One can transcend the fruits of actions performed with interested motives by developing even-mindedness and focusing on spiritual enlightenment.
6,44,What is the significance of the term 'shabda-brahma' in the context of this teaching?,The term 'shabda-brahma' refers to the Vedic scriptures and their prescribed rituals.
6,45,Who attains the supreme state according to this teaching on Yogi?,The Yogi who diligently practices and is thoroughly purged of sin attains the supreme state.
6,45,What role do past lives play in a Yogi's journey?,Past lives contribute latencies or impressions that aid the Yogi in attaining perfection in the current life.
6,45,How does diligent practice help a Yogi in achieving the supreme state?,Diligent practice purifies the Yogi of sins and sharpens their focus and discipline.
6,45,What does 'supreme state' refer to in this context?,The 'supreme state' refers to the ultimate realization or enlightenment that a Yogi achieves.
6,45,Why is it important for a Yogi to be purged of sin to reach?,"Being purged of sin is crucial as it purifies the mind and soul, removing obstacles to spiritual growth."
6,46,Who is considered superior to the ascetics and those versed in sacred lore?,The yogi is considered superior to both the ascetics and those versed in sacred lore.
6,46,Why does Krishna advise Arjuna to become a yogi?,Krishna advises Arjuna to become a yogi because a yogi is considered superior to those who practice asceticism.
6,46,What does it mean for a yogi to be superior to those who perform?,A yogi being superior to those performing actions with interested motives means that the yogi acts without attachment to the outcomes.
6,46,What is the significance of the superiority of a yogi over others in spiritual?,"The significance of the yogi's superiority lies in the yogi's ability to integrate knowledge, action."
6,46,How can one strive to be a yogi according to Krishna's teachings?,"To strive to be a yogi, one should cultivate balance in life by practicing self-discipline, mindfulness."
6,47,Who does Krishna consider the best among Yogis?,Krishna considers the Yogi who devoutly worships Him with a mind focused on Him as the best among all Yogis.
6,47,What does it mean to have one's mind focused on Krishna according to this?,Having one's mind focused on Krishna means directing all thoughts and consciousness towards Him with unwavering devotion.
6,47,Why is devotion considered the highest form of Yoga?,Devotion is considered the highest form of Yoga because it involves a complete surrender of the self to the divine.
6,47,How is the term 'shraddhavan' (श्रद्धवान्) significant?,The term 'shraddhavan' refers to someone who possesses deep faith and devotion.
6,47,How can one integrate the teachings of this teaching on Yogis into daily life?,Integrating the teachings of this verse into daily life involves cultivating a focused and devout mind.
7,1,What does Sri Bhagavan advise Arjuna to do with his mind?,Sri Bhagavan advises Arjuna to attach his mind to Him through exclusive love and practice Yoga with absolute dependence on Him.
7,1,How does Sri Bhagavan say Arjuna will come to know Him?,Sri Bhagavan tells Arjuna that by practicing Yoga with a mind attached to Him and with absolute dependence on Him.
7,1,Why is it important for Arjuna to practice Yoga with dependence on Sri Bhagavan?,Practicing Yoga with dependence on Sri Bhagavan is important for Arjuna because it allows him to focus completely on the Divine.
7,1,What is meant by 'exclusive love' towards Sri Bhagavan in this context?,"'Exclusive love' towards Sri Bhagavan refers to a deep, unwavering devotion and attachment to the Divine."
7,1,How can practicing Yoga with a mind attached to the Divine help overcome doubts?,Practicing Yoga with a mind attached to the Divine helps in focusing the mind on higher truths and divine qualities.
7,2,What does Krishna promise to unfold to Arjuna?,Krishna promises to unfold the wisdom of God in His absolute formless aspect.
7,2,How does Krishna describe the completeness of the knowledge he is offering?,Krishna describes the knowledge he is offering as comprehensive and complete.
7,2,Why does Krishna say that nothing remains to be known after understanding this wisdom?,Krishna suggests that understanding this wisdom provides the ultimate knowledge of both the formless and the qualified aspects of God.
7,2,"Who is speaking to whom in this teaching on Wisdom, and what is the?",Krishna is speaking to Arjuna.
7,2,How can one apply the knowledge of God’s formless and qualified aspects in daily?,"By understanding the formless aspect of God, one can cultivate a sense of detachment and universal love."
7,3,What is said about the rarity of knowing Krishna in truth?,The rarity of truly knowing Krishna.
7,3,Why does Krishna emphasize the rarity of knowing Him in truth among those who?,Krishna emphasizes this rarity to illustrate the profound and deep nature of spiritual wisdom and realization.
7,3,What is the proportion of people who strive for perfection compared to those who?,"The verse explains that among thousands of people, only a few strive for perfection."
7,3,How does the concept of striving for perfection relate to understanding one's divine nature?,"Striving for perfection involves self-discipline, inner reflection, and devotion, which are crucial for realizing one's divine nature."
7,3,What does the term 'perfection' imply in the context of this teaching on Among?,"In the context of this verse, 'perfection' refers to spiritual attainment and self-realization."
7,4,What does Krishna describe as the components of His nature?,"Krishna describes the components of His nature as earth, water, fire, air, ether, mind."
7,4,How does Krishna categorize His nature?,Krishna categorizes His nature into eight distinct parts.
7,4,Why does Krishna mention elements like earth and water in His explanation of nature?,Krishna mentions elements like earth and water to illustrate that His divine nature encompasses both the physical and the mental realms of existence.
7,4,What is the significance of Krishna including mind and ego in the eightfold nature?,Including mind and ego highlights the importance of inner consciousness and the self-concept in understanding the divine nature.
7,4,How can understanding the eightfold nature help in spiritual growth?,Understanding the eightfold nature can aid in spiritual growth by highlighting the interconnectedness of all things.
7,5,What are the two types of nature described by Krishna?,Krishna describes two types of nature: the lower (material) nature and the higher (spiritual) nature.
7,5,How does Krishna describe his higher nature?,"Krishna describes his higher nature as Jiva, the life-principle."
7,5,Why does Krishna refer to the material nature as 'lower'?,Krishna refers to the material nature as 'lower' because it is inert and lacks consciousness.
7,5,What does 'Jiva' represent in Krishna's explanation to Arjuna?,"In Krishna's explanation, 'Jiva' represents the spiritual essence or life-principle."
7,5,How can understanding the distinction between material and spiritual nature guide one's life?,Understanding the distinction helps one recognize the importance of prioritizing spiritual growth over material pursuits.
7,6,What does Krishna state about the origin of all beings?,Krishna states that all beings have evolved from the twofold Prakrti.
7,6,What does Krishna mean by 'twofold Prakrti' in this context?,The 'twofold Prakrti' refers to the two aspects of nature: the material and the spiritual.
7,6,Why does Krishna mention both creation and dissolution in his explanation to Arjuna?,Krishna mentions both creation and dissolution to highlight his role as the ultimate source and end of the universe.
7,6,How can understanding Krishna as the source of creation and dissolution influence one's perspective?,Understanding Krishna as the source of creation and dissolution can lead to a sense of surrender and acceptance.
7,6,What is the significance of Krishna telling Arjuna that he is the 'source of?,"By declaring himself as the 'source of the entire creation,' Krishna emphasizes his divine authority and omnipresence."
7,7,What analogy does Krishna use to describe His relationship to the world?,Krishna uses the analogy of clusters of yarn-beads formed by knots on a thread to describe how the entire world is threaded on Him.
7,7,How does Krishna convey His supremacy to Arjuna?,Krishna conveys His supremacy by stating that there is nothing else besides Him.
7,7,What can we infer about the nature of the universe from Krishna's analogy of?,"From Krishna's analogy, we can infer that the universe is interconnected and dependent on a singular divine presence."
7,7,What does the concept of everything being 'threaded' on Krishna suggest about individual existence?,The concept suggests that individual existence is not separate from the divine but is part of a greater whole.
7,7,Why does Krishna emphasize that there is nothing else besides Him?,Krishna emphasizes this to convey the idea of His omnipresence and the foundational role He plays in the existence of the universe.
7,8,What does Krishna say he is in water?,"Krishna says he is the sapidity, or the taste, in water."
7,8,How does Krishna describe his presence in the moon and the sun?,Krishna describes his presence in the moon and the sun as the light.
7,8,What is the significance of Krishna being the sacred syllable OM in all the?,The sacred syllable OM represents the ultimate reality and the essence of the Vedas.
7,8,What does Krishna mean by saying he is the sound in ether?,By saying he is the sound in ether.
7,8,Why does Krishna refer to himself as the manliness in men?,"Krishna refers to himself as the manliness in men to convey that the strength, courage."
7,9,Which elements does Krishna identify Himself with in the earth and fire?,Krishna identifies Himself with the pure odour in the earth and the brilliance in fire.
7,9,What is the significance of Krishna being the 'life in all beings' as mentioned?,Being the 'life in all beings' signifies Krishna's role as the essential force that sustains all living entities.
7,9,How does Krishna's identification with 'austerity in men of askesis' relate to spiritual practice?,Krishna's identification with 'austerity in men of askesis' underscores the importance of discipline and self-control in spiritual practice.
7,9,Why does Krishna refer to Himself as the 'pure odour' in the earth?,Krishna refers to Himself as the 'pure odour' in the earth to illustrate that He is the essence and subtle presence in all material things.
7,9,What lesson can be learned from Krishna's statement about being the 'brilliance in fire'?,The lesson from Krishna's statement about being the 'brilliance in fire' is that the divine presence is inherent in all forms of energy and light.
7,10,What does Krishna refer to as the 'eternal seed' of all beings?,Krishna refers to himself as the eternal seed of all beings.
7,10,How does Krishna describe his relationship to intelligence and glory?,Krishna states that he is the intelligence of the intelligent and the glory of the glorious.
7,10,What is the significance of Krishna calling himself 'the intelligence of the intelligent'?,By calling himself the intelligence of the intelligent.
7,10,Why does Krishna urge Arjuna to recognize him as the 'glory of the glorious'?,Krishna urges Arjuna to see him as the underlying source of all greatness to help Arjuna develop a deeper sense of reverence and connection to the divine in everyday life.
7,10,How can recognizing Krishna as the source of intelligence and glory change the way?,Recognizing Krishna as the source of intelligence and glory encourages us to see our talents not as personal possessions.
7,11,What does Krishna say about the strength of the strong?,"Krishna explains that he is the strength of the strong, but this strength is free from desire and attachment."
7,11,How does Krishna describe desire (kāma) that is not opposed to dharma in beings?,Krishna states that he manifests as desire in all beings.
7,11,What does it mean for strength to be 'devoid of desire and passion' according?,Strength devoid of desire and passion means possessing power or energy without being driven by selfish wants or emotional cravings.
7,11,Why does Krishna emphasize that he is only the desire that is not opposed?,Krishna emphasizes this to teach that not all desires are negative; desires aligned with truth and righteousness are divine.
7,11,How can one recognize if their desires are in harmony with dharma as described?,One can recognize if their desires are in harmony with dharma by reflecting on whether their actions support truth.
7,12,"Who claims that Sattvika, Rajasa, and Tamasa entities originate from Him?","Krishna is speaking to Arjuna and explains that all entities arising from the qualities of Sattva, Rajas."
7,12,"According to Krishna, what should Arjuna know about the origin of Sattvika, Rajasa, and?","Krishna instructs Arjuna to understand that all thoughts, feelings, and entities born from Sattva (goodness), Rajas (activity)."
7,12,"How does Krishna describe His relationship to the qualities of Sattva, Rajas, and Tamas?","Krishna describes that although all qualities—Sattva, Rajas, and Tamas—emerge from Him."
7,12,What is the deeper significance of Krishna stating that He is not in the?,Krishna's statement highlights the transcendence of the Divine over the modes of nature.
7,12,"What practical understanding can a seeker gain from knowing that Sattva, Rajas, and Tamas?","A seeker can learn that while all aspects of life—goodness, passion, and inertia—arise from the Divine."
7,13,Which three modes are described as deluding the whole world?,"The three modes described are Sattva, Rajas, and Tamas."
7,13,"How do the objects evolved from Sattva, Rajas, and Tamas affect the beings in?","The objects and experiences shaped by Sattva, Rajas, and Tamas create desires, attachments, and aversions in beings."
7,13,Why does the world fail to recognize the 'imperishable' standing apart from the three?,The world fails to recognize the imperishable reality because it is caught up in illusion created by the three gunas.
7,13,What does it mean when Krishna says He is 'standing apart from these and?,When Krishna says He is 'standing apart from these and imperishable.
7,13,How can one move beyond the delusion caused by the three gunas to realize?,"To move beyond the delusion of the three gunas, one must cultivate awareness and detachment from worldly attractions and aversions."
7,14,Who is described as the source of the divine energy made of the three?,"The speaker, Krishna, reveals that the divine energy composed of the three modes—sattva, rajas, and tamas—originates from Him."
7,14,What does Krishna call the force that is 'difficult to overcome' and made of?,Krishna refers to this force as 'My māyā'—His divine energy made of the three gunas or modes of material nature.
7,14,What does it mean to 'surrender unto Me' according to this teaching on This?,"To surrender unto Krishna means to wholeheartedly seek refuge in Him, placing complete trust and devotion in His guidance."
7,14,How does Krishna describe the relationship between māyā and those who worship Him exclusively?,"Krishna explains that māyā, though extremely difficult to overcome, can be surpassed by those who devote themselves solely to Him."
7,14,"Why is Krishna's māyā described as so hard to overcome, and what practical steps?",Krishna's māyā is profoundly difficult to overcome because it is divine and operates under His will.
7,15,Who are described as not adoring Krishna?,"Those who do not adore Krishna are described as foolish individuals of evil deeds, considered the lowest among men."
7,15,What does it mean when the verse mentions 'Maya' carrying away one's wisdom?,When the verse mentions Maya carrying away one's wisdom.
7,15,Why does Krishna say that those with 'demoniac nature' do not worship Him?,"Krishna explains that individuals with a demoniac nature are dominated by negative qualities such as arrogance, envy, and cruelty."
7,15,"What is implied by the term 'narādhamāḥ', or 'lowest among men',?","The term 'narādhamāḥ', or 'lowest among men'."
7,15,How can one overcome the influence of Maya described in the verse to approach?,"To overcome the influence of Maya, one must cultivate discernment and seek knowledge that leads toward self-realization."
7,16,What are the four types of devotees mentioned by Krishna?,"Krishna describes four types of devotees: the afflicted, those seeking worldly possessions, seekers of knowledge, and those endowed with wisdom."
7,16,How does Krishna characterize the actions of those who worship Him as 'sukritinah' or?,"Krishna refers to these devotees as 'sukritinah', meaning they are of virtuous or righteous conduct."
7,16,"Why does Krishna include the seeker after worldly possessions, or 'artharthi', among the devotees?",Krishna includes the seeker after worldly possessions to illustrate that even desires for material gain can lead one towards the Divine.
7,16,"What is the significance of the term 'jijnasu', or seeker for knowledge, in the?",'Jijnasu' refers to someone eager to understand the deeper truths of existence and the nature of the Divine.
7,16,How can a devotee progress from being afflicted or seeking material gain to becoming?,"A devotee may begin their journey from a place of suffering or desire, seeking relief or rewards from the Divine."
7,17,Who is described as being especially dear to both Krishna and Himself?,"The person of wisdom, who is always united with Krishna through exclusive devotion."
7,17,How does Krishna define the qualities of the 'wise man' (jñānī)?,"Krishna describes the wise man as someone who is constantly connected with Him and has unwavering, exclusive devotion."
7,17,Why does Krishna emphasize exclusive devotion (ekabhakti) when speaking about the wise person?,"Krishna emphasizes exclusive devotion because it reflects single-pointed focus and love towards the Divine, which leads to a deep."
7,17,What does it mean that Krishna and the man of wisdom are 'extremely dear'?,This mutual dearness signifies a profound spiritual connection.
7,17,How can one cultivate the ever-established state (nityayukta) with Krishna in daily life?,"To cultivate a state of constant connection with Krishna, one can practice mindful remembrance, sincere prayer."
7,18,Who does Krishna consider to be His very self among the types of devotees?,Krishna considers the wise person—the one whose mind and intellect are deeply united with Him—as His very self.
7,18,What does the phrase 'merged in Me' signify in the context of this teaching?,The phrase 'merged in Me' means that the devotee's mind and intellect are wholly absorbed in Krishna.
7,18,Why does Krishna regard the wise devotee as the highest among all noble people?,Krishna regards the wise devotee as the highest because this person not only seeks blessings or relief but truly understands and embodies unity with the Divine.
7,18,What is meant by the term 'highest goal' as described?,The 'highest goal' refers to attaining a state of complete union with Krishna.
7,18,How can one practically strive to have mind and intellect 'firmly established' in Krishna?,"To firmly establish the mind and intellect in Krishna, one can practice daily meditation, selfless service."
7,19,Who is described as 'very rare' and what realization do they attain?,"The verse describes a great soul, or 'mahatma', as very rare."
7,19,What does 'Vasudeva: sarvam iti' signify in relation to the enlightened soul's understanding?,'Vasudeva: sarvam iti' means 'Vasudeva is all that exists.' For the enlightened soul.
7,19,Why does the verse say that reaching true knowledge takes 'many births'?,"The verse suggests that spiritual realization is the result of long, patient effort over many lifetimes."
7,19,"How is the 'mahatma' characterized in this teaching on Such, and what makes such?","The 'mahatma', or great soul, is described as someone who has attained true knowledge and worships God."
7,19,What practical steps can one take to progress toward the realization that 'all is?,"To progress toward this realization, one can practice selfless service, engage in regular meditation."
7,20,What leads people to worship other deities instead of the Supreme?,People are led to worship other deities when their wisdom is carried away by various desires.
7,20,Who is described as being prompted by their 'own nature' to adopt different rules?,Individuals whose knowledge is overpowered by desires are described as being prompted by their own nature.
7,20,What does it mean that people are 'carried away by various desires'?,Being 'carried away by various desires' means that a person’s longing for material pleasures or specific results clouds their true understanding.
7,20,How do people approach the worship of other deities according to this teaching on?,People who worship other deities do so by strictly following particular rituals and disciplines prescribed for those deities.
7,20,Why does desire influence a person's choice of whom or what to worship?,Desire pulls the mind toward objects or outcomes that promise satisfaction.
7,21,What does Krishna say he does to the faith of a devotee who wishes?,Krishna states that when a devotee desires to worship a certain divine form with faith.
7,21,"According to Krishna in this teaching on Whatever, who is responsible for establishing unwavering?",Krishna explains that it is he who bestows and stabilizes the faith of devotees.
7,21,How does the process of a devotee's desire to worship a particular deity and?,When a devotee earnestly wishes to worship a specific deity with devotion.
7,21,What is the significance of Krishna saying he makes the devotee's faith 'steady' towards?,"By making the devotee’s faith steady, Krishna ensures that their devotion does not waver or become confused."
7,21,Why does Krishna support and stabilize the faith of devotees even if they wish?,Krishna’s support for all forms of worship highlights the universality of divine compassion.
7,22,How does a person obtain the desired enjoyments through worship of a particular deity?,"A person, filled with faith, worships a chosen deity and receives their desired enjoyments as a result."
7,22,What role does 'faith' (shraddha) play in the process of worship as described in?,Faith acts as the motivating force that connects a devotee to the deity they worship.
7,22,What is meant by 'as ordained by Myself' in the context of obtaining enjoyments?,'As ordained by Myself' means that the ultimate source of all enjoyments and rewards.
7,22,Why does Krishna emphasize that enjoyments received through deities are actually granted by Him?,Krishna emphasizes this point to teach that while people may direct their faith and worship toward different deities for specific goals.
7,22,How can understanding that all enjoyments are ultimately sanctioned by the Supreme help someone?,Recognizing that even material fulfillments are given by the Supreme can shift one's focus from the pursuit of temporary pleasures to seeking a deeper connection with the divine.
7,23,What does Krishna say about the results of worshipping the gods as opposed to?,Krishna explains that the results attained by those who worship the gods are limited and perishable.
7,23,How does Krishna describe people with 'meager intelligence' in relation to their worship practices?,Krishna refers to those with 'meager intelligence' as individuals who seek temporary outcomes by worshipping various gods for material gains.
7,23,What is meant by the phrase 'those who worship the gods go to the?,This phrase means that the object of one's worship determines the outcome.
7,23,Why does Krishna emphasize the perishable nature of the fruits obtained by worshipping other?,Krishna emphasizes this point to guide seekers toward a higher goal.
7,23,How can a person apply the teaching about impermanent and permanent results in their?,A person can reflect on the difference between seeking temporary pleasures and striving for lasting fulfillment.
7,24,Who is described as misunderstanding Krishna's supreme nature?,Those who lack true wisdom misunderstand Krishna's supreme nature.
7,24,How is Krishna's true nature characterized in contrast to the 'finite form' perceived by?,"Krishna's true nature is described as unsurpassable, undecaying, and supreme."
7,24,What does 'avyaktam vyaktim apannam' mean in the context of Krishna's divinity?,"'Avyaktam vyaktim apannam' refers to the mistaken belief that the unmanifested, formless divine has assumed a manifest, limited form."
7,24,Why do some people believe Krishna has 'assumed a finite form through birth' according?,This belief arises because they do not comprehend Krishna's supreme and imperishable essence.
7,24,How can one distinguish between the manifest (vyakta) and unmanifest (avyakta) aspects of divinity?,"To distinguish between the manifest and unmanifest, one must look beyond appearances and cultivate inner wisdom through study."
7,25,What does Krishna say hides His true nature from people?,"Krishna explains that His true nature is concealed by Yogamaya, His divine potency."
7,25,How does the 'unborn and imperishable' quality of Krishna relate to how people perceive?,"Krishna describes Himself as unborn and imperishable, indicating that He is eternal and beyond the cycles of birth and death."
7,25,Why does the verse mention that ignorant people fail to recognize Krishna's divinity?,"The verse highlights that ignorance, caused by the influence of Yogamaya, prevents people from recognizing Krishna's true divine nature."
7,25,What is the significance of Yogamaya in the context of Krishna's manifestation?,Yogamaya is the divine power through which Krishna controls how He is perceived in the world.
7,25,How can one overcome the delusion described?,"To overcome the delusion caused by Yogamaya, one must cultivate spiritual wisdom, devotion, and humility."
7,26,"Who claims to know all beings of the past, present, and future?","Krishna declares that He alone possesses complete knowledge of all beings across time—past, present, and future."
7,26,"According to Krishna, what is the difference between His knowledge and that of others?","Krishna states that He knows all beings from the past, those existing now, and those yet to come."
7,26,How does Krishna describe the inability of people to know Him despite His knowledge?,Krishna explains that while He knows all living entities—referred to as bhūtāni—of all times.
7,26,Why does Krishna mention that 'none knows Me' after stating His own all-encompassing knowledge?,"By stating 'none knows Me,' Krishna highlights the rarity and difficulty of understanding the divine."
7,26,What does the phrase 'mām tu veda na kaścana' convey about the relationship between?,"The phrase means 'but none knows Me,' emphasizing the gulf between Krishna's omniscience and the limited awareness of ordinary beings."
7,27,What are the two forces mentioned that cause delusion among living beings?,The verse mentions desire and hatred as the two forces that give rise to delusion among all living beings.
7,27,How do the pairs of opposites like pleasure and pain influence creatures according to?,"Krishna explains that the pairs of opposites, such as pleasure and pain, arise from desire and hatred."
7,27,What is meant by 'infatuation' or 'delusion' as described?,The infatuation or delusion referred to here is the state of being bewildered by emotional forces like longing and aversion.
7,27,Why does Krishna address Arjuna as 'Parantapa' in the context of delusion caused by?,"Krishna calls Arjuna 'Parantapa,' meaning 'scorcher of foes,' to remind him of his strength and valor."
7,27,How can a person overcome the delusion created by desire and hatred in daily?,A person can begin to overcome such delusion by cultivating awareness of these emotional forces and practicing self-control.
7,28,Who are described as worshipping Krishna with firm determination?,The verse describes those individuals whose sins have been destroyed by performing virtuous actions without attachment.
7,28,What qualities are mentioned for people who are freed from 'delusion born of desire?,"The verse mentions that such people are free from sin, have performed meritorious actions selflessly."
7,28,What does it mean to perform 'the best actions without attachment' as stated?,Performing the best actions without attachment means carrying out one's duties and good deeds without selfish motives or expectations for personal gain.
7,28,Why are people whose sins are destroyed able to worship Krishna with firm determination?,When people's sins are removed through pure actions and their minds are no longer clouded by desire and hatred.
7,28,How does being 'freed from delusion' help a person progress on the spiritual path?,Being freed from delusion removes the obstacles of desire and hatred that disturb the mind.
7,29,What do those who seek refuge in Krishna strive to attain?,Those who seek refuge in Krishna strive for deliverance from old age and death.
7,29,"Who is described as the source of knowledge about Brahma, Adhyatma, and Karma?",Krishna is described as the source.
7,29,What does 'taking refuge in Me' signify in the context of striving for liberation?,'Taking refuge in Me' means surrendering to Krishna with trust and devotion.
7,29,What are the three areas of knowledge mentioned?,The verse mentions that such devotees come to know Brahma (the Absolute).
7,29,"Why is knowledge of Brahma, Adhyatma, and Karma important for those desiring freedom from?","Knowledge of Brahma provides an understanding of the ultimate reality, while Adhyatma reveals the nature of the soul."
7,30,"What are the three aspects—Adhibhuta, Adhidaiva, and Adhiyajna—by which one may know Krishna?","The three aspects mentioned are Adhibhuta, which refers to the field of matter or all perishable things; Adhidaiva."
7,30,How does having a 'steadfast mind' help one realize Krishna at the hour of?,"A steadfast mind is calm, unwavering, and focused."
7,30,What is meant by 'Adhiyajna' as described?,Adhiyajna refers to the inner Divine.
7,30,"Why is it important to know Krishna as the embodiment of Adhibhuta, Adhidaiva, and?","Recognizing Krishna in these three forms dissolves the illusion of separation between the material, the divine."
7,30,Why might Krishna emphasize that those who know Him in these threefold ways are?,Krishna emphasizes the quality of a steadfast mind because true knowledge and remembrance of the divine require mental discipline and focus.
8,1,"What are the five concepts Arjuna asks Krishna to explain, including Brahma and Adhyatma?","Arjuna asks Krishna to explain the meanings of Brahma (the Absolute), Adhyatma (the Spirit), Karma (Action)."
8,1,How does Arjuna address Krishna when seeking clarification about Brahma and other concepts?,"Arjuna refers to Krishna as 'Purushottama', which means the Supreme Person."
8,1,Why does Arjuna inquire about the meaning of Karma and Adhibhuta specifically at this?,Arjuna's inquiry reflects his desire to understand the deeper layers of action (Karma) and the physical world (Adhibhuta) as he prepares for the challenges ahead.
8,1,What is the significance of the term 'Adhidaiva' as used in Arjuna's questions to?,'Adhidaiva' refers to the divine intelligence or the governing principle behind cosmic functions.
8,1,What does Arjuna's questioning about Brahma and Adhyatma reveal about the human search for?,Arjuna's questions illustrate the universal human yearning to understand the true nature of existence and the self.
8,2,What does Arjuna mean by the term 'Adhiyajña' when he addresses Krishna as Madhusudana?,"Arjuna uses the term 'Adhiyajña' to refer to the presiding deity of sacrifice, seeking to understand who this entity is."
8,2,"Who is asking the questions about Adhiyajña and the time of death, and to?",The questions are being asked by Arjuna.
8,2,How does Arjuna describe those who are able to realize Krishna at the time?,"Arjuna refers to them as 'niyatātmabhiḥ', meaning those of steadfast or controlled minds."
8,2,Why does Arjuna ask about the presence of Adhiyajña within the body and realization?,Arjuna's questions reflect his sincere desire to fully understand the connection between spiritual principles and practical existence.
8,2,What practical steps can a person with a steadfast mind take to realize Krishna?,A person with a steadfast mind can cultivate unwavering focus through regular meditation and devotion.
8,3,How does Krishna define the term 'Brahma'?,"Krishna defines 'Brahma' as the supreme Indestructible, the eternal reality that never perishes."
8,3,What does 'Adhyatma' refer to according to Krishna's explanation?,"'Adhyatma' refers to one's own true self, the individual soul within each being."
8,3,What is meant by 'Karma' when Krishna says it is the 'cause of the?,"Here, 'Karma' is described as the force that creates and sustains the cycle of birth and existence for all beings."
8,3,"Why does Krishna mention the concepts of 'Brahma', 'Adhyatma', and 'Karma' together?","Krishna brings together 'Brahma', 'Adhyatma', and 'Karma' to provide a comprehensive understanding of existence."
8,3,How can understanding the 'supreme Indestructible' and the role of 'karma' help someone in?,Recognizing the supreme Indestructible as the ultimate reality brings clarity and peace.
8,4,What is referred to as 'Adhibhuta' by Krishna?,Krishna explains that 'Adhibhuta' refers to all perishable objects.
8,4,How does Krishna define 'Adhidaiva' and who is associated with it?,"Krishna describes 'Adhidaiva' as the shining Purusa, often understood as Brahma or the divine cosmic being."
8,4,Who does Krishna say is 'Adhiyajña' within the body?,"Krishna reveals that He Himself, dwelling within the body as the inner witness, is 'Adhiyajña'."
8,4,What does the term 'dehe' signify when Krishna speaks of His presence as 'Adhiyajña'?,The term 'dehe' means 'within the body'.
8,4,"Why does Krishna distinguish between Adhibhuta, Adhidaiva, and Adhiyajña in relation to the self?",Krishna distinguishes these three to clarify the different layers of reality and consciousness.
8,5,What is the specific condition described for attaining Krishna's being?,The verse specifies that one must remember Krishna alone at the time of death and leave the body with this consciousness.
8,5,Who is promising that there is 'no doubt' about attaining His being if remembered?,It is Krishna Himself who is making this promise.
8,5,What does 'quitting the body while remembering Me alone' suggest about the importance of?,This phrase highlights the profound significance of one’s last thoughts at the moment of death.
8,5,What does 'attains My being' mean in the context of this teaching on Whoever?,'Attains My being' means reaching Krishna's divine state or union with Him after leaving the physical body.
8,5,Why does the verse emphasize that there is 'no doubt' about the result of?,The statement 'no doubt' is meant to reassure and encourage unwavering faith in the spiritual path.
8,6,What does Krishna say one attains after death if they are absorbed in a?,Krishna explains that whatever entity or state of being a person remembers and is absorbed in at the time of death.
8,6,Who is Krishna addressing when he speaks about the importance of one's final thought?,Krishna is addressing Arjuna.
8,6,What is meant by 'ever absorbed in its thought' in the context of this?,'Ever absorbed in its thought' means that throughout one's life.
8,6,Why does Krishna emphasize remembering a specific 'bhava' or state of being at the?,Krishna emphasizes this because the mind’s conditioning and focus at the time of death are powerful enough to direct the soul's path beyond this life.
8,6,How can understanding the role of remembrance at death help someone live a more?,Recognizing that the dominant thought at death shapes one's next state of existence encourages individuals to live with mindfulness and intentionality.
8,7,What two actions does Krishna instruct Arjuna to perform with respect to 'remember Me'?,Krishna instructs Arjuna to remember Him at all times and to engage in battle.
8,7,"How does dedicating both mind and intellect to Krishna, as mentioned in the verse?",Dedicating both mind and intellect to Krishna means focusing all thoughts and reasoning on the Divine.
8,7,Why does Krishna emphasize 'at all times' when advising Arjuna to remember Him while?,"Krishna emphasizes 'at all times' to teach that spiritual remembrance should be continuous, not limited to rituals or quiet moments."
8,7,What is the significance of Krishna assuring Arjuna that he will 'surely come to?,Krishna's assurance removes any uncertainty or fear Arjuna might have about spiritual success.
8,7,"How can one balance performing worldly duties, such as 'fighting', with constant remembrance of?",Balancing worldly duties with remembrance of the Divine is achieved by dedicating all actions to a higher purpose and remaining inwardly connected to the Divine presence.
8,8,Who is Krishna addressing when he speaks about attaining the supreme divine Purusha?,"Krishna is addressing Arjuna, guiding him on the path to realizing the supreme divine Purusha."
8,8,What is the role of 'abhyasa yoga' as mentioned in the process of reaching?,Abhyasa yoga refers to the disciplined practice of meditation and concentration.
8,8,How does the verse describe the state of mind required to contemplate the supreme?,The verse emphasizes that the mind should be unwavering and not wander toward other objects or thoughts.
8,8,What is meant by the term 'divya Purusha' in the context of this teaching?,"'Divya Purusha' refers to the supreme, radiant, and divine being—God—who is beyond ordinary experience."
8,8,Why is it important to avoid letting the mind go 'to anything else' when?,"Krishna teaches that when the mind is scattered or distracted by worldly concerns, it cannot fully realize the divine presence."
8,9,What qualities are attributed to the Being described as 'the universal sustainer' and 'subtler?,"All-wise, ageless, the ruler of all, subtler than the most subtle, and the sustainer of the entire universe."
8,9,How is the 'form beyond human conception' characterized?,"Inconceivable, meaning it cannot be fully grasped or imagined by the human mind."
8,9,What is signified by calling the Lord 'refulgent like the sun and far beyond?,Describing the Lord as radiant like the sun suggests supreme brilliance and the source of all light and knowledge.
8,9,Why is the Being called both 'ageless' and 'the Ruler of all'?,The terms 'ageless' and 'Ruler of all' highlight the eternal and sovereign nature of the Divine.
8,9,How can one meditate on a Being who is 'subtler than the subtle' and?,"To meditate on such a Being, one must move beyond physical forms and mental images."
8,10,What action is described regarding the life force at the time of departure?,The verse describes that at the time of departure.
8,10,Who is said to attain the supreme divine person?,"The person who, at the time of death, remains devoted, possesses a steady mind."
8,10,"How does devotion (bhakti) influence the process of departing the body, according to this?",Devotion helps keep the mind unwavering and focused at the time of departure.
8,10,What does it mean to unite the mind with yoga strength during the final?,"Uniting the mind with yoga strength means using yogic practices to control the mind and senses, directing one's focus inward."
8,10,"What is the significance of focusing between the eyebrows, as mentioned?",Focusing between the eyebrows is significant because it is considered a powerful spiritual center.
8,11,Who are described as the 'knowers of the Veda' and what do they call?,The 'knowers of the Veda' are wise individuals who have deeply studied the sacred scriptures.
8,11,What is meant by 'striving recluses free from passion' who enter the supreme goal?,'Striving recluses free from passion' are those who have renounced worldly attachments and desires.
8,11,"What specific practice do people undertake who wish to attain the supreme goal, according?",The verse states that those who desire to reach the supreme goal practice brahmacharya.
8,11,What does the term 'Indestructible' signify in the context of this teaching on Truth?,"The term 'Indestructible' refers to the ultimate reality or God, who is beyond birth and death."
8,11,Why do individuals undertake practices like brahmacharya and renunciation of passion to attain the?,Individuals undertake such practices to purify their minds and reduce distractions caused by desires and attachments.
8,12,What does Krishna instruct about closing all the doors of the senses during Yogic?,"Krishna instructs the practitioner to close all the doors of the senses, which means withdrawing attention from sensory distractions."
8,12,How is the mind to be held in the cavity of the heart as?,The verse describes holding the mind in the cavity of the heart.
8,12,What is the significance of fixing the life-breath (prāṇa) in the head according to?,"Fixing the life-breath in the head symbolizes directing the vital force upwards, representing the ascent of consciousness."
8,12,What does it mean to remain steadfast in Yogic concentration on God as mentioned?,Remaining steadfast in Yogic concentration on God means maintaining unwavering focus and devotion during meditation.
8,12,Why is the utterance of the syllable Om considered important at the time of?,Uttering the syllable Om at the time of leaving the body is seen as invoking the eternal and indestructible aspect of Brahman.
8,13,What sacred syllable is to be uttered by one who seeks the supreme goal?,"The sacred syllable to be uttered is 'Om', which is described as the one indestructible Brahma."
8,13,How does the verse describe the process of leaving the body while remaining steadfast?,"The verse describes that one should close all the doors of the senses, stabilize the mind in the heart."
8,13,What is meant by 'paramāṁ gatim' or the 'supreme goal' as mentioned?,'Paramāṁ gatim' or the supreme goal refers to the ultimate spiritual destination.
8,13,Why is the utterance of 'Om' emphasized at the moment of death?,"The utterance of 'Om' at the moment of death is emphasized because 'Om' symbolizes the ultimate reality, Brahma."
8,13,What practical steps can a seeker take to prepare for leaving the body in?,"A seeker can practice controlling the senses, steadying the mind through meditation."
8,14,To whom does Krishna promise that He is easily attainable?,Krishna promises that He is easily attainable to the Yogi who always and constantly thinks of Him with an undivided mind.
8,14,What does it mean to have an 'undivided mind' according to Krishna when remembering?,To have an undivided mind means to focus exclusively and wholeheartedly on Krishna.
8,14,"Which quality makes Krishna 'easily attainable' for a Yogi, as stated?",The quality that makes Krishna easily attainable for a Yogi is constant remembrance of Him.
8,14,What does Krishna imply by saying He is 'easily attainable' for the always absorbed?,"Krishna implies that for those who dedicate themselves completely to Him, reaching Him is not difficult or distant."
8,14,"How can a person practice remembering Krishna 'constantly' in daily life, as suggested?",A person can practice constant remembrance by integrating thoughts of Krishna into every action and moment.
8,15,What is described as the 'miserable and temporary world' that great souls do not?,"The 'miserable and temporary world' refers to the cycle of birth and death on earth, filled with suffering and impermanence."
8,15,Who are referred to as 'great souls' (mahātmānaḥ)?,"Great souls, or 'mahātmānaḥ'."
8,15,What does 'supreme perfection' (samsiddhim paramam) signify in the context of this teaching on?,'Supreme perfection' here means the ultimate realization and union with the Divine.
8,15,Why does Krishna emphasize that those who reach Him do not take birth again?,Krishna stresses this point to assure seekers that the goal of spiritual practice is liberation from the continuous cycle of suffering and rebirth.
8,15,How can understanding the world as 'duḥkhālaya' (abode of sorrows) and 'aśāśvatam' (impermanent) influence?,Recognizing the world as temporary and full of sorrows encourages detachment and inspires us to seek higher truth.
8,16,What does Krishna say about attaining Him and the cycle of rebirth?,Krishna explains that those who attain Him are no longer subjected to rebirth.
8,16,How does Krishna describe the nature of all worlds up to Brahmaloka?,"Krishna describes all worlds, even up to Brahmaloka, as places where beings are subject to returning."
8,16,Why does Krishna emphasize that even Brahmaloka is not free from the return to?,"Krishna emphasizes this point to show that material achievements, no matter how grand."
8,16,What is meant by 'punarāvartinaḥ' (subject to rebirth) according to the verse?,'Punarāvartinaḥ' refers to the repeated cycle of birth and death experienced by all beings in worldly existence.
8,16,How can one practically strive to reach the state where 'punarjanma na vidyate' (no?,"To reach the state where rebirth no longer occurs, one should focus on sincere devotion, selfless action."
8,17,What is the duration of Brahma's day and night as described?,"Brahma's day is said to last for a thousand Mahayugas, and his night is also of the same duration."
8,17,How do Yogis who know 'ahoratra' or the day and night of Brahma perceive?,Yogis who understand the vast cycles of Brahma’s day and night perceive time as something far greater than ordinary human comprehension.
8,17,Why does the verse emphasize the knowledge of Yogis about the 'thousand Mahayugas' of?,The emphasis on Yogis knowing the thousand Mahayugas highlights their deep realization of the vastness of cosmic time.
8,17,What does 'te ahoratravido janah' refer to?,'Te ahoratravido janah' refers to those individuals who are knowledgeable about the cycles of day and night at the cosmic level.
8,17,What lesson about the nature of time and human life can we draw from?,This teaching invites us to reflect on the relative brevity of human life compared to the vast cycles of the universe.
8,18,What happens to all beings at the coming of the cosmic night?,"At the coming of the cosmic night, all beings merge back into the Unmanifest."
8,18,Who is described as the source of all beings during the cosmic day?,The verse attributes the emanation of all beings during the cosmic day to the Unmanifest.
8,18,How does the verse describe the process of beings emanating and merging according to?,The verse describes a cosmic cycle where all beings come forth from the Unmanifest at the start of the cosmic day and then dissolve back into it when the cosmic night begins.
8,18,What does the term 'Unmanifest' refer to in the context of cosmic creation and?,The term 'Unmanifest' refers to the subtle.
8,18,"Why do all beings repeatedly emerge from and merge into the Unmanifest, as described?",This cyclical process reflects the eternal rhythm of creation and dissolution inherent in the universe.
8,19,What happens to beings at the coming of the cosmic night?,"At the coming of the cosmic night, all beings are dissolved or absorbed back into their unmanifest state."
8,19,How does the process of beings being 'born again and again' operate according to?,This verse describes a continuous cycle where beings are repeatedly manifested and then dissolved.
8,19,What is the significance of nature's compulsion in the dissolution and arising of beings?,Nature's compulsion refers to the inherent laws or tendencies that govern the universe.
8,19,What does 'cosmic day' and 'cosmic night' symbolize in the context of this teaching?,The 'cosmic day' symbolizes the period when the universe is manifest and all beings exist in their various forms.
8,19,How can understanding the cycle of dissolution and arising of beings help us deal?,Recognizing that all beings go through cycles of manifestation and dissolution can help us accept the transient nature of life.
8,20,What is described as being beyond the unmanifest and eternal?,The verse describes a state or reality that is beyond the unmanifest and is itself eternal and unmanifested.
8,20,How does the verse characterize the Supreme Divine Person in relation to all beings?,"Imperishable, remaining even when all beings come to an end."
8,20,What does it mean that the Supreme Divine Person does not perish when all?,This signifies that the Supreme Divine Person exists beyond the cycle of creation and destruction that governs all beings.
8,20,What is implied by the phrase 'avyakto’vyaktāt sanātanaḥ'?,"The phrase suggests that there exists an eternal, unmanifest reality that is even beyond the commonly described unmanifest."
8,20,Why does the verse emphasize the existence of something that does not perish even?,"The emphasis is to guide seekers toward understanding the ultimate, imperishable essence behind all transient phenomena."
8,21,What does Krishna call the 'Unmanifest' that is also spoken of as the 'Indestructible'?,Krishna refers to the 'Unmanifest' as the 'Indestructible' and describes it as the supreme Goal.
8,21,What is meant by 'attaining which they return not to this mortal world'?,This phrase means that once a soul attains the supreme state or the highest abode of Krishna.
8,21,How is Krishna's 'supreme Abode' described?,Krishna's supreme Abode is described as a state that is eternal and beyond return.
8,21,Why does Krishna emphasize that the Unmanifest is called the 'supreme Goal' and 'supreme?,Krishna emphasizes these terms to help Arjuna and all seekers understand that the ultimate purpose of spiritual practice is to reach this eternal.
8,21,How can one aspire to reach the state of the 'Indestructible' or 'Unmanifest' mentioned?,"To aspire for this state, one should focus on devotion, selfless action, and meditation."
8,22,What quality is required to attain the supreme Purusa?,The quality required to attain the supreme Purusa is exclusive devotion.
8,22,How are all beings related to the supreme Purusa described?,"All beings reside within the supreme Purusa, and He is the essence that pervades everything in existence."
8,22,What does it mean that 'by whom all this is pervaded' according to this?,This phrase signifies that the supreme Purusa is the underlying reality that sustains and permeates the entire universe.
8,22,What is meant by 'exclusive devotion' in reaching the supreme Purusa?,Exclusive devotion means focusing one's heart and mind solely on the supreme Purusa.
8,22,Why is the supreme Purusa only attainable through single-minded devotion and not by other?,"The supreme Purusa is beyond material perception and intellectual reasoning, so only sincere."
8,23,Who is the speaker addressing as 'best of the Bharatas' and what is the?,"Krishna is addressing Arjuna as 'best of the Bharatas,' highlighting his noble lineage and valor."
8,23,What two different 'times' or 'paths' does Krishna mention regarding the departure of Yogis?,Krishna speaks of two distinct times or paths when Yogis depart: one after which they do not return.
8,23,How does the phrase 'departing when Yogis do not return' describe the outcome for?,"The phrase refers to Yogis who, upon leaving their bodies at a specific time or under certain conditions."
8,23,Why does Krishna offer to explain both the path of no return and the?,Krishna wishes to provide Arjuna with complete understanding about the different outcomes of spiritual practice.
8,23,What practical lesson can a seeker draw from Krishna's promise to reveal the times?,A seeker can learn that timing and awareness at the moment of departure from this world are significant in shaping one's spiritual destiny.
8,24,What are the specific deities mentioned that preside over the path leading to Brahma?,"The verse mentions the deities presiding over the all-effulgent fire, daylight, the bright fortnight."
8,24,How is the path described for Yogis who have realized Brahma after death?,"The path is depicted as illuminated and auspicious, governed by powerful deities associated with fire, daylight."
8,24,What is the significance of the mention of 'six months of the northward course?,"The six months of the sun's northward journey symbolize a period of light, auspiciousness, and spiritual ascension."
8,24,What does the 'all-effulgent fire-god' represent in the context of this teaching on Yogis?,"The all-effulgent fire-god symbolizes purity, illumination, and the transformative power that assists the soul in its ascension."
8,24,Why is the journey after death described as being guided by deities for those?,Those who know Brahma are aligned with the highest truth and consciousness.
8,25,What are the elements mentioned as part of the path presided over by gods?,"The verse mentions smoke, night, the dark fortnight."
8,25,How is the moon described in relation to the Yogi's journey after death?,"The destination where the Yogi, who follows the path of smoke, night."
8,25,What does it mean for a Yogi to be devoted to action with 'an?,A Yogi devoted to action with 'an interested motive' is one who performs his duties and spiritual practices while seeking specific rewards.
8,25,"What is the significance of the gods presiding over smoke, night, and the dark?","The gods presiding over smoke, night."
8,25,Why does the Yogi who follows the path of smoke and the southern course?,The Yogi returns to the mortal world because his actions were motivated by personal desires and not performed in a spirit of complete detachment.
8,26,What are the two eternal paths mentioned for the soul after death?,The two eternal paths described are the bright path (shukla gati) and the dark path (krishna gati).
8,26,What is meant by the 'bright path' and the 'dark path' in the context?,"The 'bright path' refers to a route associated with light, purity, and spiritual attainment."
8,26,How does the choice between the bright and dark paths affect the soul's destiny?,The choice between these two paths determines whether the soul attains liberation or continues in the cycle of life and death.
8,26,What does it signify when the verse says 'one reaches the supreme state from?,"This signifies the attainment of moksha, or liberation."
8,26,What practical steps can one take to progress towards the bright path and avoid?,"To progress towards the bright path, one should cultivate purity, selfless actions, devotion, and knowledge of the true self."
8,27,What instruction does Krishna give to Arjuna regarding Yoga and equanimity?,"Krishna instructs Arjuna to remain steadfast in Yoga, specifically emphasizing equanimity."
8,27,"What are the 'two paths' mentioned, and how does knowing about them benefit a?","The two paths refer to the ways a soul may depart after death, leading to different spiritual outcomes."
8,27,Why does Krishna emphasize that no Yogi is deluded after understanding the secret of?,Krishna emphasizes this point to reassure that true knowledge dispels confusion and fear.
8,27,What does it mean to be 'steadfast in Yoga in the form of equanimity'?,"Being steadfast in Yoga in the form of equanimity means maintaining a balanced, undisturbed mind in all situations."
8,27,How can one apply the teaching of constant Yoga practice in daily life to?,One can apply this teaching by cultivating mindfulness and even-mindedness throughout daily activities.
8,28,What actions are mentioned whose rewards the Yogi surpasses?,"The actions mentioned are the study of the Vedas, the performance of sacrifices, the practice of austerities."
8,28,How does the verse describe the state that the Yogi attains after transcending the?,The verse describes the state attained by the Yogi as the 'supreme state' that is beginningless.
8,28,What does it mean to 'transcend all the rewards ascribed in the scriptures' according?,To transcend all the rewards means to rise above the material and temporary benefits promised by scriptural actions such as rituals.
8,28,What is signified by the phrase 'beginningless supreme state' in this context?,"The 'beginningless supreme state' refers to an eternal, unchanging reality that is not created or destroyed."
8,28,Why might the attainment of the supreme state be considered greater than the fruits?,The supreme state is considered greater because it offers permanent liberation and unity with the divine.
9,1,Who is being addressed by Sri Bhagavan and what is their quality?,"Sri Bhagavan is addressing Arjuna, who is described as devoid of the carping spirit."
9,1,What does Sri Bhagavan promise to unfold?,Sri Bhagavan promises to unfold the most secret knowledge of Nirguna Brahma along with the knowledge of manifest Divinity.
9,1,What is meant by 'knowledge of Nirguna Brahma'?,"The 'knowledge of Nirguna Brahma' refers to understanding the divine in its formless, attribute-less aspect."
9,1,How does the knowledge described?,The knowledge liberates one by providing insight into the true nature of reality.
9,1,Why is it significant that Sri Bhagavan addresses someone who is 'devoid of the?,It is significant because only a person free from skepticism and negativity can truly comprehend and benefit from the profound and secret knowledge being shared.
9,2,How is the knowledge described as 'sovereign'?,The knowledge is termed 'sovereign' because it is the highest and most profound form of wisdom.
9,2,What does it mean for this knowledge to be 'supremely holy' and 'most excellent'?,"The phrase 'supremely holy' suggests that this knowledge is sacred and pure, free from any impurity or misinterpretation."
9,2,Why is the knowledge described as 'very easy to practise'?,'very easy to practise' because it does not require complex rituals or extensive efforts.
9,2,How can knowledge be both 'directly enjoyable' and 'imperishable'?,"Knowledge is 'directly enjoyable' because it brings immediate joy and satisfaction to the seeker, fulfilling their spiritual quest."
9,2,Why is this knowledge considered 'attended with virtue'?,This knowledge is considered 'attended with virtue' because it aligns with dharma.
9,3,Who does Krishna address as 'O conqueror of enemies'?,Krishna addresses Arjuna as 'O conqueror of enemies' in this verse.
9,3,What do those who lack faith in dharma fail to attain according to the?,"According to the verse, those who lack faith in dharma do not attain Krishna."
9,3,Why does Krishna emphasize faith in dharma in this teaching to Arjuna?,Krishna emphasizes faith in dharma because it is essential for spiritual progress and liberation.
9,3,What is meant by the 'cycle of birth and death' in Krishna's message to?,"The 'cycle of birth and death' refers to the continuous process of reincarnation where souls are born, live."
9,3,How can one develop faith in dharma to avoid returning to the cycle of?,"To develop faith in dharma, one can engage in regular spiritual practices such as meditation."
9,4,What is the nature of the universe according to Krishna?,Krishna states that the whole universe is permeated by Him as unmanifest Divinity.
9,4,How does Krishna describe the relationship between all beings and Himself?,"Krishna explains that all beings rest on the idea within Him, yet He is not really present in them."
9,4,Why does Krishna say that He is not present in the beings despite them?,Krishna is suggesting that while the beings depend on Him for their existence.
9,4,How can one understand the concept of Krishna being both immanent and transcendent as?,"To understand this, one can reflect on the idea that Krishna, as the ultimate reality."
9,4,What does the term 'unmanifest Divinity' imply in the context of this teaching on?,The term 'unmanifest Divinity' implies a divine presence that is not bound by physical form or visible manifestation.
9,5,What does Krishna say about His relationship with beings?,"Krishna states that He does not abide in beings, although He is their sustainer and creator."
9,5,How does Krishna describe His divine Yoga power?,Krishna describes His divine Yoga power as the ability to sustain and create beings without being contained within them.
9,5,"What might it mean when Krishna says, 'My Self is not in them' regarding?",This suggests that while Krishna supports and creates all beings.
9,5,Why does Krishna mention that He is the 'sustainer and creator' of beings?,Krishna emphasizes His role as the underlying force behind existence.
9,5,How can Krishna's statement about not abiding in beings help one understand non-attachment?,It illustrates the concept of being fully engaged in the world and its duties.
9,6,How is the air compared to the ether?,"The air is described as being extensive and moving everywhere, yet it remains within the ether."
9,6,What does it mean that all beings abide in Krishna?,"The verse suggests that all beings, having originated from Krishna's thought, exist within Him."
9,6,How can understanding the relationship between beings and Krishna affect one's perception of life?,Understanding that all beings abide in Krishna can lead to a realization of interconnectedness and divine presence in all aspects of life.
9,6,"What are the two elements mentioned in Chapter 9, Verse 6, that illustrate the?",The two elements mentioned are air and ether.
9,6,Why is the analogy of air and ether significant in explaining the nature of?,"The analogy is significant because it provides a tangible example of how something expansive and dynamic, like air."
9,7,What happens during the Final Dissolution?,"During the Final Dissolution, all beings enter into Krishna's Prakrti, which is the prime Cause."
9,7,What does Krishna mean by 'My Prakrti'?,'My Prakrti' refers to the fundamental nature or the prime Cause that is under Krishna's control.
9,7,Why does Krishna mention the cyclical process of creation and dissolution?,Krishna mentions this cyclical process to illustrate the eternal nature of the universe.
9,7,Who is Krishna addressing and what is the significance?,"Krishna is addressing Arjuna, explaining the cosmic processes of dissolution and creation."
9,7,How does the concept of dissolution and creation?,Understanding that all beings are eventually absorbed back into the prime Cause and re-created helps cultivate detachment.
9,8,What does 'wielding My Nature' imply about the divine process?,'Wielding My Nature' suggests that the divine uses its inherent qualities and powers to manifest the universe repeatedly.
9,8,How does the verse describe the cycle of creation?,The verse describes the cycle of creation as an ongoing process where beings are released repeatedly.
9,8,What is the significance of beings being 'subject to the influence of their own?,The phrase signifies that all living beings are governed by their inherent qualities and past actions.
9,8,Why does the verse emphasize the repetition of creation?,"The emphasis on repetition underscores the cyclical nature of existence, where creation, preservation, and dissolution are continuous and eternal processes."
9,8,Who is the speaker referring to when mentioning 'My Nature'?,"The speaker is referring to the divine essence, often understood as Krishna in the Bhagavad Gita."
9,9,Who is Arjuna being addressed by?,Arjuna is being addressed by Lord Krishna.
9,9,How does Krishna describe His relationship to actions?,Krishna describes Himself as being unattached to actions and standing apart from them.
9,9,Why does Krishna mention that actions do not bind Him?,Krishna mentions that actions do not bind Him to illustrate the concept of divine detachment.
9,9,What is the significance of addressing Arjuna as 'Dhananjaya' in this context?,"Krishna addresses Arjuna as 'Dhananjaya', which means 'conqueror of wealth', to remind him of his capabilities and victories."
9,9,How can one apply the concept of being 'unattached to actions' in daily life?,One can apply the concept of being 'unattached to actions' by performing duties with dedication but without expecting specific outcomes.
9,10,Who is described as the supervisor of Nature?,Krishna is described as the supervisor of Nature.
9,10,What role does Nature play in the creation process according to the verse?,"Nature, under the supervision of Krishna, is responsible for bringing forth the entire creation."
9,10,How does the concept of the 'wheel of Samsara' relate to Nature's actions?,"The 'wheel of Samsara' symbolizes the cycle of birth, death, and rebirth."
9,10,What does it mean for Krishna to be the 'supervisor' in the context of?,Krishna being the 'supervisor' means He is the ultimate guiding force behind Nature's operations.
9,10,Why is it significant that Nature creates both sentient and insentient beings under Krishna's?,The creation of both sentient and insentient beings signifies the completeness and balance of the universe.
9,11,Who do the 'fools' think low of according to this teaching on Fools?,The 'fools' think low of Krishna.
9,11,What is meant by 'human semblance'?,The term 'human semblance' refers to Krishna appearing in a human form.
9,11,Why might people fail to recognize Krishna's 'supreme nature'?,People might fail to recognize Krishna's supreme nature because they are deluded by His human appearance.
9,11,Who is described as the 'Overlord of the entire creation'?,Krishna is described as the 'Overlord of the entire creation' in this verse.
9,11,How does this teaching on Fools highlight the difference between appearance and reality?,"The difference between appearance and reality by showing that Krishna, although appearing in human form, is actually the Supreme Lord."
9,12,What are the characteristics of those with deluded minds?,"Those with deluded minds are engaged in fruitless hopes, fruitless actions, and fruitless knowledge."
9,12,What does it mean to be attached to demonic and demoniac natures as mentioned?,"Being attached to demonic and demoniac natures means being influenced by qualities that are destructive, self-centered, and ignorant."
9,12,"Why are the hopes, actions, and knowledge described as 'fruitless' for those with deluded?","Hopes, actions, and knowledge are described as 'fruitless' because they do not lead to spiritual enlightenment or true happiness."
9,12,"Who is speaking in Chapter 9, Verse 12, and to whom is the message?","The speaker is Lord Krishna, and the message is directed towards Arjuna."
9,12,How can one avoid becoming attached to the 'demoniac and deluding modes of nature'?,"To avoid attachment to demoniac and deluding modes, one should cultivate awareness and seek knowledge that leads to self-realization."
9,13,What does it mean to embrace the 'divine nature'?,To embrace the 'divine nature' means to align oneself with higher spiritual principles and values.
9,13,Who are referred to as 'great souls'?,The 'great souls' referred to in this verse are those individuals who have realized their divine nature and live in constant devotion to the Supreme Being.
9,13,What does 'knowing Me as the prime source of all lives' signify?,'Knowing Me as the prime source of all lives' signifies the understanding that the Supreme Being is the origin and sustainer of all creation.
9,13,How can one cultivate a mind that is 'none else in mind' as described?,Cultivating a mind that has 'none else in mind' involves developing single-minded devotion to the divine.
9,13,Who does Krishna say the great souls worship?,"Krishna says that the great souls worship Him, acknowledging Him as the eternal and imperishable source of all beings."
9,14,How do devotees express their devotion to Krishna?,Devotees express their devotion to Krishna by constantly chanting His names and glories.
9,14,What actions do devotees perform as mentioned in the verse with 'dridhavrataah'?,"The verse mentions that devotees of firm resolve, referred to as 'dridhavrataah', constantly chant Krishna's names and glories."
9,14,Why is constant chanting of Krishna's names significant for devotees?,Constant chanting of Krishna's names is significant for devotees as it keeps their minds focused on the divine.
9,14,How can one maintain 'nitya yukta' or constant union with the divine according to?,"Maintaining 'nitya yukta', or constant union with the divine, involves integrating devotion into every aspect of daily life."
9,14,What does 'upasate' imply about the nature of worship?,The term 'upasate' in this verse implies a deep and continuous form of worship.
9,15,How do followers of the path of Knowledge worship the Supreme Lord?,Followers of the path of Knowledge worship the Supreme Lord by offering their devotion through Knowledge.
9,15,What does 'undivided devotion' mean in the context of this teaching on Devotion?,'undivided devotion' refers to a focused and unwavering commitment to the formless aspect of the divine.
9,15,What is the significance of worshipping the 'Virat' or cosmic form of the Supreme?,Worshipping the 'Virat' or cosmic form signifies recognizing the divine presence in all of creation.
9,15,How can one reconcile the worship of a formless absolute with the worship of?,Reconciling the worship of a formless absolute with a cosmic form involves understanding that both are manifestations of the same divine reality.
9,15,"Who is being worshipped in different ways, and by whom?",It is the Supreme Lord who is being worshipped in different ways.
9,16,What does Krishna identify himself with in relation to rituals and offerings?,"Krishna identifies himself with various aspects of Vedic rituals and offerings: he is the Vedic ritual, the sacrifice."
9,16,How does Krishna describe his presence in the Vedic rituals?,Krishna describes his presence in Vedic rituals by stating that he is inherent in every aspect of the rituals.
9,16,What is the significance of Krishna claiming to be the 'sacred fire' and 'clarified?,"By claiming to be the 'sacred fire' and 'clarified butter,' Krishna emphasizes his omnipresence and integral role in the rituals."
9,16,Why does Krishna declare himself to be the 'act of offering oblations into the?,Krishna declaring himself as the 'act of offering oblations into the fire' illustrates that he is not just the objects of worship.
9,16,What philosophical understanding can be drawn from Krishna identifying himself with both the 'offering'?,The philosophical understanding here is that the divine is immanent in all aspects of life and spirituality.
9,17,Who does Krishna claim to be in relation to the world?,"Krishna claims to be the father, mother, support, and grandsire of the world."
9,17,What roles or attributes does Krishna associate with himself?,"Krishna associates himself with multiple roles and attributes: he is the father, mother, support, grandsire."
9,17,What is the significance of Krishna describing himself as both the father and mother?,"By describing himself as both the father and mother, Krishna emphasizes his all-encompassing nature."
9,17,How can understanding Krishna as the support and grandsire help in personal spiritual growth?,Understanding Krishna as the support and grandsire can foster a sense of security and continuity.
9,17,What does Krishna mean by calling himself the syllable Om?,"By calling himself the syllable Om, Krishna identifies with the primal sound that represents the universe's essence."
9,18,Who is described as the supreme goal and supporter?,Lord Krishna describes Himself as the supreme goal and supporter.
9,18,What does it mean that Krishna is the 'imperishable seed'?,"When Krishna refers to Himself as the 'imperishable seed', it signifies that He is the eternal source of all creation."
9,18,How should one understand the term 'witness' as used by Krishna?,"The term 'witness' suggests that Krishna is the observer of all actions, thoughts, and events."
9,18,Why is Krishna described as both the 'origin and end'?,Krishna being described as both the 'origin and end' reflects the concept of Him being the source from which all beings emerge and the ultimate destination to which they return.
9,18,What roles does Krishna claim for Himself?,"Krishna claims multiple roles: supreme goal, supporter, lord, witness, abode, refuge, wellwisher, origin, end, resting-place, storehouse, and imperishable seed."
9,19,What natural phenomena does Krishna claim control over?,Krishna claims control over the radiating heat as the sun and the sending forth and holding back of showers.
9,19,What dual aspects of existence does Krishna identify himself with?,"Krishna identifies himself with both immortality and death, as well as being and non-being."
9,19,Why does Krishna mention both 'immortality and death' in his explanation to Arjuna?,Krishna mentions both 'immortality and death' to illustrate his omnipresence and the dual nature of the universe.
9,19,How can understanding Krishna as both 'being and non-being' help us in our spiritual?,Understanding Krishna as both 'being and non-being' can help us realize the interconnectedness of all things and the importance of transcending material dualities.
9,19,To whom is Krishna speaking about his divine roles and powers?,Krishna is speaking to Arjuna.
9,20,Who are the individuals mentioned that desire to reach heaven by worshiping with sacrifices?,"The individuals mentioned are those who perform sacrifices with faith, drink soma, and are free from sin."
9,20,What actions do the faithful performers of sacrifices take to achieve their desires?,"The faithful performers of sacrifices conduct rituals, drink soma, and maintain a state free from sin."
9,20,Why might the consumption of soma be significant for those seeking heavenly pleasures?,The consumption of soma is significant because it is traditionally viewed as a sacred ritual drink that purifies and prepares individuals spiritually.
9,20,What does it mean to be 'free from sin' in the context of performing?,Being 'free from sin' means that the individuals have purified themselves through their actions and intentions.
9,20,How does the desire for divine pleasures in heaven relate to the pursuit of?,The desire for divine pleasures in heaven reflects a stage in spiritual evolution where individuals seek rewards for their virtuous deeds.
9,21,What happens to those who enjoy the heaven-world when their merits are exhausted?,"When their merits are exhausted, those who have enjoyed the heaven-world return to the mortal world."
9,21,What does the phrase 'seeking worldly enjoyments' imply in the context of this teaching?,The phrase 'seeking worldly enjoyments' implies that individuals are motivated by desires for pleasure and material gains.
9,21,Who are described as being devoted to the rituals recommended by the three Vedas?,The verse describes individuals who are devoted to the rituals recommended by the three Vedas as those who seek heavenly bliss and worldly enjoyments.
9,21,What is the significance of the 'cycle of coming and going' mentioned?,"The 'cycle of coming and going' refers to the repetitive cycle of birth, death, and rebirth."
9,21,How can one transcend the cycle of birth and death according to the teachings?,"To transcend the cycle of birth and death, one must go beyond performing actions with selfish desires and interested motives."
9,22,How does constant thinking and worship of Krishna affect a devotee's life according to?,Constant thinking and worship of Krishna creates a deep connection between the devotee and the divine.
9,22,What action does Krishna promise to take for his devotees?,Krishna promises to personally attend to the needs of his devotees who are constantly thinking of him and worship him without any selfish desires.
9,22,What does 'yoga-kshema' signify in the context of this verse?,'yoga-kshema' signifies the assurance that Krishna provides for his devotees.
9,22,Why is devotion without selfish desire important according to this verse?,Devotion without selfish desire is important because it reflects a pure and unconditional love for the divine.
9,22,Who is the speaker and to whom is the assurance given?,The speaker in this verse is Lord Krishna.
9,23,Who is addressed as the 'son of Kunti'?,Arjuna is addressed as the 'son of Kunti'.
9,23,Why does Krishna say that those who worship the gods also worship Him?,"Krishna explains that even though devotees worship various deities, they are ultimately worshipping Him."
9,23,How do devotees worship according to this teaching on Kunti?,Devotees worship the gods with faith and perform sacrifices.
9,23,What does this teaching on Kunti suggest about the nature of devotion and worship?,"That all acts of worship, regardless of the deity they are directed towards."
9,23,What is the significance of performing rituals 'in the prescribed manner' as mentioned?,Performing rituals 'in the prescribed manner' signifies the importance of discipline and adherence to traditions in spiritual practices.
9,24,Who is described as the enjoyer and lord of all sacrifices?,Krishna is described as the enjoyer and lord of all sacrifices in this verse.
9,24,What happens to those who do not know Krishna as the supreme Deity according?,Those who do not recognize Krishna as the supreme Deity return to life on earth.
9,24,Why do individuals fall back to earthly life according to Krishna's words?,Individuals fall back to earthly life because they do not recognize Krishna as the supreme enjoyer and lord of sacrifices.
9,24,What does it mean for Krishna to be the 'enjoyer and lord' of sacrifices?,Krishna being the 'enjoyer and lord' of sacrifices implies that all sacrifices ultimately serve Him and are meant for His pleasure and governance.
9,24,How can understanding Krishna as the supreme Deity impact one's spiritual journey?,Understanding Krishna as the supreme Deity can lead to liberation from the cycle of rebirth by aligning one's actions with divine will.
9,25,Who do those devoted to the gods reach?,Those who are devoted to the gods reach the gods themselves.
9,25,"What does worshiping the spirits in Chapter 9, Verse 25 imply about one's spiritual?",Worshiping the spirits implies that one's spiritual journey and destination are aligned with the nature of the spirits.
9,25,What is the significance of Krishna stating that those who worship Him come to?,Krishna emphasizes that those who worship Him come to Him alone.
9,25,Why might someone choose to worship Krishna instead of other deities or spirits?,Someone might choose to worship Krishna because it offers liberation from the cycle of birth and death.
9,25,What does Krishna promise to His devotees?,"Krishna promises His devotees that by worshiping Him, they will come to Him alone."
9,26,What items does Krishna mention as offerings?,"Krishna mentions a leaf, a flower, a fruit, or water as offerings that can be made with devotion."
9,26,Why does Krishna emphasize devotion in making offerings?,Krishna emphasizes devotion because the sincerity of the heart and the purity of intent are more important than the material value of the offering.
9,26,How does Krishna respond to offerings made with devotion?,Krishna responds by accepting the offerings made with devotion and love.
9,26,What is the significance of offering simple items like a leaf or water to?,"The significance lies in the reminder that devotion is accessible to everyone, regardless of their material wealth."
9,26,How can one apply the teaching of offering with devotion in daily life?,One can apply this teaching by focusing on the intention and sincerity behind their actions rather than the external results.
9,27,To whom does Krishna ask Arjuna to offer his actions?,Krishna asks Arjuna to offer all his actions to Him.
9,27,What types of actions does Krishna mention Arjuna should offer to Him?,"Krishna mentions actions such as whatever Arjuna does, eats, offers as an oblation, gives as a gift."
9,27,Why does Krishna ask Arjuna to offer everything to Him?,Krishna asks Arjuna to offer everything to Him as a way to cultivate devotion and surrender.
9,27,"What is the significance of offering daily actions to Krishna, as mentioned?",Offering daily actions to Krishna signifies dedicating one's life and efforts to a higher purpose.
9,27,How can an individual apply the teaching of offering all actions to Krishna in?,"An individual can apply this teaching by consciously dedicating their daily tasks, meals."
9,28,What does 'renouncing the fruits of all actions' mean?,Renouncing the fruits of all actions means performing duties and actions without attachment to the outcomes.
9,28,How does devotion to Krishna lead to liberation?,"Krishna explains that devotion to Him, coupled with the renunciation of the fruits of actions."
9,28,How can one attain liberation through 'saṅnyāsa yoga' as mentioned?,Saṅnyāsa yoga refers to the path of renunciation and detachment from material desires.
9,28,What are the consequences of being 'freed from bondage to work' according to the?,Being freed from the bondage to work means that one is no longer affected by the dualities of success and failure.
9,28,Why is the concept of 'moksha' important?,"The concept of moksha, or liberation."
9,29,What does Krishna say about His relationship with all beings?,Krishna states that He is equally present in all beings.
9,29,How does Krishna describe His presence among those who worship Him with devotion?,"Krishna explains that those who worship Him with devotion abide in Him, and He also stands revealed in them."
9,29,Why does Krishna emphasize that He has no favorites among beings?,Krishna emphasizes that He has no favorites among beings to illustrate the principle of divine impartiality and universal love.
9,29,What is the significance of the phrase 'none hateful or dear to Me'?,The phrase signifies that Krishna’s divine love is unconditional and universal.
9,29,How can one understand the concept of abiding in Krishna as mentioned?,Abiding in Krishna means being in constant communion with the divine through devotion and love.
9,30,What is said about someone who commits the worst deeds but worships with exclusive?,"It is said that even if someone commits the worst deeds, if they worship with exclusive devotion."
9,30,What does 'exclusive devotion' imply in the context of this teaching on Devotion?,"Exclusive devotion implies a singular and unwavering focus on worshiping the Divine, disregarding all other distractions and attachments."
9,30,Why is someone considered righteous if they worship with exclusive devotion despite past misdeeds?,Someone is considered righteous because their focus on exclusive devotion indicates a transformative intent and commitment to align with divine principles.
9,30,What does the term 'rightly resolved' signify?,The term 'rightly resolved' signifies a firm and correct determination to follow the path of devotion and righteousness.
9,30,How can this teaching on Devotion guide someone struggling with feelings of unworthiness due?,"This verse offers hope and reassurance that regardless of past mistakes, a sincere and devoted heart can lead to righteousness."
9,31,What assurance does Krishna give to Arjuna about His devotees?,Krishna assures Arjuna that His devotee never perishes.
9,31,What transformation does a devotee undergo according to Krishna?,"According to Krishna, a devotee quickly becomes virtuous and attains lasting peace."
9,31,How can Krishna's promise that a devotee never falls be understood in a practical?,In a practical sense.
9,31,What does the phrase 'secures lasting peace' imply about the state of a devotee?,'Secures lasting peace' implies that a devotee achieves a state of inner calm and contentment that is enduring.
9,31,Why might it be significant that Krishna mentions a devotee's quick transformation to virtue?,Krishna mentioning a devotee's quick transformation to virtue and peace underscores the power of sincere devotion and the grace that comes with it.
9,32,Who is being addressed by Krishna regarding the attainment of the supreme goal?,"Krishna is addressing Arjuna, explaining how everyone, regardless of their social status or birth."
9,32,What does Krishna imply by saying even those of 'vile birth' can attain the?,Krishna implies that the opportunity to attain the supreme goal is available to everyone.
9,32,How does this teaching on Arjuna emphasize the universality of spiritual attainment?,"This verse emphasizes universality by stating that women, Vaisyas, Sudras, and even those of so-called 'vile birth'."
9,32,What classes of people does Krishna mention?,"Krishna mentions women, Vaisyas, Sudras, and those of vile birth, suggesting that all these groups."
9,32,"Why is taking refuge in Krishna considered the path to the supreme goal, regardless?",Taking refuge in Krishna signifies complete surrender and trust in His guidance and protection.
9,33,Why does Krishna refer to human life as 'joyless and transient'?,Krishna refers to human life as 'joyless and transient' to emphasize the temporary and fleeting nature of earthly existence.
9,33,What does the phrase 'constantly worship Me' suggest in the context of spiritual practice?,"The phrase 'constantly worship Me' suggests an ongoing, devoted relationship with the divine."
9,33,Who are the 'holy Brahmanas and royal sages' mentioned?,The 'holy Brahmanas' refer to those who are knowledgeable in spiritual wisdom and live a life of purity and dedication to the divine.
9,33,Who does Krishna say should worship Him?,"Krishna emphasizes that all individuals, including holy Brahmanas and royal sages, should worship Him."
9,33,What is the significance of 'having obtained this joyless and transient human life'?,The significance of 'having obtained this joyless and transient human life' lies in recognizing the precious opportunity that human existence provides for spiritual growth.
9,34,What actions does Krishna ask Arjuna to perform?,"Krishna asks Arjuna to fix his mind on Him, be devoted to Him, worship Him, and make obeisance to Him."
9,34,Why does Krishna emphasize the importance of fixing one's mind on Him?,Krishna emphasizes fixing one's mind on Him as it leads to a focused.
9,34,What does 'madbhakto' signify?,'Madbhakto' signifies being a devotee of Krishna.
9,34,"How can one achieve the state of being 'matparāyaṇaḥ', as mentioned by Krishna?","To achieve the state of 'matparāyaṇaḥ', one must prioritize Krishna above all else, dedicating every thought and action to Him."
9,34,Who is the speaker and to whom is the message directed?,"The speaker in this verse is Lord Krishna, and the message is directed to Arjuna."
10,1,Who is speaking and to whom?,"Sri Bhagavan, also known as Lord Krishna, is speaking to Arjuna."
10,1,What does Lord Krishna mean by 'supreme word'?,When Lord Krishna refers to His 'supreme word.
10,1,Why does Lord Krishna describe Arjuna as 'so loving'?,Lord Krishna describes Arjuna as 'so loving' to highlight Arjuna's devotion and genuine affection towards Him.
10,1,How does Lord Krishna express his intention for Arjuna's welfare?,Lord Krishna expresses His intention for Arjuna's welfare by stating that He will speak out of 'solicitude' for Arjuna's well-being.
10,1,What can we learn from Krishna's approach to teaching?,"Krishna's approach to teaching in this verse emphasizes the importance of love, respect."
10,2,Who is unaware of the secret of Krishna's birth?,Krishna states that neither the gods nor the great sages know the secret of His birth or appearance.
10,2,What does Krishna mean by stating He is the 'prime cause' of gods and?,Krishna means that He is the original source and originator of all divine beings and sages.
10,2,How can understanding Krishna as the prime cause influence one's spiritual practice?,Recognizing Krishna as the prime cause encourages one to focus on Him as the ultimate source of all creation.
10,2,Why do neither gods nor great sages know the secret of Krishna's appearance?,"According to Krishna, His appearance is a divine mystery that even celestial beings and wise sages cannot comprehend."
10,2,Why does Krishna emphasize His role as the origin of both gods and sages?,Krishna emphasizes His role to highlight His supreme position and divine authority.
10,3,What does it mean to know Krishna as 'birthless and without beginning'?,To know Krishna as 'birthless and without beginning' means to recognize His eternal and unchanging nature.
10,3,Who is described as 'the supreme Lord of the Universe'?,Krishna is described as 'the supreme Lord of the Universe'.
10,3,How does understanding Krishna as 'the supreme Lord' lead to being 'undeluded'?,Understanding Krishna as 'the supreme Lord' helps one see the true nature of reality.
10,3,Why is knowing Krishna in reality considered a path to being 'purged of all?,Knowing Krishna in reality is considered a path to being 'purged of all sins' because it transforms one's consciousness.
10,3,What is the significance of being 'undeluded among men' according to this teaching on?,Being 'undeluded among men' signifies having clarity and true understanding of the divine nature of Krishna.
10,4,What qualities does Krishna say emanate from him?,"Krishna mentions that reason, right knowledge, unclouded understanding, forbearance, veracity."
10,4,How does Krishna describe the origin of diverse traits in creatures?,"Krishna describes that diverse traits in creatures, such as reason, knowledge, understanding, emotional states."
10,4,Why does Krishna include both joy and sorrow as traits that come from him?,Krishna includes both joy and sorrow to illustrate the completeness of his divine influence.
10,4,How can understanding that qualities like fear and fearlessness come from Krishna affect one's?,Understanding that qualities like fear and fearlessness emanate from Krishna can foster a sense of unity and acceptance of life's dualities.
10,4,What is the significance of control over the senses and mind according to this?,Control over the senses and mind is significant as it represents mastery over one's inner world.
10,5,What are the traits mentioned in the verse that emanate from Krishna?,"The traits mentioned are non-violence, equanimity, contentment, austerity, charity, fame, and obloquy."
10,5,How does Krishna describe the origin of traits like non-violence and equanimity?,Krishna describes these traits as emanating from him alone.
10,5,Why does Krishna mention both fame and obloquy?,Krishna mentions both fame and obloquy to illustrate the dual nature of traits that arise from him.
10,5,What is the significance of 'contentment' and 'austerity' as mentioned by Krishna?,"Contentment signifies inner peace and satisfaction with what one has, while austerity involves self-discipline and control over desires."
10,5,How can understanding that traits like charity and equanimity come from Krishna influence one's?,"Understanding that these traits come from Krishna can inspire individuals to cultivate them, knowing they are divine qualities."
10,6,Who are the beings mentioned as arising by Krishna's will?,"The beings mentioned are the seven great sages, the four ancient Manus, and the fourteen progenitors including Sanaka and others."
10,6,Who are the seven great sages referred to?,"The seven great sages, or Mahārṣis, are revered beings who have emerged from Krishna's will to guide humanity."
10,6,What does it mean that these beings are 'born of Krishna's mind'?,Being 'born of Krishna's mind' signifies that these sages and progenitors are manifestations of Krishna's divine will and intellect.
10,6,How do the progeny of these beings fill the world according to the verse?,The progeny of these beings fill the world by being the foundational figures from whom human civilization and the various forms of life have descended.
10,6,Why is it significant that these entities arose by Krishna's will?,It is significant because it underscores the concept of divine orchestration in the universe.
10,7,What does one gain by knowing the divine glory and supernatural power mentioned?,"By knowing the divine glory and supernatural power in reality, one becomes established in unfaltering devotion to the divine."
10,7,What is meant by 'unfaltering Devotion'?,'Unfaltering Devotion' refers to a steady and unwavering commitment to the divine.
10,7,How can understanding divine glory lead to unwavering devotion?,Understanding divine glory and supernatural power helps individuals recognize the true nature of the divine.
10,7,Who is speaking?,Lord Krishna is the speaker.
10,7,Why is there no doubt about the benefits of knowing divine glory and power?,There is no doubt about the benefits because understanding divine glory and power aligns an individual with the true essence of the divine.
10,8,Who is described as the origin of all?,"In , Krishna is described as the origin of all."
10,8,How do the wise respond to understanding that everything proceeds from Krishna?,The wise respond to this understanding by worshipping Krishna with devotion.
10,8,What does it mean when Krishna says everything proceeds from Him?,When Krishna says everything proceeds from Him.
10,8,Why is it significant that the wise worship Krishna with devotion?,It is significant because it shows that true wisdom leads to the understanding of Krishna's supreme nature.
10,8,How can understanding Krishna as the origin of all affect one's approach to life?,Understanding Krishna as the origin of all can profoundly affect one's approach to life by fostering a sense of humility and gratitude.
10,9,What do the devotees do with their minds and lives?,The devotees fix their minds on Krishna and surrender their lives to Him.
10,9,How do the devotees feel while discussing Krishna's greatness?,The devotees feel contented and take delight in discussing Krishna's greatness.
10,9,Why do the devotees find contentment in speaking about Krishna?,The devotees find contentment because their entire being is devoted to Krishna.
10,9,What does it mean to have one's life surrendered to Krishna?,"To have one's life surrendered to Krishna means dedicating all actions, thoughts, and intentions to Him."
10,9,How can one achieve the state of mind where they are content and delighted?,"One can achieve this state by practicing devotion, focusing the mind on Krishna."
10,10,What does Krishna offer to those who worship Him with love?,"Krishna offers the Yoga of wisdom, which is a spiritual knowledge that leads them to Him."
10,10,How does Krishna describe the devotees who receive the Yoga of wisdom?,Krishna describes these devotees as ever united with Him through meditation and worshipping Him with love.
10,10,What is the significance of the Yoga of wisdom that Krishna confers?,The Yoga of wisdom is significant because it provides the spiritual insight and understanding necessary for devotees to reach Krishna and attain liberation.
10,10,What does it mean to be 'ever united' with Krishna?,"Being 'ever united' with Krishna means maintaining a constant connection with Him through meditation and devotion, cultivating a continuous relationship."
10,10,Why is love important in the process of attaining wisdom according to Krishna?,Love is important because it purifies the heart and mind.
10,11,What does Krishna do for those He showers His grace upon?,Krishna dispels the darkness born of ignorance in their hearts by the shining light of wisdom.
10,11,How does Krishna describe His presence in the hearts of devotees?,"Krishna describes Himself as dwelling in the hearts of His devotees, where He dispels ignorance with the light of wisdom."
10,11,What is the significance of the 'shining light of wisdom' mentioned by Krishna?,The 'shining light of wisdom' signifies the enlightenment and understanding that Krishna provides to dispel ignorance.
10,11,Why does Krishna dispel the darkness of ignorance?,Krishna dispels the darkness of ignorance to shower His grace upon His devotees.
10,11,How can one open their heart to receive Krishna's wisdom according to this teaching?,"To receive Krishna's wisdom, one should cultivate devotion and openness to divine guidance."
10,12,Who is described as the 'supreme Abode' and 'the greatest purifier' according to Arjuna?,Arjuna describes Krishna as the supreme Abode and the greatest purifier.
10,12,What qualities does Arjuna attribute to Krishna when he calls Him 'the eternal divine?,"Arjuna attributes to Krishna the qualities of being eternal, divine, the original being (Purusa), and the primal Deity."
10,12,How do the seers or sages regard Krishna according to Arjuna's words?,"Arjuna states that all the seers and sages speak of Krishna as the eternal divine being, the primal Deity."
10,12,What does it mean when Krishna is called 'param brahma' and 'param dhama' by?,"When Krishna is called 'param brahma', it means He is the Supreme Absolute Truth, beyond all material existence."
10,12,Why does recognizing Krishna as 'unborn and all-pervading' help one on the spiritual path?,"Recognizing Krishna as unborn and all-pervading helps cultivate a sense of awe, surrender, and trust in divine guidance."
10,13,Who are the sages mentioned as affirming Krishna's divinity to Arjuna?,"The sages named in this verse are Narada, Asita, Devala, and Vyasa."
10,13,"How does the mention of Narada, Asita, Devala, and Vyasa enhance the significance of?",The reference to these highly respected sages lends great credibility to Krishna’s words.
10,13,What role does 'yourself too proclaim this to me' play in Arjuna's statement?,"By stating that Krishna Himself also declares these truths, Arjuna shows his faith in Krishna’s direct testimony."
10,13,Why does Arjuna refer to the authority of sages like Vyasa when speaking to?,Arjuna refers to these sage authorities to express that his understanding is not merely personal belief but is supported by wise and enlightened beings from the past.
10,13,What deeper message can we learn from Arjuna citing the testimony of revered sages?,The deeper message is the importance of seeking guidance from those who have attained wisdom and realization.
10,14,Who is being addressed as 'Keshava' and what is the significance of this address?,"Arjuna is addressing Krishna as 'Keshava', a name that signifies Krishna's divine nature and mastery."
10,14,"According to the verse, who are said to be unaware of Krishna's divine manifestation?",The verse states that neither the gods (devas) nor the demons (danavas) know of Krishna's divine manifestation.
10,14,What does Arjuna declare about the truthfulness of Krishna's words?,Arjuna declares that he accepts everything Krishna says as true.
10,14,What is meant by 'manifestation through sport' (lila) in this context?,'Manifestation through sport' refers to Krishna's divine play or lila.
10,14,Why might even gods and demons be unable to understand the true nature of?,Even the gods and demons are limited by their own perspectives and are bound to the cycle of creation.
10,15,Who is addressed as the 'Lord of the universe' and 'God of gods' by?,Arjuna addresses Krishna with the highest reverence.
10,15,Which qualities of Krishna are highlighted by the terms 'Purushottama' and 'Bhutabhavana'?,"The term 'Purushottama' highlights Krishna as the Supreme Person, transcending all other beings."
10,15,How does the phrase 'You alone know what You are by Yourself' describe Krishna's?,This phrase suggests that Krishna's true nature is so profound and infinite that only He can fully comprehend Himself.
10,15,What does 'Deva-deva' convey about the relationship between Krishna and other divine beings?,"'Deva-deva' means 'God of gods,' indicating that Krishna is not merely one among many deities."
10,15,"Why is it significant that only Krishna knows Himself fully, and how can this?",It is significant because it reminds us that the ultimate truth or the nature of the Divine is beyond human intellect and can only be truly known by the Divine itself.
10,16,Who is being addressed as the one capable of describing divine glories in full?,Arjuna is addressing Lord Krishna as the only one capable of fully describing His divine glories.
10,16,How does the verse describe Krishna's relationship with the worlds through the term 'vibhūtibhiḥ'?,"The verse explains that Krishna pervades and sustains all the worlds through His divine manifestations, referred to as 'vibhūtibhiḥ'."
10,16,What request does Arjuna make regarding the 'divine glories'?,Arjuna requests Krishna to describe His divine glories in detail.
10,16,What does 'pervading all these worlds' signify in the context of Krishna's nature?,'Pervading all these worlds' signifies that Krishna's presence is not limited or confined; He exists throughout the entire creation.
10,16,"Why is it important for Arjuna to understand Krishna's vibhūtis, according to this teaching?",Understanding Krishna's vibhūtis helps Arjuna recognize the divine presence in all aspects of the universe.
10,17,Who is addressed as 'Master of Yoga' and why is this title significant?,Arjuna addresses Krishna as the 'Master of Yoga'.
10,17,What specific question does Arjuna ask about the process of meditation?,Arjuna specifically asks how he can know Krishna through continuous meditation and in what particular forms he should meditate upon Krishna.
10,17,What does the phrase 'continuous meditation' imply in the context of Arjuna's inquiry to?,The phrase 'continuous meditation' implies maintaining a steady.
10,17,How does Arjuna express his desire to understand the various 'forms' in which Krishna?,Arjuna humbly asks Krishna to reveal the specific qualities or manifestations in which he should contemplate him.
10,17,Why does Arjuna seek guidance on the 'process' and 'forms' of meditation instead of?,Arjuna recognizes that his own understanding may be limited when it comes to perceiving the infinite nature of Krishna.
10,18,Who is requesting Krishna to describe His Yoga and divine powers in detail?,Arjuna is the one earnestly requesting Krishna to describe His powers of Yoga and divine manifestations in greater detail.
10,18,What specific qualities of Krishna's words does Arjuna mention when he says 'nectar-like words'?,"Arjuna describes Krishna's words as 'nectar-like,' indicating that they are sweet, nourishing, and spiritually uplifting."
10,18,How does Arjuna express his insatiable desire to listen to Krishna according to the?,Arjuna conveys that listening to Krishna's words gives him endless joy and satisfaction.
10,18,Why does Arjuna specifically ask Krishna to recount His 'power of Yoga and glory'?,Arjuna asks Krishna to describe His power of Yoga and divine glory because he seeks a deeper understanding and connection with the Divine.
10,18,What does the term 'vibhuti' signify in Arjuna's request to Krishna?,"'Vibhuti' refers to Krishna's divine opulences, manifestations, and extraordinary powers that pervade the universe."
10,19,Who is speaking to Arjuna and what is the significance of addressing him as?,Krishna is speaking to Arjuna.
10,19,What does Krishna mean when he refers to 'divine glories' or 'divya vibhūtayaḥ'?,Krishna refers to his 'divine glories' or 'divya vibhūtayaḥ' as the extraordinary manifestations of his presence and power in the world.
10,19,Why does Krishna say that there is 'no limit to My magnitude'?,Krishna says there is no limit to his magnitude to emphasize the infinite nature of his divine manifestations.
10,19,What is the purpose behind Krishna telling Arjuna about his 'conspicuous' or prominent manifestations?,Krishna chooses to reveal his prominent manifestations to help Arjuna develop a deeper understanding and appreciation of the divine presence in all aspects of creation.
10,19,What lesson can a devotee draw from Krishna's statement that his glories are endless?,A devotee can learn humility and wonder from Krishna's words.
10,20,What does Krishna claim about His presence in relation to all beings?,"Krishna declares that He is the universal Self, residing within the heart of all living beings."
10,20,"What is the significance of Krishna being described as the 'beginning, middle, and end'?",This phrase highlights Krishna's all-encompassing nature.
10,20,Why does Krishna address Arjuna as 'Guḍākeśa' when explaining His universal Self?,"By calling Arjuna 'Guḍākeśa', which means 'conqueror of sleep', Krishna acknowledges Arjuna's alertness and spiritual readiness."
10,20,How does Krishna describe His relationship to the hearts of all beings?,Krishna describes Himself as the Self seated in the hearts of all beings.
10,20,How can understanding Krishna as the Self within all beings help overcome the sense?,Recognizing Krishna as the Self in all beings dissolves the illusion of isolation.
10,21,"Which entities does Krishna identify himself with among the Adityas, luminaries, Maruts, and stars?","Krishna identifies himself as Vishnu among the twelve Adityas, as the radiant sun among all luminaries."
10,21,How does Krishna describe his manifestation among the luminaries and the stars?,Krishna describes himself as the radiant sun among all the luminaries and as the moon among the stars.
10,21,What is the significance of Krishna calling himself Vishnu among the Adityas and Marichi?,By identifying himself as Vishnu among the Adityas and Marichi among the Maruts.
10,21,What does it mean when Krishna says he is the moon (shashi) among the?,"When Krishna says he is the moon among the nakshatras, he means that among all the stars."
10,21,"Why does Krishna use examples like the sun, moon, and Vishnu to illustrate his?","Krishna uses these examples to help Arjuna recognize the divine in forms that are universally acknowledged as powerful, radiant."
10,22,Which specific Veda does Krishna identify himself with?,"Krishna identifies himself with the Samaveda, highlighting its special significance among the four Vedas."
10,22,Whose qualities does Krishna compare himself to among the gods?,"Krishna compares himself to Indra among the gods, signifying the qualities of leadership, strength, and supremacy that Indra embodies."
10,22,"What does Krishna mean when he says, 'among the organs, I am the mind'?","By saying 'among the organs, I am the mind."
10,22,Why does Krishna mention consciousness (chetana) as his manifestation among living beings?,Krishna mentions consciousness because it is the essence of life in all beings.
10,22,How can understanding Krishna as the mind and consciousness help someone in daily life?,Recognizing Krishna as the mind and consciousness can inspire a person to treat their thoughts and awareness as sacred expressions of the divine.
10,23,"Which deities or entities does Krishna identify himself with among the Rudras, Yaksas, Vasus?","Krishna identifies himself as Shankara (Siva) among the Rudras, Kubera among the Yaksas and Raksasas."
10,23,How does Krishna describe his presence among the eight Vasus?,Krishna describes his presence among the eight Vasus by stating that he is the god of fire.
10,23,What is the significance of Krishna stating he is Meru among mountains and Kubera?,By stating he is Meru among mountains and Kubera among Yaksas and Raksasas.
10,23,What does it mean when Krishna says 'I am Siva among the Rudras'?,When Krishna says 'I am Siva among the Rudras.
10,23,"How can seeing Krishna as the essence of the most prominent beings, like Pavaka?",Recognizing Krishna as the essence of the most prominent beings encourages us to see the divine in all manifestations of greatness and excellence around us.
10,24,Who does Krishna identify Himself as among priests?,"Krishna reveals that among all priests, He is Brhaspati, who is recognized as the chief or foremost among them."
10,24,"Which deity is Krishna referring to when He says, 'Among warrior-chiefs, I am Skanda'?","Krishna is referring to Skanda, also known as Kartikeya, the generalissimo of the gods."
10,24,"What significance does the ocean hold when Krishna says, 'among the waters, I am?","The ocean is vast, deep, and contains countless forms of life within it."
10,24,"What does Krishna mean by comparing Himself to Brhaspati, Skanda, and the ocean?","Krishna uses these examples to show that in every category—whether it is wisdom, power."
10,24,How can recognizing Krishna as the essence of greatness in various forms help a?,Recognizing Krishna as the essence within all that is great inspires a devotee to see divinity in excellence wherever it appears.
10,25,Why does Krishna identify himself with Bhrgu among the great seers?,"Krishna chooses Bhrgu among the great seers because Bhrgu is renowned for his wisdom, penance."
10,25,What does Krishna say he is among words?,"Krishna says that among words, he is the sacred syllable OM."
10,25,What is the significance of Krishna referring to himself as the offering of Japa?,"Krishna refers to the offering of Japa, or the muttering of sacred formulas, to highlight its subtle and inward nature."
10,25,How does Krishna describe his presence among immovable things?,Krishna describes himself as the Himalaya among all immovable things.
10,25,"Why might Krishna use examples like OM, Japa, and the Himalaya to illustrate his?",Krishna uses these examples because each represents an aspect of the infinite: OM as the universal sound.
10,26,"Which entities does Krishna identify himself with among trees, celestial sages, Gandharvas, and Siddhas?","Krishna identifies himself with the Asvattha (holy fig tree) among all trees, Narada among celestial sages."
10,26,What is the significance of the Asvattha tree mentioned in the verse as Krishna's?,"The Asvattha, or holy fig tree, is revered for its longevity, shade, and spiritual significance in many traditions."
10,26,Why does Krishna choose Narada and Kapila as his manifestations among celestial sages and?,"Krishna selects Narada because he is renowned for spreading devotion and wisdom across the worlds, serving as a divine messenger."
10,26,What deeper message does Krishna convey by identifying himself with Citraratha among the Gandharvas?,"By identifying with Citraratha, the chief of the Gandharvas known for his enchanting music and beauty."
10,26,How can recognizing Krishna in various beings like the Asvattha tree or sage Kapila?,Recognizing Krishna in diverse beings encourages a spiritual seeker to see divinity in all aspects of the world.
10,27,Which horse does Krishna identify Himself with among horses?,"Krishna identifies Himself with Uccaihsrava, the celestial horse that was born from the churning of the ocean."
10,27,How is Airavata described in relation to elephants?,"Airavata is referred to as the foremost among elephants, the leader and most majestic of them all."
10,27,Why does Krishna mention the king among men in the same verse as Uccaihsrava?,Krishna mentions the king among men alongside Uccaihsrava and Airavata to illustrate that.
10,27,What is the significance of the churning of the ocean in relation to Uccaihsrava?,The churning of the ocean is a legendary event where gods and demons worked together to obtain the nectar of immortality.
10,27,"What can one learn about the divine qualities represented by Uccaihsrava, Airavata, and the?","These three—Uccaihsrava, Airavata, and the king—each represent supreme qualities in their domains: speed and grace."
10,28,Which weapon does Krishna identify himself with among all weapons?,"Krishna states that among all weapons, he is the thunderbolt."
10,28,"What is the significance of Kamadhenu, the cow mentioned by Krishna?","Kamadhenu is described as the celestial cow of plenty, capable of granting all desires and providing abundance."
10,28,Why does Krishna say he is the sexual desire that leads to procreation as?,"Krishna emphasizes that desire, when aligned with dharma and guided by scriptural injunctions."
10,28,"Among serpents, who does Krishna mention as his representation?",Krishna mentions Vasuki as his representation among serpents.
10,28,"How can recognizing the divine presence in things like the thunderbolt, Kamadhenu, and Vasuki?","Recognizing the divine presence in powerful or unique beings and forces encourages reverence and responsible use of power, resources."
10,29,"Which entities does Krishna identify with among Nagas, aquatic beings, Pitrs, and rulers?","Krishna identifies himself as Ananta among the Nagas, Varuna among aquatic beings, Aryama among the Pitrs."
10,29,"Who is Ananta, as mentioned by Krishna among the Nagas?","Ananta, also known as Shesha, is the king of the Nagas and is depicted as an endless serpent."
10,29,Why does Krishna say he is Varuna among aquatic creatures?,Krishna mentions Varuna because Varuna is considered the sovereign deity of the waters and all aquatic beings.
10,29,What is the significance of Krishna identifying with Aryama among the Pitrs?,"Aryama is regarded as the chief among the Pitrs, the ancestral spirits."
10,29,How does Krishna's reference to Yama among rulers reflect his teachings on order and?,"By referring to himself as Yama, the god of death and justice."
10,30,Who is identified as the supreme among the Daityas and what quality does this?,"Krishna identifies himself as Prahlada among the Daityas, highlighting the quality of unwavering devotion even in the midst of adversity."
10,30,Which animals and birds does Krishna mention as his own representations?,"Krishna declares that among quadrupeds, he is the lion, symbolizing courage and leadership."
10,30,What is the significance of Krishna calling himself Time among reckoners?,By calling himself Time among reckoners.
10,30,What qualities are symbolized by the lion (mr̥gendra) and Garuda (Vainateya) in Krishna’s self-description?,"The lion stands for courage, authority, and fearlessness, while Garuda embodies speed, strength, and devotion."
10,30,"Why is Prahlada considered exemplary among the Daityas, and what does his example teach?",Prahlada is celebrated for his unwavering devotion to God despite being born among Daityas.
10,31,Which natural element does Krishna identify himself with among purifiers?,"Krishna identifies himself with the wind among purifiers, symbolizing his subtle, all-pervading, and cleansing nature."
10,31,How does Krishna describe his presence among warriors and what is the significance of?,"Krishna describes his presence among warriors as Sri Rama, emphasizing Rama's ideals of righteousness, valor, and virtue."
10,31,"What does Krishna mean by saying 'among fishes, I am the shark'?","By saying he is the shark among fishes, Krishna points to the shark's dominance and strength in its realm."
10,31,Why does Krishna mention the Ganges (Jahnavi) when speaking about streams?,Krishna mentions the Ganges to signify its supreme sanctity and revered status among rivers.
10,31,"How can understanding Krishna's identification with the wind, Sri Rama, the shark, and the?","By recognizing that the divine manifests as the most excellent or purifying force in every field—whether in nature, heroism."
10,32,"How does Krishna describe His relationship to the beginning, middle, and end of all?","Krishna declares that He is the beginning, the middle, and the end of all creations."
10,32,How does Krishna identify Himself among different sciences?,"Krishna identifies Himself as the science of the soul, or metaphysics, among all forms of knowledge."
10,32,What is the significance of Krishna being the 'right type of reasoning' among disputants?,Krishna being the 'right type of reasoning' signifies the importance of truth and fairness in discussions or debates.
10,32,What does the phrase 'I am the beginning and the middle and the end'?,This phrase teaches that divinity is not limited by time or circumstance.
10,32,How can understanding Krishna as the source of 'adhyatma vidya' help someone seeking spiritual?,Recognizing Krishna as the source of spiritual knowledge inspires a seeker to pursue self-understanding with devotion and humility.
10,33,Which letter does Krishna identify Himself with among the sounds of the alphabet?,Krishna identifies Himself with the letter 'A'.
10,33,How does Krishna describe His relationship to Time?,Krishna describes Himself as the endless and inexhaustible Time.
10,33,"What does it mean when Krishna says 'I am the sustainer of all, having?",When Krishna says He is the sustainer of all with faces on all sides.
10,33,Why does Krishna compare Himself to the copulative compound (samāsa) among grammatical compounds?,"Krishna compares Himself to the copulative compound because this type of compound joins elements together equally, without subordination."
10,33,What lesson can be drawn from Krishna's claim of being both the beginning ('A')?,Krishna's claim teaches that the Divine is both the origin and the ultimate destiny of all things.
10,34,"Who does Krishna identify himself as among women, and what do these qualities represent?","Krishna identifies himself as Kirti (glory), Sri (prosperity), Vak (speech), Smrti (memory), Medha (intelligence)."
10,34,What two fundamental aspects of existence does Krishna claim to embody with the words?,"Krishna claims to embody both Death, the force that takes away all."
10,34,"How are the qualities of Kirti, Sri, Vak, Smrti, Medha, Dhrti, and Ksama significant?","These qualities—Kirti (glory), Sri (prosperity), Vak (speech), Smrti (memory), Medha (intelligence), Dhrti (steadfastness)."
10,34,"What is meant by Krishna saying, 'I am Death, the all-destroyer, and the origin?",Krishna’s statement means that he represents both the inevitable end and the creative beginning of all life.
10,34,How can understanding Krishna as both 'all-destroying Death' and 'origin of all that shall?,Recognizing Krishna as both the force of ending and beginning helps us see that loss and change are natural and divinely guided.
10,35,Which specific month and season does Krishna identify himself with?,Krishna identifies himself with the month of Margasirsha among the months and with spring among the seasons.
10,35,"How does Krishna describe his presence among the Vedic hymns and meters, especially referencing?","Krishna says that among the Srutis that can be sung, he is Brhatsama."
10,35,What is the significance of Krishna comparing himself to Margasirsha and spring?,"By comparing himself to Margasirsha and spring, Krishna is emphasizing his association with prosperity, renewal, and purity."
10,35,"Why might Krishna specifically mention Brhatsama, Gayatri, Margasirsha, and spring as his manifestations?","Krishna mentions Brhatsama, Gayatri, Margasirsha, and spring because each holds a place of honor and excellence in their respective domains."
10,35,How does Krishna’s identification with Gayatri and spring guide a devotee’s understanding of divinity?,"Krishna’s identification with Gayatri and spring encourages devotees to see the divine in moments of purity, creativity, and renewal."
10,36,Who is speaking about being the glory of the glorious and the resolve of?,It is Lord Krishna who is revealing his divine manifestations to Arjuna.
10,36,What does Krishna identify himself with among deceitful practices?,"Krishna states that among deceitful practices, he is gambling."
10,36,How does Krishna describe his presence in victorious and good individuals?,Krishna describes himself as the victory of the victorious and the goodness of the good.
10,36,What is the significance of Krishna saying he is the resolve in the resolute?,By stating he is the resolve in the resolute.
10,36,Why does Krishna claim to be both the goodness in the good and the?,"Krishna's claim reflects the idea that the divine pervades all aspects of existence, both virtuous and otherwise."
10,37,Who does Krishna identify as his own representative among the Vrishnis and Pandavas?,"Krishna identifies himself as Vasudeva among the Vrishnis and as Dhananjaya, also known as Arjuna, among the Pandavas."
10,37,Which sage and which poet does Krishna mention as his manifestations?,Krishna mentions Vyasa among the sages and Ushanas among the poets as his manifestations.
10,37,How does Krishna use the examples of Vyasa and Ushanas to illustrate his presence?,"Krishna uses Vyasa, the renowned sage credited with compiling the Vedas and composing the Mahabharata."
10,37,"What is the deeper meaning behind Krishna stating he is Vasudeva, Dhananjaya, Vyasa, and?",Krishna's statement reveals that the divine presence can be found within the most exemplary individuals in various fields.
10,37,Why does Krishna mention both warriors like Dhananjaya and sages like Vyasa in the?,Krishna mentions both warriors and sages to show the all-encompassing nature of his divinity.
10,38,Which qualities does Krishna identify himself with among rulers and those who seek victory?,Krishna identifies himself as the subduing power among rulers and as righteousness in those who seek to conquer.
10,38,How does Krishna describe his presence in secrecy and silence?,"Krishna says that among things to be kept secret, he is reticence, or silence."
10,38,What is the significance of Krishna saying he is 'the wisdom of the wise'?,By declaring himself as the wisdom of the wise.
10,38,"Why does Krishna mention 'righteousness' among those who wish to conquer, and how does?",Krishna mentions righteousness to show that the desire to win or succeed should be tempered by ethical conduct.
10,38,"How can a person practice the quality of 'reticence' as described by Krishna, especially?",A person can practice reticence by being mindful of what they share and choosing silence over unnecessary disclosure.
10,39,Who claims to be the seed of all beings and what significance does this?,"Krishna declares to Arjuna that He is the very seed, or origin, of all living beings."
10,39,"What does the phrase 'there is no creature, moving or inert, which exists without?","The phrase highlights that Krishna is inseparable from all forms of life, whether active or immobile."
10,39,What is meant by Krishna referring to Himself as 'the seed of all life'?,Krishna being 'the seed of all life' signifies that He is the original cause and the underlying source from which all living beings originate.
10,39,"Why does Krishna emphasize to Arjuna that nothing exists without Him, including both moving?",Krishna stresses this point to help Arjuna understand the all-encompassing nature of the Divine.
10,39,"How can understanding that all beings, moving or inert, originate from a single Divine?",Recognizing that every being comes from the same Divine source fosters feelings of oneness and respect for all forms of life.
10,40,What does Krishna say about the limit of His divine manifestations?,Krishna states that there is no end to His divine manifestations.
10,40,How does Krishna characterize the description of His glories when speaking to Arjuna as?,Krishna emphasizes that what He has shared with Arjuna is only a concise explanation of His vast and infinite glories.
10,40,"Why does Krishna assure Arjuna that His 'vibhutis' have no end, and what is?","By assuring Arjuna that His vibhutis, or divine manifestations, are endless."
10,40,What does the term 'vibhuti' refer to in the context of Krishna's teachings?,In this context.
10,40,How does understanding the 'infinite nature of Krishna's manifestations' help a person deal with?,"Recognizing that Krishna's manifestations are infinite helps a person see the Divine in every aspect of life, big or small."
10,41,What qualities does Krishna say are manifestations of His splendor?,"Krishna explains that anything endowed with existence, consciousness, and glory is a manifestation of a portion of His divine splendor."
10,41,Who is the source of the 'splendor' and 'glory' mentioned in the line 'know?,The source of the splendor and glory is Krishna Himself.
10,41,How does Krishna describe the relationship between extraordinary beings or things and His own?,"Krishna describes that all beings or things possessing special excellence, beauty, or strength are actually expressions of His own energy."
10,41,What does it mean for something to be 'a manifestation of a part of?,"This means that whenever we see something exceptional, powerful, or beautiful."
10,41,Why does Krishna want Arjuna to recognize glorious and powerful things as arising from?,Krishna wishes Arjuna to see the unity behind all diversity.
10,42,What does Krishna say about sustaining the entire universe?,Krishna states that He upholds the entire universe with just a fraction of His Yogic power.
10,42,How does Krishna address Arjuna's need to know many details about His divine manifestations?,Krishna gently points out that knowing all the intricate details of His divine manifestations is not necessary for Arjuna.
10,42,What is the significance of Krishna mentioning 'a fraction of My Yogic power' when?,By mentioning that just a fraction of His Yogic power sustains the universe.
10,42,Why does Krishna suggest that Arjuna does not need to know all the details?,Krishna suggests that seeking exhaustive knowledge of His manifestations is not essential because the essence lies in faith and understanding of the divine principle.
10,42,How can a person find peace in knowing that the universe is upheld by?,Recognizing that the entire cosmos is effortlessly maintained by a mere fraction of divine power can inspire a sense of awe and surrender.
11,1,"Who is expressing gratitude for the profound words of wisdom, and to whom are?",Arjuna is expressing his gratitude to Krishna for the spiritual wisdom and guidance he has received.
11,1,What effect does Arjuna describe after hearing the 'most profound words of spiritual wisdom'?,"Arjuna describes that his delusion, or confusion, has entirely disappeared after listening to Krishna's profound spiritual teachings."
11,1,What does Arjuna mean by the phrase 'paramam guhyam adhyatma-sanjnitam' in his statement to?,By saying 'paramam guhyam adhyatma-sanjnitam.
11,1,How does Arjuna describe Krishna's motivation for giving him spiritual instruction?,Arjuna acknowledges that Krishna's motivation for instructing him is kindness or compassion.
11,1,Why is the disappearance of 'delusion' significant for Arjuna after hearing Krishna's teachings?,The disappearance of delusion is significant for Arjuna because it marks a turning point in his understanding and state of mind.
11,2,Who is referred to as 'Lotus-eyed' in the text?,The term 'Lotus-eyed' refers to Lord Krishna.
11,2,What has Arjuna heard from Krishna in detail according to this teaching on Because?,Arjuna has heard in detail from Krishna about the origin of all beings.
11,2,What does Arjuna intend to discuss after hearing about the origin of beings?,"After learning about the origin of beings, Arjuna intends to speak about Krishna's greatness."
11,2,Why might Arjuna refer to Krishna as 'Lotus-eyed' when speaking about his greatness?,Arjuna refers to Krishna as 'Lotus-eyed' to emphasize his divine and compassionate nature.
11,2,How does understanding the origin and dissolution of beings help in realizing Krishna's greatness?,Understanding the origin and dissolution of beings reveals the vastness of Krishna's wisdom and his role as the ultimate creator and sustainer of the universe.
11,3,What does Arjuna wish to see?,"Arjuna wishes to see Krishna's divine form, which is full of wisdom, glory, energy, strength, valour, and effulgence."
11,3,How does Arjuna address Krishna?,"Arjuna addresses Krishna as 'Paramēśvara', meaning the Supreme Lord, and 'Puruṣottama', meaning the best of persons."
11,3,Why does Arjuna want to see Krishna's divine form with his own eyes?,Arjuna desires to see Krishna's divine form to fully comprehend the supreme and multifaceted nature of Krishna's existence.
11,3,"What is the significance of the attributes mentioned by Arjuna such as wisdom, glory?","The attributes of wisdom, glory, energy, strength, valour, and effulgence highlight the comprehensive nature of Krishna's divinity."
11,3,How can we relate Arjuna's desire to see Krishna's divine form to our own?,Arjuna's desire to see Krishna's divine form symbolizes the seeker's quest for a deeper understanding and connection with the divine.
11,4,Who is being addressed as 'Lord of Yoga'?,Arjuna addresses Krishna as the 'Lord of Yoga'.
11,4,What is Arjuna requesting from Krishna?,Arjuna is requesting Krishna to reveal His imperishable form to him.
11,4,What does Arjuna mean by 'imperishable form' in his request to Krishna?,"When Arjuna refers to the 'imperishable form', he is speaking about Krishna's eternal and unchanging cosmic form."
11,4,Why does Arjuna seek confirmation from Krishna about seeing the divine form?,Arjuna seeks confirmation from Krishna because he recognizes that seeing such a divine form is not within ordinary human capacity.
11,4,What does Arjuna's request to see the imperishable form reveal about his spiritual journey?,Arjuna's request reveals his deepening devotion and desire for spiritual enlightenment.
11,5,What does Krishna ask Arjuna to behold?,"Krishna asks Arjuna to behold His divine forms in hundreds and thousands, which are of various colors and shapes."
11,5,How are the divine forms of Krishna described in terms of variety?,"Multifarious, with a wide variety in colors and shapes."
11,5,Why does Krishna show His divine forms in various colors and shapes to Arjuna?,Krishna reveals His divine forms in various colors and shapes to demonstrate His infinite nature and the vastness of His divine presence.
11,5,Who is the speaker addressing Arjuna?,"The speaker is Sri Bhagavan, also known as Krishna, who is addressing Arjuna."
11,5,What philosophical understanding can be derived from Krishna's display of various divine forms?,Krishna's display of various divine forms can be seen as a representation of the boundless and all-encompassing nature of the divine.
11,6,Which divine groups does Krishna mention to Arjuna?,"Krishna mentions the Adityas, the Vasus, the Rudras, the two Ashvins, and the Maruts to Arjuna."
11,6,What does Krishna mean by 'many wonders never seen before'?,Krishna refers to the divine and extraordinary forms and manifestations that are beyond human experience.
11,6,Why does Krishna ask Arjuna to behold these divine entities?,Krishna wants Arjuna to realize the vastness and the divine nature of his universal form.
11,6,Who is addressed as 'Bharata'?,Arjuna is addressed as 'Bharata' in this verse.
11,6,What lesson can be drawn from Krishna showing Arjuna these divine forms?,The lesson is about the vastness and unity of existence.
11,7,What does Krishna invite Arjuna to behold within His body?,"Krishna invites Arjuna to behold the entire creation, both animate and inanimate, concentrated within His divine form."
11,7,What is the significance of Krishna showing Arjuna the entire creation within His body?,The significance lies in demonstrating Krishna's supreme divinity and the interconnectedness of all beings.
11,7,What does Krishna refer to Arjuna as?,Krishna refers to Arjuna as 'Guḍākeśa' in this verse.
11,7,Why does Krishna offer to show Arjuna 'whatever else you desire to see'?,Krishna's offer to show Arjuna whatever he desires to see signifies His omnipotence and willingness to reveal the truth to His devoted disciple.
11,7,How does the vision of the universe within Krishna's body relate to the concept?,The vision of the universe within Krishna's body illustrates the concept of divine unity by showing that all creation.
11,8,What does Krishna grant to Arjuna so he can see the divine form?,Krishna grants Arjuna a divine eye to behold His divine power of Yoga.
11,8,What limitation does Krishna mention about Arjuna's human eyes?,Krishna mentions that Arjuna's human eyes are not capable of seeing His divine form.
11,8,Why does Krishna choose to give Arjuna a divine eye instead of using human?,Krishna provides Arjuna with a divine eye because His form and power transcend the limitations of human perception.
11,8,What does the term 'divine power of Yoga' signify in this context?,The 'divine power of Yoga' signifies Krishna's supreme and all-encompassing spiritual power.
11,8,How does this teaching on Yoga reflect the limitations of human perception in understanding?,That human perception is limited when it comes to understanding the divine.
11,9,Who is referred to as the 'supreme Master of Yoga'?,Sri Krishna is referred to as the 'supreme Master of Yoga'.
11,9,What action does Sri Krishna take after speaking to Arjuna?,"After speaking to Arjuna, Sri Krishna reveals His supremely glorious divine Form."
11,9,Why does Sri Krishna reveal His divine Form to Arjuna according to the context?,Sri Krishna reveals His divine Form to Arjuna to provide him with a direct understanding of His divine nature and the vastness of His power.
11,9,What is the significance of Sri Krishna being called 'Hari'?,The name 'Hari' is significant as it highlights Sri Krishna's role in removing obstacles and dispelling ignorance.
11,9,How can we understand the concept of the 'supremely glorious divine Form' in our?,The 'supremely glorious divine Form' represents the ultimate truth and the divine reality beyond our physical perception.
11,10,What did Arjuna see in the supreme Deity?,"Arjuna saw the supreme Deity possessing many mouths and eyes, presenting many wonderful sights."
11,10,What is the appearance of the supreme Deity as described?,"The supreme Deity is depicted as having many faces and eyes, showcasing a multitude of marvelous forms."
11,10,What might be the significance of the supreme Deity having many mouths and eyes?,The many mouths and eyes symbolize the omnipresence and omniscience of the supreme Deity.
11,10,What is conveyed by the presence of divine ornaments and weapons in the supreme?,The divine ornaments signify the majesty and splendor of the supreme Deity.
11,10,How does the depiction of the supreme Deity?,"The depiction of the supreme Deity with multiple faces, eyes, and divine weapons underscores the idea of divine omnipotence."
11,11,What adornments does the divine form wear?,"The divine form is wearing divine garlands and clothes, and is besmeared all over with divine sandal-pastes."
11,11,How is the divine form described in terms of its appearance?,"Infinite, with faces on all sides, adorned with divine garlands and clothes, and smeared with divine sandal-pastes."
11,11,What might be the significance of the divine form having faces on all sides?,The divine form having faces on all sides signifies its omnipresence and omniscience.
11,11,What does the phrase 'full of all wonders' imply about the divine form?,The phrase 'full of all wonders' implies that the divine form is beyond ordinary comprehension.
11,11,How can one relate to the description of the divine form as 'infinite' in?,Relating to the divine form as 'infinite' in personal life involves recognizing the limitless nature of the divine and the universe.
11,12,What natural phenomenon is used to describe Lord Krishna's splendour?,A thousand suns bursting forth all at once in the heavens is used to describe Lord Krishna's splendour.
11,12,What does the comparison to a thousand suns suggest about the nature of the?,The comparison to a thousand suns suggests that the divine form is incredibly powerful and transcendent.
11,12,How can one understand the concept of divine splendour being beyond earthly measures?,Understanding divine splendour as beyond earthly measures involves recognizing the limitations of human perception.
11,12,What is the significance of using the metaphor of 'a thousand suns' in spiritual?,The metaphor of 'a thousand suns' signifies the immense and overwhelming nature of divine glory.
11,12,Whose splendour is being compared to the effulgence of a thousand suns?,The splendour being compared to the effulgence of a thousand suns is that of the mighty Lord.
11,13,What did Arjuna behold in the supreme Deity's form?,Arjuna beheld the entire universe with all its varied divisions concentrated in one place within the form of the supreme Deity.
11,13,Why is the universe described as being 'concentrated at one place' in Krishna's form?,The description of the universe being 'concentrated at one place' signifies the omnipresence and omnipotence of Krishna.
11,13,"Who is referred to as the 'supreme Deity' in this teaching on Arjuna, and?",The 'supreme Deity' referred to is Lord Krishna.
11,13,What does the vision of the 'whole universe with its manifold divisions' signify for?,The vision signifies the realization of Krishna's divine nature and the vastness of his cosmic form.
11,13,How can observing the universe within one form influence a person's understanding of life?,Observing the universe within one form can lead to a deeper understanding of the unity and oneness of all existence.
11,14,How did Arjuna physically react to seeing the divine Lord?,"Arjuna was full of wonder, and his hair stood on end as a physical reaction to seeing the divine Lord."
11,14,What actions did Arjuna take after being filled with wonder?,"After being filled with wonder, Arjuna bowed his head reverentially to the divine Lord and addressed Him with joined palms."
11,14,Why might Arjuna have experienced his hair standing on end when he saw the?,Arjuna's hair standing on end signifies an overwhelming sense of awe and reverence.
11,14,Who is Arjuna addressing with reverence?,"Arjuna is addressing the divine Lord, who has just revealed Himself in His universal form."
11,14,How can Arjuna's reaction to the divine form inspire our own spiritual practices?,"Arjuna's reaction, filled with wonder and reverence, teaches us to approach the divine with humility and openness."
11,15,What does Arjuna describe seeing in Krishna's body?,Arjuna describes seeing the entire pantheon of gods and various groups of beings within Krishna's body.
11,15,Why does Arjuna see Brahma seated on a lotus in Krishna's body?,Arjuna sees Brahma seated on a lotus within Krishna's body to symbolize the source of creation and the beginning of life.
11,15,What can we understand about the nature of divinity from Arjuna's vision of all?,Arjuna's vision of all gods within Krishna's body illustrates the concept of divine unity and that all deities are manifestations of the one supreme reality.
11,15,Which divine entities does Arjuna specifically mention seeing within Krishna?,"Arjuna specifically mentions seeing Brahma seated on a lotus, the great god Shiva, all the sages."
11,15,What is the significance of Arjuna seeing both sages and divine serpents in Krishna's?,The inclusion of both sages and divine serpents in Krishna's form signifies the breadth of wisdom and mystical power contained within him.
11,16,How is Krishna described in terms of his physical form and presence?,"Krishna is described as having numerous arms, bellies, mouths, and eyes, with innumerable forms extending on all sides."
11,16,What does Arjuna see in Krishna's form according to this teaching on Your?,"Arjuna sees Krishna endowed with numerous arms, bellies, mouths, and eyes, with countless forms extending in all directions."
11,16,"What is the significance of Arjuna not seeing the beginning, middle, or end of?","The inability to see the beginning, middle."
11,16,How can the depiction of Krishna's universal form inspire a sense of humility in?,"The depiction of Krishna's universal form, with its infinite and all-encompassing nature."
11,16,What does the term 'Vishvarupa' convey in the context of this teaching on Your?,"The term 'Vishvarupa' refers to the 'universal form' of Krishna, which embodies the entirety of the cosmos."
11,17,What does Arjuna see Krishna adorned with in this vision?,"Arjuna sees Krishna adorned with diadems, clubs, and discuses in this vision."
11,17,How is Krishna's form described in terms of brilliance?,"Krishna's form is described as a mass of splendour, flaming all around."
11,17,Why is Arjuna finding it difficult to gaze at Krishna in this form?,Arjuna finds it difficult to gaze at Krishna in this form because of His immense brilliance and splendour.
11,17,"What does the presence of diadems, clubs, and discuses signify in Krishna's universal form?","The presence of diadems, clubs, and discuses in Krishna's universal form signifies His supreme power, royalty."
11,17,How can one comprehend the 'immeasurable' aspect of Krishna as described by Arjuna?,"To comprehend the 'immeasurable' aspect of Krishna, one must recognize that divine knowledge and vision transcend ordinary perception."
11,18,Who is being addressed as the 'supreme indestructible'?,Arjuna addresses Lord Krishna as the 'supreme indestructible'.
11,18,What does Arjuna refer to Krishna as in relation to the universe?,Arjuna refers to Krishna as the 'ultimate refuge of this universe' in this verse.
11,18,How does Arjuna describe Krishna's role in relation to Dharma?,Arjuna describes Krishna as the 'protector of the ageless Dharma'.
11,18,What does Arjuna mean by calling Krishna 'eternal imperishable Being'?,"By calling Krishna the 'eternal imperishable Being', Arjuna emphasizes Krishna's timeless and changeless nature."
11,18,What is the significance of recognizing Krishna as the 'supreme indestructible' in one's life?,Recognizing Krishna as the 'supreme indestructible' signifies understanding the eternal and unchanging essence of the divine.
11,19,How is the form of the divine being described?,"Having no beginning, middle, or end, with unlimited prowess and countless arms."
11,19,What celestial objects are compared to the divine being's eyes?,The celestial objects compared to the divine being's eyes are the moon and the sun.
11,19,What does the imagery of the divine being having a mouth like blazing fire?,The imagery of the divine being having a mouth like blazing fire signifies immense power and the ability to consume and transform.
11,19,"What is the significance of describing the divine being as having no beginning, middle?","Describing the divine being as having no beginning, middle, or end signifies its eternal and infinite nature."
11,19,How can one relate the concept of the divine's unlimited prowess to real-life challenges?,In real-life challenges.
11,20,What does the space between heaven and earth contain?,"The space between heaven and earth, as well as all directions."
11,20,How is the form of the divine described?,"Transcendent and dreadful, causing great alarm throughout the three worlds."
11,20,Why do all the three worlds feel greatly alarmed upon seeing this form?,The three worlds feel greatly alarmed because the form is transcendent and dreadful.
11,20,Who is referred to as the 'soul of the universe'?,The 'soul of the universe' refers to the divine form being addressed.
11,20,What does the filling of all quarters by the divine form signify in a?,The filling of all quarters by the divine form signifies the omnipresence and omnipotence of the divine.
11,21,Who are the beings entering Krishna and what is their reaction?,Hosts of gods are depicted as entering Krishna.
11,21,What actions do the Maharsis and Siddhas take?,The Maharsis and Siddhas in this verse are extolling Krishna by means of excellent hymns.
11,21,Why do the gods join their palms and utter Krishna's names?,The gods join their palms and utter Krishna's names out of both fear and reverence.
11,21,What is the significance of the phrase 'Let there be peace' in the context?,The phrase 'Let there be peace' signifies a desire for harmony and tranquility in the presence of divine revelation.
11,21,Who is extolling Krishna with excellent hymns?,Multitudes of Maharsis and Siddhas are extolling Krishna with excellent hymns.
11,22,Which beings are described as looking at Krishna with wonder?,"The verse describes the eleven Rudras, the twelve Adityas, the eight Vasus, the Sadhyas, the Visvedevas."
11,22,"Who are the Maruts mentioned in the verse, and what role do they play?","The Maruts are storm deities in Hindu mythology, often associated with Indra."
11,22,What does the reaction of the Gandharvas and other celestial beings signify in the?,The reaction of the Gandharvas and other celestial beings signifies the extraordinary nature of Krishna's divine form.
11,22,"Which group of beings does the term 'Siddhas' refer to, and what is their?",The 'Siddhas' refer to beings who have attained spiritual perfection and powers through meditation and austerities.
11,22,Why is it significant that even the ancestors and other divine beings are in?,It is significant because it highlights the all-encompassing nature of Krishna's divinity.
11,23,Who is experiencing terror upon seeing the divine form?,Arjuna is experiencing terror upon seeing the divine form of Lord Krishna.
11,23,How is the form described in terms of its physical features?,"Having numerous mouths and eyes, many arms, thighs, feet, bellies, and teeth."
11,23,What is the reaction of the worlds upon seeing the form with numerous mouths?,The worlds are terror-struck upon seeing the form with numerous mouths and eyes.
11,23,Why might Arjuna feel terror upon witnessing the divine form with many arms and?,Arjuna might feel terror because the divine form's sheer scale and ferocity are beyond human comprehension.
11,23,What could the many mouths and eyes of the divine form symbolize in a?,The many mouths and eyes of the divine form could symbolize the omnipresence and omniscience of the divine.
11,24,What is described as touching the sky and adorned with many colors?,Vishnu is described as touching the sky and being adorned with many colors.
11,24,How does the speaker describe Vishnu's eyes?,The speaker describes Vishnu's eyes as large and luminous.
11,24,Why does the speaker feel terrified upon seeing Vishnu's form?,"The speaker feels terrified because the grandeur and overwhelming divine form of Vishnu, with its vastness and luminosity."
11,24,Who is the speaker addressing?,"The speaker is addressing Vishnu, expressing emotions of fear and a lack of composure and peace."
11,24,What does the phrase 'my inner self is terrified' signify in this context?,The phrase 'my inner self is terrified' signifies the deep emotional and psychological impact of witnessing the divine form of Vishnu.
11,25,What is described as frightful due to their teeth?,Frightful due to their teeth.
11,25,How does Arjuna describe the divine faces he sees?,Arjuna describes the divine faces as frightful because of their teeth and as flaring like the fire at the time of universal destruction.
11,25,What might the flaring fire symbolize in Arjuna's vision?,The flaring fire likely symbolizes the destructive power of the divine form.
11,25,Why does Arjuna feel bewildered and find no happiness upon seeing the divine form?,Arjuna feels bewildered and finds no happiness because the terrifying vision of the divine form overwhelms him.
11,25,How can one find peace when confronted with overwhelming visions or challenges?,"To find peace amidst overwhelming visions or challenges, one can seek understanding and guidance."
11,26,Who are mentioned as entering the fearful mouths?,"The sons of Dhritarashtra, Bhishma, Drona, Karna."
11,26,"What is the significance of Bhishma, Drona, and Karna rushing into the fearful mouths?","The imagery of Bhishma, Drona, and Karna, along with other warriors."
11,26,Why are both sides' warriors depicted as rushing headlong into the fearful mouths?,"This depiction suggests the inevitability of fate and the all-consuming nature of the divine form, indicating that all warriors."
11,26,Who is describing the scene of warriors entering the divine mouths?,Arjuna is describing the scene as he witnesses the terrifying form of Krishna during the divine revelation of the universal form.
11,26,What lesson can be learned from the warriors entering the fearful mouths in this?,The vision teaches that life and death are part of the divine cosmic cycle and emphasizes the importance of understanding one's role in the greater scheme.
11,27,What are the entities seen rushing into the mouths?,"Numerous beings entering the fearsome mouths of the divine form, which appear terrifying due to their sharp teeth."
11,27,How are the mouths described?,"Fearful and terrifying due to their sharp, dreadful teeth, which make them appear even more menacing."
11,27,What could the crushing of heads between the teeth symbolize?,The crushing of heads could symbolize the inevitability of destruction and the transient nature of life.
11,27,What is the significance of beings being 'stuck up in the gaps between the?,Being 'stuck up in the gaps between the teeth' signifies the inescapable grasp of time and destiny.
11,27,"In the context of divine power, what lesson can be drawn from the imagery?",This imagery teaches us about the overwhelming and inevitable power of the divine.
11,28,How does the verse describe the flow of rivers?,The verse describes the flow of rivers as numerous swift streams rushing towards the ocean.
11,28,Why are the warriors compared to rivers entering the ocean?,The warriors are compared to rivers entering the ocean to convey the inevitability and natural course of their fate.
11,28,What is the significance of the 'blazing mouths'?,The 'blazing mouths' symbolize the consuming and destructive power of the divine form.
11,28,How does this teaching on Just reflect on the nature of destiny and free?,"That destiny is an overpowering force, guiding all creatures towards a predetermined end."
11,28,Who are the 'heroes of the human world' mentioned?,The 'heroes of the human world' refer to the warriors and leaders participating in the great battle.
11,29,How are the people compared to moths?,People are compared to moths rushing toward a blazing fire.
11,29,Why do the people enter Krishna's mouths with great rapidity?,The people enter Krishna's mouths with great rapidity because they are driven by their fate.
11,29,What is the significance of the phrase 'with great speed'?,The phrase 'with great speed' emphasizes the urgency and inevitability of the people's fate.
11,29,How does this teaching on Your reflect the concept of destiny?,This verse reflects the concept of destiny by illustrating how beings are drawn to their fates beyond their control.
11,29,Who is speaking and to whom?,Lord Krishna is speaking to Arjuna.
11,30,What action is described involving the blazing fire and the mouths?,"It describes the awe-inspiring sight of Lord Vishnu, whose mouths are compared to blazing fires."
11,30,Why are the people entering Vishnu's mouths described as meeting their doom?,The imagery of people rapidly entering Vishnu's mouths symbolizes the inevitable destruction and death that awaits them.
11,30,What are Vishnu's mouths compared to?,Vishnu's mouths are compared to blazing fires that consume everything.
11,30,What does the act of licking all around signify?,The act of licking all around signifies the thorough and complete nature of the destruction being carried out by Vishnu.
11,30,How does this teaching on Your reflect the concept of divine power and inevitability?,This verse reflects the concept of divine power by illustrating how everything is under the control of a supreme force.
11,31,Who is being addressed as 'the best of gods'?,Arjuna is addressing Lord Krishna as 'the best of gods'.
11,31,What is Arjuna's emotional state when he sees the 'form so terrible'?,Arjuna is in a state of awe and fear upon witnessing the terrifying form of Krishna.
11,31,Why does Arjuna express a desire to know Krishna as the 'Primal Being'?,Arjuna expresses a desire to know Krishna as the 'Primal Being' because he is seeking to understand the deeper.
11,31,Why does Arjuna offer obeisance to Krishna?,"Arjuna offers obeisance to Krishna because he recognizes Krishna's supreme divine stature, despite being overwhelmed by his fearsome form."
11,31,What is the significance of Arjuna not knowing Krishna's 'purpose'?,The significance of Arjuna not knowing Krishna's 'purpose' highlights his confusion and the limits of human understanding when faced with divine manifestations.
11,32,"Why does Krishna refer to himself as Kala, the eternal Time-Spirit?","Krishna refers to himself as Kala, the eternal Time-Spirit."
11,32,What is the significance of Krishna stating that the warriors must die even without?,Krishna emphasizes that the fate of the warriors is already determined by the cosmic order he represents.
11,32,How can understanding Krishna as the destroyer of worlds affect our perception of life?,Understanding Krishna as the destroyer of worlds can lead to a deeper acceptance of life's transient nature.
11,32,"What does Krishna mean when he says, 'I am out to exterminate these people'?","When Krishna says, 'I am out to exterminate these people."
11,32,Why does Krishna tell Arjuna that the warriors will perish even without his participation?,Krishna tells Arjuna that the warriors will perish even without his participation to illustrate the concept of predestination.
11,33,What has Krishna already done to the brave warriors?,"Krishna has already slain the brave warriors, indicating that the outcome of the battle is predetermined by his divine will."
11,33,What does Krishna mean when he calls Arjuna 'Savyasachin'?,"Krishna refers to Arjuna as 'Savyasachin', which signifies his skill as an ambidextrous archer."
11,33,Why does Krishna tell Arjuna to 'arise' and 'gain fame'?,Krishna instructs Arjuna to arise and gain fame to encourage him to fulfill his duty as a warrior.
11,33,How does the concept of being an 'instrument' relate to detachment in actions?,"Being an 'instrument' implies acting without attachment to the results, as the outcomes are determined by divine will."
11,33,Who is directing Arjuna to conquer the enemies?,Krishna is directing Arjuna to conquer the enemies.
11,34,Who does Krishna tell Arjuna to kill in the battle?,"Krishna tells Arjuna to kill Drona, Bhisma, Jayadratha, Karna, and other brave warriors in the battle."
11,34,What assurance does Krishna give to Arjuna regarding the outcome of the battle?,Krishna assures Arjuna that he will conquer his enemies in the war.
11,34,Why does Krishna tell Arjuna that the warriors are already killed by Him?,Krishna's statement that the warriors are already killed by Him signifies the predetermined nature of the cosmic order and divine intervention.
11,34,What is the significance of Krishna advising Arjuna to fight without fear?,Krishna advises Arjuna to fight without fear to highlight the importance of duty and courage in one's actions.
11,34,How does Krishna's message?,Krishna's message illustrates the interplay between destiny and free will.
11,35,Who is speaking and what is he describing?,Sanjaya is the one speaking.
11,35,What physical and emotional reactions does Arjuna exhibit in response to Kesava's words?,Arjuna exhibits both physical and emotional reactions.
11,35,Why might Arjuna be trembling and speaking with faltering accents after hearing Kesava?,Arjuna's trembling and faltering speech likely stem from the overwhelming divine presence and the profound revelations he has witnessed.
11,35,What does Arjuna's act of bowing and speaking in faltering accents signify in this?,Arjuna's act of bowing and his faltering speech signify his humility and the overwhelming respect he has for Krishna.
11,35,How does Arjuna's reaction illustrate the concept of devotion and surrender in the face?,Arjuna's reaction illustrates devotion and surrender as he physically and emotionally submits to Krishna.
11,36,Who is speaking to whom and what is the tone of the speaker?,Arjuna is addressing Krishna with reverence and awe.
11,36,How does Arjuna describe the reaction of the universe to Krishna's names and virtues?,"Arjuna observes that the entire universe rejoices and is filled with love when Krishna's names, virtues, and glories are sung."
11,36,"What specific groups does Arjuna mention as responding to Krishna's divine nature, and how?","Arjuna mentions that the Raksasas, or demonic beings, are fleeing in fear in all directions."
11,36,"What does the phrase 'filled with love by chanting Your names, virtues and glory'?",The phrase suggests that chanting and remembering the divine names and qualities of Krishna naturally creates joy and love in the hearts of devotees.
11,36,"Why do you think fear arises in some beings like the Raksasas, while others?","Fear arises in those who are opposed to righteousness or are attached to ego and negativity, such as the Raksasas."
11,37,Who is referred to as the 'progenitor of Brahma' and the 'Abode of the?,"Krishna is described as the progenitor of Brahma, meaning He is the original source even of the creator god Brahma."
11,37,"What does the verse identify as 'Sat', 'Asat', and 'that which is beyond both'?","The verse declares that Krishna embodies 'Sat' (that which exists), 'Asat' (that which does not exist)."
11,37,How does the verse describe the qualities of Krishna as 'infinite Lord of celestials'?,Krishna is honored as the infinite Lord of the celestials and the greatest of the great.
11,37,What is the significance of addressing Krishna as 'Ananta' and 'Dev-esh'?,Addressing Krishna as 'Ananta' means recognizing Him as endless and without limits.
11,37,"Why does the verse suggest that all beings should bow to Krishna, who is?","The verse suggests that since Krishna is the source of everything, including existence, non-existence."
11,38,"Who is being addressed as the 'primal Deity' and 'most ancient Person', and who?","Arjuna is addressing Krishna in this verse, recognizing Him as the original and eternal divine being."
11,38,What does the phrase 'You are both the knower and the knowable' indicate about?,The phrase highlights Krishna's all-encompassing wisdom and presence.
11,38,What is meant by calling Krishna the 'ultimate resort' and 'highest abode' of the?,Calling Krishna the 'ultimate resort' and 'highest abode' signifies that all beings and all creation ultimately rest in Him.
11,38,How does the verse describe Krishna's relationship with the universe using the phrase 'assuming?,The verse describes Krishna as pervading the entire universe through countless manifestations.
11,38,How can understanding Krishna as 'pervading the universe' help someone overcome feelings of separation?,Recognizing Krishna as present everywhere and in all forms can bring comfort to those who feel isolated.
11,39,Which divine forms does Arjuna mention when addressing Krishna?,"Arjuna mentions several divine forms when addressing Krishna: Vayu (the wind-god), Yama (the god of death)."
11,39,Who is offering repeated salutations and to whom are they directed?,"Arjuna is the one offering repeated salutations, and he directs them to Krishna."
11,39,How does Arjuna describe Krishna's relationship to Prajapati and the other gods?,"Arjuna describes Krishna as not only embodying gods like Vayu, Yama, Agni, Varuna, and Chandra."
11,39,"What does Arjuna mean by saying 'salutations, repeated salutations' and 'a thousand times' to?","By repeatedly offering salutations and saying 'a thousand times,' Arjuna conveys his overwhelming devotion, respect."
11,39,Why does Arjuna see Krishna as both the individual gods and their ultimate source?,Arjuna recognizes that all the distinct gods and cosmic forces are but manifestations of Krishna's infinite power.
11,40,To whom does Arjuna offer salutations from all directions?,Arjuna offers his salutations to the Lord.
11,40,What does the phrase 'limitless might' refer to?,The phrase 'limitless might' describes the Lord's boundless power and strength.
11,40,Why does Arjuna repeatedly bow from 'before and behind' and from 'all sides' to?,Arjuna bows from all directions to signify the Lord's omnipresence and the inability to confine the Divine to any one place.
11,40,"What is meant by the statement 'You pervade all; therefore, You are all'?",This statement means that the Lord is present within and throughout everything in existence.
11,40,How does acknowledging the Lord as 'the soul of all' and saluting Him everywhere?,Recognizing the Lord as the soul of all fosters a sense of unity and respect for every being and situation.
11,41,"Who is addressing Krishna as 'O Yadava' and 'O friend', and what is the?","Arjuna is speaking to Krishna, addressing Him as 'O Yadava' and 'O friend'."
11,41,What kinds of actions does Arjuna recall having done 'rashly' or 'without understanding Your?,"Arjuna recalls moments where he may have spoken or acted carelessly with Krishna, treating Him as an ordinary friend."
11,41,What does the phrase 'without understanding Your greatness' reveal about Arjuna's realization in this?,The phrase shows that Arjuna has come to realize the vastness and divinity of Krishna’s true form.
11,41,Why does Arjuna seek forgiveness from Krishna for things said 'in jest' or 'before?,"Arjuna seeks forgiveness because he recognizes that his playful or casual words, spoken in jest or in public."
11,41,How can Arjuna's feelings of regret for past behavior towards Krishna guide us in?,Arjuna’s regret teaches us the importance of recognizing the true worth and potential of those around us.
11,42,Who is being addressed as 'Infallible One' and 'immeasurable' in the context of seeking?,Arjuna is addressing Lord Krishna as the 'Infallible One' and 'immeasurable.' In this verse.
11,42,"What specific actions does Arjuna mention, such as 'play', 'resting', 'sitting', or 'at meals'?","Arjuna specifically mentions times of play, resting, sitting."
11,42,How does Arjuna express his remorse for having possibly insulted Krishna in front of?,Arjuna expresses his remorse by openly admitting that he may have insulted Krishna both privately and in the presence of others.
11,42,What is the significance of Arjuna calling Krishna 'immeasurable' while seeking forgiveness for past?,"By calling Krishna 'immeasurable,' Arjuna acknowledges Krishna's limitless nature and supreme divinity."
11,42,Why does Arjuna feel the need to apologize for jest and casual behavior with?,Arjuna feels compelled to apologize because he now understands Krishna's true divine identity.
11,43,Who does Arjuna address as the 'father of all moving and non-moving beings' and?,Arjuna addresses Krishna as the father of all moving and non-moving beings.
11,43,"According to this teaching on There, what qualities does Arjuna attribute to Krishna using?",Arjuna attributes to Krishna the qualities of being the highest teacher and a being most deserving of reverence.
11,43,What is meant by the phrase 'there is no one superior to You; how?,"This phrase means that Krishna stands above all other beings in existence, with no one surpassing Him in power."
11,43,How does Arjuna describe Krishna's influence in relation to the three worlds?,"Arjuna describes Krishna as having unmatched influence and power across the three worlds, which typically refer to heaven."
11,43,Why does Arjuna emphasize the idea of Krishna being 'without equal or superior' and?,Arjuna emphasizes Krishna's uniqueness to express the highest form of devotion and surrender.
11,44,What three relationships does Arjuna mention while asking for Krishna’s forgiveness?,"Arjuna mentions the relationships of a father with his son, a friend with his friend."
11,44,How does Arjuna physically express his reverence towards Krishna by 'prostrating my body at?,"Arjuna shows his deep respect and humility by bowing down fully, placing his body at Krishna’s feet."
11,44,"Why does Arjuna compare Krishna's forgiveness to the kindness shown by a father, friend?","Arjuna uses these familiar relationships to illustrate unconditional love, patience, and forgiveness."
11,44,What does the phrase 'worthy of all praise' reveal about Arjuna’s understanding of Krishna’s?,"The phrase shows that Arjuna recognizes Krishna as the supreme being, deserving of all honor and adoration."
11,44,"How can the act of seeking forgiveness, as shown by Arjuna in this teaching?",Arjuna’s humble approach teaches the importance of admitting mistakes and sincerely seeking forgiveness.
11,45,"Who is requesting Krishna to reveal his divine form, and what emotions does he?",Arjuna is the one making the request to Krishna.
11,45,What specific form does Arjuna ask Krishna to show him after witnessing the wondrous?,Arjuna asks Krishna to reveal his divine form as Vishnu with four arms.
11,45,How does Arjuna describe his mental state after seeing the unprecedented form of Krishna?,Arjuna describes his mind as being uplifted with joy but simultaneously agitated with fear.
11,45,What does Arjuna mean when he addresses Krishna as 'Lord of celestials' and 'Abode?,By calling Krishna 'Lord of celestials' and 'Abode of the universe.
11,45,"Why does Arjuna, after beholding Krishna's universal form, wish to see the four-armed Vishnu?",Arjuna desires to see the four-armed Vishnu form because it is more approachable and comforting compared to the overwhelming cosmic form.
11,46,Who is referred to as 'thousand-armed' and 'universal form'?,"The terms 'thousand-armed' and 'universal form' refer to Krishna as he reveals his cosmic, divine manifestation to Arjuna."
11,46,Which specific items does Arjuna mention when requesting Krishna's four-armed form?,"Arjuna specifically mentions the crown, mace, and discus when he requests to see Krishna in his four-armed form."
11,46,How does Krishna advise Arjuna to respond after witnessing the dreadful universal form?,Krishna tells Arjuna not to be disturbed or confused after seeing his terrible universal form.
11,46,"What is the significance of Arjuna's request to see the form with conch, discus?",Arjuna's request signifies his longing for a more approachable and compassionate aspect of Krishna.
11,46,Why does Krishna ask Arjuna to become 'fearless and complacent' after witnessing the cosmic?,Krishna encourages Arjuna to be fearless and mentally composed to help him transcend his awe and fear of the cosmic vision.
11,47,Who is speaking to Arjuna about revealing the supreme Cosmic Body?,It is Krishna who is speaking to Arjuna in this verse.
11,47,What does Krishna describe as 'tejomaya' and 'vishva-anantam' in his words to Arjuna?,"Krishna describes His cosmic form as both 'tejomaya'—full of effulgence and divine brightness—and 'vishva-anantam,' meaning infinite and all-encompassing."
11,47,"How does Krishna explain the uniqueness of the vision shown to Arjuna, according to?",Krishna explains that the vision He has revealed is unique because no one before Arjuna has ever witnessed it.
11,47,Why does Krishna mention His 'own power of Yoga' in revealing the Cosmic Body?,By mentioning His 'own power of Yoga.
11,47,What is implied by Krishna stating that 'none other than you has ever seen'?,Krishna's statement implies that the vision granted to Arjuna is a supreme and rare blessing.
11,48,What practices does Krishna mention that are insufficient for others to behold his Universal?,"Krishna lists several practices—study of the Vedas, performance of sacrifices, giving of gifts, ritual actions."
11,48,How does Krishna describe the uniqueness of Arjuna's vision of his Universal Form?,Krishna explains that the vision Arjuna is witnessing is extraordinarily rare and unattainable by any other means for ordinary humans.
11,48,Why does Krishna emphasize that even severe penances (tapas) do not grant the sight?,"Krishna underscores that spiritual achievements and rigorous penances, though valuable, have their limits."
11,48,What does the term 'nṛloke' (mortal world) signify in the context of Krishna's statement?,"The word 'nṛloke' refers to the realm of human existence, where beings are subject to birth, death, and limitations."
11,48,What lesson does Krishna impart about the limits of ritual actions and study in?,"Krishna teaches that while spiritual practices, rituals, and study are important, they have their boundaries."
11,49,What does Krishna instruct Arjuna to do after seeing His dreadful Form?,Krishna tells Arjuna not to be disturbed or confused by witnessing His terrifying cosmic Form.
11,49,"How does Krishna describe His four-armed Form with the conch, discus, mace, and lotus?","Krishna refers to His four-armed Form as tranquil and reassuring, holding the conch, discus, mace, and lotus."
11,49,What is the significance of Krishna telling Arjuna to become 'fearless and complacent' before?,Krishna encourages Arjuna to let go of fear and confusion.
11,49,Why does Krishna mention 'do not be perturbed or perplexed' after showing Arjuna His?,Krishna acknowledges that witnessing the cosmic Form can shake even the bravest devotee.
11,49,How can Arjuna's experience of seeing both the dreadful and the peaceful Forms of?,Just as Arjuna is first overwhelmed and then comforted by Krishna's Forms.
11,50,Who narrates the events of Krishna revealing his gentle form to Arjuna?,The narrator of these events is Sanjaya.
11,50,How does Krishna transform his appearance for Arjuna after showing his universal form?,"Krishna first returns to his four-armed form, which is familiar and divine, before finally adopting a gentle, human-like form."
11,50,What does Krishna do to console Arjuna after he becomes frightened?,Krishna consoles Arjuna by assuming a gentle form.
11,50,Why does Krishna choose to show his own four-armed form before returning to a?,Krishna’s choice to first reveal the four-armed form bridges the gap between his awe-inspiring universal form and his approachable.
11,50,What is the significance of Krishna being referred to as 'the high-souled' (mahatma)?,Calling Krishna 'the high-souled' emphasizes his compassion and wisdom.
11,51,"Who is speaking to Janardana, and what has caused his change in state?","Arjuna is speaking to Krishna, whom he addresses as Janardana."
11,51,What specific form of Krishna does Arjuna refer to as 'gentle' and 'human' in?,"Arjuna refers to Krishna's calm and gentle human form, which is his ordinary, familiar appearance as a friend and charioteer."
11,51,"How does Arjuna describe his mental state after seeing Krishna's human form, according to?","Arjuna describes himself as being composed and conscious, having returned to his natural state."
11,51,Why does the sight of Krishna's 'śānta' or peaceful human form restore Arjuna's composure?,The peaceful human form of Krishna is familiar and reassuring to Arjuna.
11,51,What does Arjuna's return to his 'natural state' or 'prakriti' signify in the context?,Arjuna's return to his natural state signifies a restoration of inner balance and clarity.
11,52,What does Krishna say about the rarity of His four-armed form?,"Krishna states that His four-armed form, which Arjuna has just seen, is exceedingly difficult to perceive."
11,52,"Who expresses the desire to see Krishna's form, according to this teaching on Bhagavan?",According to this verse.
11,52,How is Krishna’s four-armed form described in terms of its desirability and beauty?,Krishna’s four-armed form is described as exceedingly beautiful and highly desirable to behold.
11,52,Why does Krishna mention that even the gods are always eager to see His?,By stating that even the gods are eager to see His form.
11,52,What does it signify for a human like Arjuna to witness Krishna’s form that?,For a human like Arjuna to witness a form of Krishna that is rare even for the gods signifies a profound blessing and divine favor.
11,53,What four means does Krishna say are insufficient to perceive His four-armed form?,"Krishna states that study of the Vedas, penance, charity, and ritual are not sufficient to see His divine four-armed form."
11,53,How does Krishna describe the uniqueness of Arjuna's vision of His form?,Krishna explains that Arjuna's vision of His four-armed form is unique and cannot be attained by conventional spiritual efforts.
11,53,Why does Krishna mention that even rituals cannot reveal His chaturbhuja (four-armed) form?,By stating that rituals cannot reveal His four-armed form.
11,53,"What is the significance of Krishna listing the Vedas, penance, charity, and ritual together?","Krishna lists these respected spiritual practices together to convey that, although they are valuable for personal growth."
11,53,"If traditional practices like study and charity do not reveal Krishna's true form, how?","A seeker should understand that while study, charity, and rituals are important."
11,54,"What specific quality does Krishna say allows Arjuna to know, see, and enter into?","Krishna states that single-minded or exclusive devotion is the essential quality that allows one to truly know, behold."
11,54,How does Krishna describe the process of seeing his four-armed form?,"Krishna explains that the process of seeing his four-armed form is not achieved through ordinary means, but through pure."
11,54,What is the significance of 'entering into' Krishna as mentioned?,The phrase 'entering into' Krishna refers to achieving unity with the Divine.
11,54,"Why does Krishna emphasize 'single-minded devotion' as the path to know him, rather than?","Krishna emphasizes single-minded devotion because it transcends all doubts, distractions, and desires."
11,54,How can a person cultivate the 'exclusive devotion' that Krishna speaks of in daily?,"To cultivate exclusive devotion, one can dedicate daily actions to the Divine, maintain constant remembrance of God's presence."
11,55,What qualities does Krishna say are needed to reach Him?,Krishna describes several qualities necessary for reaching Him.
11,55,"How does devotion to Krishna, as mentioned in 'is devoted to Me', influence a?","Being devoted to Krishna means centering one's thoughts, actions, and motivations on Him."
11,55,What is the significance of the instruction to be 'free from malice towards all?,Krishna emphasizes being free from malice to highlight the importance of universal compassion.
11,55,What does it mean to act 'without attachment' in the context of this teaching?,To act without attachment means performing one's duties without longing for specific results or rewards.
11,55,"Why does Krishna connect performing one's duties 'for My sake' with attaining Him, and?",Krishna links selfless action with spiritual attainment because when actions are offered to the divine.
12,1,Who is asking about the difference between devotees worshipping a personal God and those?,It is Arjuna who is posing this question.
12,1,What are the two types of worship Arjuna mentions when he refers to 'those?,Arjuna mentions worshipers who adore the Lord with a personal form and attributes.
12,1,"How does Arjuna describe the devotees who focus on the 'imperishable, unmanifest' in his?",Arjuna describes these devotees as those who adore the supreme Reality that is imperishable and unmanifest.
12,1,Why does Arjuna ask about the superiority of worshipping a personal God versus the?,Arjuna is seeking guidance because he recognizes that spiritual seekers choose different paths—some are devoted to a God with form.
12,1,What does Arjuna mean by calling some devotees 'constantly engaged' (satatayukta) in worship?,"By 'constantly engaged,' Arjuna refers to devotees whose minds remain steadily and unwaveringly fixed on the Lord at all times."
12,2,Who is considered the 'best Yogis' according to Krishna?,Krishna explains that those who worship Him with minds focused solely on Him.
12,2,What does the phrase 'supreme faith' (श्रद्धया परया) signify?,"The phrase 'supreme faith' refers to a deep, unshakeable trust and confidence in Krishna."
12,2,How does the act of 'centering the mind on Me' influence a devotee's spiritual?,"Centering the mind on Krishna means constantly remembering Him, making Him the central focus of one's thoughts and actions."
12,2,What does 'ever united through meditation' suggest about the nature of devotion described here?,"Being ever united through meditation suggests that true devotion is a continuous, heartfelt connection with Krishna."
12,2,"Why does Krishna emphasize unwavering devotion and faith as the highest yoga, rather than?",Krishna emphasizes unwavering devotion and faith because they transform the heart.
12,3,What qualities are attributed to Brahma that devotees worship?,"Brahma is described as unthinkable, omnipresent, indestructible, indefinable, eternal, immovable, unmanifest, and changeless."
12,3,How do those who worship the unmanifest Brahma approach their devotion according to this?,"Those who worship the unmanifest Brahma do so by fully controlling their senses, remaining even-minded towards all beings."
12,3,What does it mean to be 'even-minded towards all' as stated?,Being 'even-minded towards all' means maintaining equanimity and impartiality in every situation and towards every being.
12,3,What is implied by describing Brahma as 'unmanifest' and 'changeless'?,Describing Brahma as 'unmanifest' and 'changeless' implies that the ultimate reality is beyond physical form and does not undergo any modifications or transformations.
12,3,Why might a spiritual seeker choose to worship the indefinable and unmanifest Brahma instead?,A spiritual seeker may feel drawn to the unmanifest Brahma because it represents the absolute.
12,4,What qualities are described for those who attain the Supreme?,"The verse describes individuals who exercise complete control over their senses, remain even-minded towards all."
12,4,How does the verse characterize Brahma as the object of meditation?,"Brahma is depicted as unthinkable, omnipresent, indestructible, indefinable, eternal, immovable, unmanifest, and changeless."
12,4,Why is controlling the 'sense-group' important according to this teaching on Those?,Controlling the senses is crucial because it prevents distractions and desires from disturbing the mind.
12,4,What does it mean to be 'devoted to the welfare of all beings' in?,"Being devoted to the welfare of all beings means acting with compassion and selflessness, seeing oneself in all."
12,4,"How can one meditate on the 'unmanifest and changeless' aspect of Brahma, which cannot?","Meditating on the unmanifest and changeless involves steady contemplation, letting go of all forms and attributes."
12,5,What challenge is described for those whose minds are attached to the Unmanifest?,The verse explains that the difficulty or strain is greater for people whose minds are attached to the Unmanifest.
12,5,How does this teaching on Unmanifest describe the journey toward the Unmanifest for those?,The verse describes the journey toward realizing the Unmanifest as filled with hardship and sorrow for those who are attached to their physical form.
12,5,What does 'avyakta' or 'the Unmanifest' signify in the context of this teaching?,"'Avyakta' refers to the formless, unmanifested aspect of the Divine, beyond all sensory perception and physical attributes."
12,5,Why is it said that those with a bodily identification find it difficult to?,Those who are attached to their bodies tend to identify themselves with the physical world.
12,5,What practical steps can a seeker take to minimize the 'strain' mentioned when pursuing?,"A seeker can gradually reduce attachment to the body by cultivating detachment, practicing meditation."
12,6,What does it mean to surrender all actions to Krishna?,"To surrender all actions to Krishna means dedicating every action, thought, and intention to Him."
12,6,"How is single-minded devotion, or ananyena yoga, described?","Single-minded devotion, or ananyena yoga, is described as unwavering focus and exclusive attachment to Krishna."
12,6,What does 'constantly meditating on Me' signify for a devotee's daily life?,'Constantly meditating on Me' means maintaining a continuous remembrance and awareness of Krishna throughout all activities.
12,6,Why does Krishna emphasize devotion over other paths in this teaching about worship?,"Krishna emphasizes devotion because it cultivates a direct, loving relationship between the devotee and the Divine."
12,6,How can surrendering all actions to Krishna lead to spiritual liberation?,"Surrendering all actions to Krishna dissolves the sense of ego and personal doership, reducing attachment to outcomes and desires."
12,7,What does Krishna promise to those whose minds are fixed on Him?,Krishna promises that He will swiftly deliver those whose minds are absorbed in Him from the ocean of birth and death.
12,7,How does the phrase 'ocean of birth and death' describe the human condition?,"The 'ocean of birth and death' refers to the endless cycle of reincarnation, where beings experience repeated births and deaths."
12,7,Why does Krishna say He becomes the 'deliverer' for devotees with focused consciousness in?,Krishna describes Himself as the 'deliverer' to highlight the personal relationship between the divine and the devotee.
12,7,What does 'mayyāveśita-cetasām' reveal about the attitude required for liberation according to this teaching?,'Mayyāveśita-cetasām' means having one's mind completely absorbed in Krishna.
12,7,How can one practice fixing the mind on Krishna in daily life to be?,"To fix the mind on Krishna, one can regularly engage in practices such as chanting His names."
12,8,What two faculties does Krishna instruct to fix upon Him?,Krishna instructs that both the mind and the intellect should be fixed upon Him.
12,8,How does Krishna describe the result of establishing one's intellect in Him?,"Krishna describes that when a person establishes their intellect in Him, they will dwell in Him completely."
12,8,What does it mean to 'abide solely in Me' as mentioned?,"To 'abide solely in Me' suggests attaining a state where one's entire being—thoughts, feelings, and understanding—remains devoted to Krishna."
12,8,Why does Krishna emphasize 'there is no doubt about it' after promising union with?,Krishna emphasizes 'there is no doubt about it' to reassure the seeker of the certainty and reliability of His promise.
12,8,How can one practically fix both the mind and intellect on Krishna in daily?,"Practically, one can fix the mind on Krishna by regularly remembering Him, chanting His name."
12,9,What alternative does Krishna offer Arjuna if he cannot keep his mind steadily fixed?,Krishna tells Arjuna that if he is unable to keep his mind fixed on Him with steadiness.
12,9,What does 'abhyasa-yoga' mean in the context of Arjuna's spiritual journey?,Abhyasa-yoga refers to the disciplined and persistent practice of turning the mind towards the Divine.
12,9,How does Krishna address Arjuna's difficulty in maintaining a steady mind?,Krishna acknowledges that it can be difficult to keep the mind unwaveringly fixed on the Divine.
12,9,Why does Krishna recommend the Yoga of practice for attaining Him when the mind?,"Krishna recognizes that human minds are easily distracted and that immediate, unwavering focus may not be possible for everyone."
12,9,What lesson can seekers learn about spiritual progress from Krishna's advice regarding 'repeated practice'?,"Seekers can learn that spiritual growth is a gradual process, and persistence is more important than perfection."
12,10,What does Krishna advise if one is unable to practice constant remembrance (abhyāsa)?,Krishna advises that if a person is unable to practice constant remembrance or meditation.
12,10,How does the phrase 'be intent to work for Me' guide a devotee's daily?,The phrase encourages devotees to dedicate their everyday actions and duties to Krishna.
12,10,What is meant by 'perfection' as mentioned in 'you shall attain perfection even by?,Perfection here refers to achieving spiritual fulfillment or self-realization through devotion to Krishna.
12,10,Why does Krishna offer the option of performing karmāṇi (actions) for His sake if?,Krishna recognizes that not everyone may succeed in rigorous spiritual practices like meditation or constant remembrance.
12,10,"How can performing actions for Krishna's sake lead to spiritual growth, even if one?","Performing actions for Krishna's sake transforms ordinary work into a form of worship, purifying the heart and reducing selfishness."
12,11,What does Krishna suggest one should do if unable to perform the practices of?,Krishna advises that if one is unable to perform the recommended practices for attaining Him.
12,11,How does the phrase 'subduing your mind and intellect' relate to the practice of?,Subduing the mind and intellect refers to gaining control over one's desires and thoughts.
12,11,What is the deeper purpose of relinquishing the fruit of all actions as mentioned?,Relinquishing the fruit of all actions is a way to reduce selfishness and ego.
12,11,What does 'taking recourse to the Yoga of My realization' mean in the context?,Taking recourse to the Yoga of My realization means relying on the spiritual path that leads to union with the divine.
12,11,Why is giving up attachment to the results of actions considered a significant step?,Giving up attachment to the results of actions frees a person from the bondage of desire and disappointment.
12,12,"What sequence of spiritual practices does Krishna describe, starting from practice and ending with?","Krishna describes a progression where practice leads to knowledge, knowledge leads to meditation."
12,12,How does meditation on God compare to knowledge according to this teaching on Knowledge?,The verse states that meditation on God surpasses mere knowledge.
12,12,Why does peace follow immediately from renunciation of the fruit of actions?,Peace comes from renunciation because letting go of attachment to results frees the mind from anxiety and restlessness.
12,12,What is meant by 'renunciation of the fruit of actions'?,Renunciation of the fruit of actions means performing one's duties without attachment to the results or rewards.
12,12,"Why does Krishna place renunciation above meditation, knowledge, and practice in the hierarchy of?",Krishna places renunciation at the highest level because true spiritual maturity is shown by acting selflessly without desire for personal gain.
12,13,What qualities are described for one who is dear to the Divine?,"The verse describes qualities such as being free from malice towards all beings, being friendly and compassionate."
12,13,How does the quality of 'samaduhkhasukhah' (equanimity in pleasure and pain) help a spiritual?,Equanimity in pleasure and pain allows a spiritual aspirant to remain balanced and peaceful regardless of external circumstances.
12,13,Why is being 'nirmama' (free of possessiveness) significant in the path of devotion?,"Being free of possessiveness means not being attached to people, objects, or achievements as if they are exclusively one's own."
12,13,What does 'adveshta sarvabhutanam' imply about how one should treat others?,'Adveshta sarvabhutanam' means having no hatred or malice towards any being.
12,13,How can someone practically cultivate 'karuna' (compassion) in daily life as encouraged?,"To cultivate compassion, one can start by genuinely wishing well for others and being attentive to their needs and struggles."
12,14,What qualities does Krishna describe that make a devotee dear to Him?,"Krishna describes several qualities that make a devotee dear to Him: being content, remaining ever steadfast in yoga."
12,14,How does the state of being 'contented' contribute to spiritual practice according to this?,Being contented means accepting whatever comes in life with equanimity and not constantly yearning for more.
12,14,What does 'dedicating mind and intellect to Me' suggest about the nature of devotion?,Dedicating mind and intellect to Krishna implies offering not just feelings but also thoughts and understanding to the Divine.
12,14,"Who is speaking in this teaching on Yoga, and to whom are these teachings?",Lord Krishna is speaking to Arjuna.
12,14,What is the significance of 'firm determination' (dridha-nishchayah) in the path of devotion according?,"Firm determination means unwavering resolve to stay committed to the spiritual path, regardless of challenges or distractions."
12,15,What qualities does Krishna say make a devotee dear to Him?,Krishna explains that a devotee who is not a source of disturbance to others.
12,15,"How does a person free from delight, envy, perturbation, and fear behave in daily?","A person who is free from delight, envy, perturbation, and fear maintains equanimity in various situations."
12,15,What is the significance of not being a source of annoyance to fellow-creatures in?,Not being a source of annoyance to others is significant because it reflects inner harmony and compassion.
12,15,"Why does Krishna emphasize freedom from harsa (delight), amarsa (envy), bhaya (fear), and udvega?","Krishna emphasizes freedom from these emotions because they often lead to instability and suffering, both for oneself and others."
12,15,How can one cultivate liberation from agitation and fear as described?,"To cultivate liberation from agitation and fear, one should practice self-awareness and mindfulness, observing their thoughts and emotions without attachment."
12,16,What qualities does Krishna describe in a devotee who is dear to Him?,"Krishna describes a devotee as being free from desires, pure, skillful, indifferent to pain and pleasure."
12,16,How does being 'pure' and 'expert' contribute to a devotee's spiritual progress according to?,"Being pure means maintaining cleanliness in thoughts, words, and actions, while being expert refers to skillfulness in duties and responsibilities."
12,16,What does it mean to be 'indifferent to pain and pleasure' as mentioned?,To be indifferent to pain and pleasure means to remain balanced regardless of life's ups and downs.
12,16,What is the significance of 'renouncing all undertakings' in the context of devotion?,Renouncing all undertakings refers to giving up actions that are motivated by personal gain or ego.
12,16,Why does Krishna say that a person who is free from desires (anapeksha) is?,Krishna values freedom from desires because desires often bind people to the material world and cause suffering.
12,17,What qualities does Krishna mention in a person who is dear to Him?,"Krishna describes a person who does not rejoice or hate, does not grieve or desire."
12,17,What does it mean to renounce both good and evil actions as stated in?,Renouncing both good and evil actions means letting go of attachment to the results of one's actions.
12,17,"Why does Krishna emphasize not rejoicing, hating, grieving, or desiring?",Krishna emphasizes these qualities to highlight the importance of inner stability and detachment.
12,17,What is the significance of being 'full of devotion' in the context of this?,"Being full of devotion means having a heart that is deeply committed to the Divine, acting with love and surrender."
12,17,How can a person practically cultivate the attitude of not grieving or desiring as?,"To cultivate this attitude, one can practice mindfulness, regularly observing their emotions and thoughts without getting attached."
12,18,What are the pairs of opposites mentioned that a person should be balanced towards?,"The verse mentions several pairs of opposites: friend and foe, honor and dishonor, heat and cold."
12,18,How does remaining free from attachment help a person deal with experiences like heat?,Being free from attachment allows a person to face both favorable and unfavorable experiences without being disturbed.
12,18,Why does the verse emphasize being alike to both friend and foe?,The verse emphasizes equanimity towards both friend and foe to encourage the cultivation of impartial love and understanding.
12,18,What is the significance of being 'alike to honor and dishonor' in daily life?,Being alike to honor and dishonor means not allowing praise or criticism to affect one's sense of self-worth.
12,18,"How can someone practice remaining balanced in pleasure and pain, as mentioned?","To remain balanced in pleasure and pain, one can practice mindfulness and self-reflection."
12,19,What qualities are described in the person who is dear to Krishna?,"Krishna describes a person who regards both praise and reproach equally, is contemplative."
12,19,How does being 'contented with any means of subsistence whatsoever' reflect a devotee's mindset?,Being content with any means of subsistence shows that the devotee is not driven by greed or dissatisfaction.
12,19,"What does it mean to take praise and reproach alike, as mentioned?",Taking praise and reproach alike means treating both compliments and criticism with the same equanimity.
12,19,Why does Krishna value a person who has no sense of ownership or attachment?,Krishna values such a person because detachment from possessions and places reflects spiritual maturity.
12,19,How can a devotee practice being 'full of devotion' while remaining unaffected by both?,A devotee can practice this by focusing their thoughts and actions on serving the divine.
12,20,What qualities make a devotee extremely dear to Krishna?,"A devotee becomes extremely dear to Krishna when they are filled with faith, remain solely devoted to Him."
12,20,How is the 'nectar of pious wisdom' described in relation to devotion?,The 'nectar of pious wisdom' refers to the teachings and virtuous path outlined for spiritual growth.
12,20,Why does Krishna emphasize faith (shraddha) as essential for those who are devoted to?,Krishna highlights faith as essential because it anchors the devotee's mind and heart.
12,20,What does it mean to be 'solely devoted' to Krishna according to this teaching?,"Being solely devoted to Krishna means placing Him at the center of one's thoughts, actions, and intentions."
12,20,How does this teaching on Wisdom address the question of what makes someone truly?,This verse teaches that true dearness to the Divine comes not from external rituals or achievements.
13,1,What does Krishna call the body when addressing Arjuna?,Krishna refers to the body as the 'Field' or 'Ksetra' when speaking to Arjuna.
13,1,Who is described as the 'knower of the Field' according to the sages?,"The 'knower of the Field', or 'Ksetrajña', is the one who understands and is aware of the body."
13,1,How does Krishna differentiate between the 'Field' and the 'knower of the Field' in?,"Krishna makes a clear distinction between the physical body, which he calls the 'Field', and the conscious self."
13,1,What is the significance of the term 'Ksetra' as used by Krishna?,"The term 'Ksetra' signifies the body as a place where experiences, actions, and changes occur."
13,1,Why is it important to recognize the difference between the body and the one?,Recognizing the difference between the body and the knower helps us understand our true nature beyond physical existence.
13,2,What does Krishna refer to as true wisdom?,"Krishna states that true wisdom is the understanding of both the Ksetra, which is the field or body."
13,2,Who does Krishna ask Arjuna to recognize as the Ksetrajña in all bodies?,"Krishna instructs Arjuna to recognize Himself, Krishna, as the Ksetrajña in all fields or bodies."
13,2,What does the term 'Ksetra' signify in the context of Krishna's teaching to Arjuna?,"'Ksetra' refers to the field, which symbolizes the physical body or matter."
13,2,How does Krishna's identification with the Ksetrajña in every body influence our understanding of?,Krishna's identification with the Ksetrajña suggests that the true self in every being is divine and not limited to the physical form.
13,2,Why does Krishna consider the knowledge of both Ksetra and Ksetrajña as essential for?,Krishna considers this knowledge essential because understanding both the physical body and the indwelling consciousness leads to true insight.
13,3,Who is inviting the listener to hear about the Ksetra and Ksetrajna?,It is Lord Krishna who is inviting Arjuna to listen carefully.
13,3,What does Krishna refer to when he mentions 'Ksetra' and 'Ksetrajna'?,"'Ksetra' refers to the field, which symbolizes the physical body and the material world."
13,3,What kinds of topics does Krishna promise to explain about the Ksetra?,"Krishna promises to explain what the Ksetra is, its nature, the various changes or evolutions it undergoes."
13,3,What does 'hear all this from Me in a nutshell' suggest about Krishna's teaching?,By saying 'hear all this from Me in a nutshell.
13,3,Why does Krishna emphasize the importance of understanding both the Ksetra and the Ksetrajna?,Krishna emphasizes this dual understanding because knowing the difference between the body (Ksetra) and the soul (Ksetrajna) is essential for self-realization.
13,4,Who expounded the truth about the Ksetra and the Ksetrajña?,The truth about the Ksetra and the Ksetrajña has been expounded by the seers.
13,4,How do the Vedic chants contribute to the understanding of Ksetra and Ksetrajña as?,The Vedic chants contribute to the understanding of Ksetra and Ksetrajña by presenting this knowledge in a structured and poetic form.
13,4,What is the significance of the Brahmasutras in relation to Ksetra and Ksetrajña?,The Brahmasutras are significant because they offer a logical and reasoned approach to understanding the truths about Ksetra and Ksetrajña.
13,4,What terms are used in the verse to describe the explanations provided by the?,The verse uses terms like 'manifold ways' and 'separately stated' to describe the explanations provided by the Rishis.
13,4,Why is it important to study the Ksetra and Ksetrajña as mentioned by the?,Studying the Ksetra and Ksetrajña is important because it leads to self-awareness and spiritual growth.
13,5,"What are the components mentioned in Chapter 13, Verse 5?","The components mentioned include the five elements, the ego, the intellect, the Unmanifest (Primordial Matter)."
13,5,How are the 'ten organs' described?,The ten organs refer to the organs of perception and action.
13,5,Why is the 'Unmanifest' included among the components?,"The 'Unmanifest' or Primordial Matter is included because it represents the original, subtle state of material reality."
13,5,What is the significance of the 'five objects of sense'?,"The five objects of sense—sound, touch, colour, taste, and smell—represent the stimuli that the sensory organs perceive."
13,5,How do these components relate to understanding oneself?,"These components illustrate the complexity of human existence, encompassing both the physical and subtle aspects of reality."
13,6,What elements are included in the Ksetra according to Verse 6?,"The Ksetra includes desire, aversion, pleasure, pain, the physical body, consciousness, and firmness."
13,6,How is the Ksetra described?,"Comprising various elements such as desire, aversion, pleasure, pain, the physical body, consciousness."
13,6,Why are desire and aversion considered part of the Ksetra?,Desire and aversion are fundamental emotions that drive human behavior.
13,6,What is the significance of consciousness in the Ksetra?,Consciousness is significant in the Ksetra as it represents awareness and perception.
13,6,How can understanding the components of the Ksetra help in personal growth?,"Understanding the components of the Ksetra, such as desire, aversion, and consciousness."
13,7,What qualities are mentioned in the verse that one should cultivate?,"The qualities mentioned in the verse include absence of pride, freedom from hypocrisy, non-violence, forbearance."
13,7,How is 'non-violence' described in the context of this teaching on Absence?,"In the context of this verse, 'non-violence' refers to the practice of not causing harm to any living being."
13,7,Why is 'devout service of the preceptor' important according to this teaching on Absence?,'Devout service of the preceptor' is important as it signifies respect and reverence towards one's teacher.
13,7,Who is emphasizing these qualities and why?,Lord Krishna is emphasizing these qualities to guide individuals on the path of self-realization and spiritual development.
13,7,"How can 'control of body, mind, and the senses' lead to spiritual growth?","Control of body, mind."
13,8,What qualities does Krishna emphasize for spiritual growth?,"Krishna emphasizes dispassion towards the objects of the senses, absence of ego."
13,8,What does dispassion towards the objects of the senses mean in the context of?,Dispassion towards the objects of the senses means developing a sense of detachment from the material pleasures and temptations that captivate the mind and senses.
13,8,How does the concept of 'absence of ego' contribute to one's spiritual journey according?,The absence of ego helps one to overcome the false sense of self-importance and separateness from others.
13,8,"Why is contemplation of birth, death, old age, and disease important?","Contemplation of birth, death, old age."
13,8,How can one practically apply the teachings of dispassion and absence of ego in?,"Practically applying these teachings involves being mindful of one's desires and actions, reducing attachment to possessions and outcomes."
13,9,What is meant by 'absence of attachment'?,The 'absence of attachment' refers to the state of being free from emotional clinging or dependency on relationships and possessions.
13,9,Why is maintaining 'constant equipoise of mind' important in both favourable and unfavourable circumstances?,Maintaining 'constant equipoise of mind' is important because it ensures mental stability and peace regardless of external conditions.
13,9,What are the specific relationships and aspects mentioned in Verse 9 where one should?,"Verse 9 specifically mentions son, wife, and home as relationships and aspects where one should avoid the feeling of 'mineness'."
13,9,What does 'feeling of mineness' signify in the context of this teaching on Absence?,The 'feeling of mineness' signifies the sense of ownership and possessiveness that people often develop towards their loved ones and possessions.
13,9,"How can one practice detachment from 'son, wife, home' while still fulfilling responsibilities?",One can practice detachment by performing their duties and responsibilities with love and care.
13,10,"What quality of devotion is described in the phrase 'devotion to Me, which is?",The quality of devotion described is one that is exclusive and not distracted by other interests or engagements.
13,10,What does 'residing in a secluded place' suggest about a devotee's lifestyle?,Residing in a secluded place suggests that a devotee is encouraged to seek environments that minimize distractions and allow for deeper spiritual contemplation and connection with the divine.
13,10,How can 'free from material desires' be applied in daily life?,Being free from material desires involves minimizing attachment to worldly possessions and pleasures.
13,10,What is meant by 'without love for the society of materialistic persons'?,This means maintaining a distance from those who are heavily focused on material gain and pleasures.
13,10,Why is unwavering devotion important in the spiritual path according to this teaching on?,Unwavering devotion is important because it ensures a constant and deep connection with the divine.
13,11,What is declared as knowledge?,Fixity in self-knowledge and seeing God as the object of true knowledge is declared as knowledge.
13,11,What does 'fixity in self-knowledge' imply in the context of this teaching on Fixity?,'Fixity in self-knowledge' implies a consistent and unwavering focus on understanding one's true self.
13,11,Why is seeing God as the object of true knowledge considered essential?,Seeing God as the object of true knowledge is considered essential because it aligns one's understanding with the ultimate truth.
13,11,How can understanding what is termed as ignorance help in spiritual growth according to?,Understanding what is termed as ignorance can help in spiritual growth by allowing individuals to discern between true knowledge and misconceptions.
13,11,What is meant by 'other than this is called ignorance'?,'Other than this is called ignorance' means that any understanding or perception that is not based on self-knowledge and the recognition of God as the ultimate truth is considered ignorance.
13,12,What is described as beginningless and supreme?,"The beginningless and supreme entity is the Brahman, which is the ultimate reality and is beyond comparison."
13,12,What does Krishna say about Brahman being neither Sat nor Asat?,Krishna describes Brahman as an entity that transcends the duality of Sat (being) and Asat (non-being).
13,12,How does knowing Brahman lead to immortality according to this teaching on That?,Knowing Brahman leads to immortality because it involves realizing the eternal and unchanging reality that underlies all existence.
13,12,Why is the concept of Brahman being beyond Sat and Asat significant?,The concept is significant because it suggests that Brahman is the ultimate reality that cannot be confined within the limitations of ordinary perception and dualistic thinking.
13,12,What does it mean to attain supreme Bliss by knowing Brahman?,Attaining supreme Bliss by knowing Brahman means reaching a state of complete liberation and eternal happiness.
13,13,What does it mean that it has hands and feet on all sides?,This description signifies the omnipresence of the divine.
13,13,"What is the significance of the divine having eyes, head, and mouth in all?","The eyes, head, and mouth in all directions symbolize the divine's ability to see, think, and speak universally."
13,13,Why are ears mentioned as being all around?,Ears being all around suggests the divine's ability to hear everything.
13,13,How can one understand the idea of the divine pervading all in the universe?,Understanding the divine as pervading all suggests seeing the interconnectedness of all beings and things.
13,13,"Who is described as having hands, feet, eyes, head, mouth, and ears everywhere?","The verse describes the divine presence, often referred to as the Supreme Being or universal consciousness."
13,14,What does it mean to say it is the 'sustainer of all' while being?,"The verse describes a divine entity that, while being unattached, still sustains everything."
13,14,How does the verse describe the relation between being 'devoid of all senses' and?,The verse explains that the divine can perceive all sense-objects yet remains devoid of all senses.
13,14,What is the significance of being 'attributeless' yet the 'enjoyer of qualities'?,"The verse indicates that the divine is beyond all attributes, yet enjoys or interacts with the qualities of nature."
13,14,Why is it important that the divine is described as 'asaktam' or 'unattached'?,Describing the divine as 'asaktam' or 'unattached' is crucial because it signifies detachment from worldly desires and outcomes.
13,14,What philosophical understanding can be drawn from the notion that the divine is both?,The philosophical insight here is that the divine exists in a state beyond the three qualities or gunas of nature.
13,15,What does 'It exists without and within all beings' mean?,This phrase indicates that the divine presence permeates everything.
13,15,How does subtlety make the divine incomprehensible?,"The verse describes the divine as subtle, meaning it is so fine and delicate that it eludes ordinary perception."
13,15,Why is the divine described as being both 'close at hand and afar'?,The description of the divine as both 'close at hand and afar' signifies its omnipresence.
13,15,What does the phrase 'animate and inanimate creation' signify?,"The phrase 'animate and inanimate creation' refers to all aspects of the universe, including living beings and non-living entities."
13,15,How can understanding the divine's presence everywhere impact one's life?,Understanding that the divine is present everywhere can lead one to see the unity in diversity.
13,16,How is the godhead described in terms of its presence in beings?,"Being integral and undivided, similar to space."
13,16,Why does the godhead appear divided among all beings according to the verse?,The godhead appears divided among all beings to illustrate the concept of unity in diversity.
13,16,What does the notion of the godhead being 'integral like space' suggest about the?,"The notion suggests that divinity is ever-present and all-encompassing, much like space which exists everywhere without division."
13,16,Which roles are attributed to the godhead?,"The godhead is attributed with the roles of sustainer, destroyer, and creator."
13,16,What is the significance of knowing the godhead as described?,Knowing the godhead as described in the verse is significant because it represents the ultimate truth and reality that sustains.
13,17,What does it mean when the verse says 'the light of all lights'?,The phrase 'the light of all lights' refers to the supreme knowledge and consciousness that illuminates everything.
13,17,How can the concept of 'beyond darkness' be understood in a practical sense?,The concept of 'beyond darkness' can be understood as moving beyond ignorance and illusion.
13,17,What is described as the 'goal of knowledge'?,In the verse.
13,17,Why might the verse describe the divine as 'the most subtle of all'?,'the most subtle of all' because it represents the essence that permeates everything.
13,17,"Who is being referred to as the source of 'knowledge, the object of knowledge?","The verse attributes these qualities to the supreme divine presence, which is the source, object."
13,18,What does 'My devotee enters into My Being' signify?,This signifies the ultimate union with the Divine.
13,18,What is briefly discussed in the verse about the Ksetra and knowledge?,"The verse briefly discusses the nature of the Ksetra, which is the field, and knowledge."
13,18,Why is it important for a devotee to understand the object worth knowing?,"Understanding the object worth knowing, which is the Divine."
13,18,What is the result of knowing the truth of the Ksetra and knowledge as?,The result of knowing the truth of the Ksetra and knowledge is that the devotee is able to enter into the Being of the Divine.
13,18,Who is speaking and who is the intended audience?,"Lord Krishna is speaking to Arjuna, imparting wisdom about the nature of the Ksetra, knowledge, and the Divine."
13,19,What are Prakrti and Purusa described as?,Prakrti and Purusa are described as beginningless in this verse.
13,19,How are modifications such as likes and dislikes related to Prakrti?,Modifications such as likes and dislikes are described as born of Prakrti.
13,19,Why are Prakrti and Purusa considered beginningless?,Prakrti and Purusa are considered beginningless because they are fundamental aspects of existence.
13,19,What is the significance of the three Gunas in relation to objects?,"The three Gunas—sattva, rajas, and tamas—constitute all objects."
13,19,How does understanding the roles of Prakrti and Purusa help in spiritual growth?,Understanding Prakrti and Purusa helps in recognizing the distinction between the material and spiritual aspects of existence.
13,20,What is Prakrti responsible for?,Prakrti is responsible for bringing forth the evolutes and the instruments.
13,20,How does this teaching on Prakrti describe the role of the individual soul in?,The verse describes the individual soul as the cause of the experience of joys and sorrows.
13,20,Why might the distinction between Prakrti and the individual soul be important in understanding?,This distinction is important because it highlights the dual role in human experience: Prakrti creates the physical and mental conditions.
13,20,What does the verse imply about the nature of responsibility for actions and experiences?,The verse implies that responsibility is dual; Prakrti is responsible for the creation and functioning of the world.
13,20,How can understanding the roles of Prakrti and the soul impact one's approach to?,Understanding these roles can lead to greater detachment and clarity.
13,21,How does the Purusa interact with the Gunas?,"The Purusa, while residing in Prakrti, interacts with the Gunas by experiencing the objects that evolve from them."
13,21,What role do the Gunas play in determining the birth of the soul according?,"The Gunas, through their contact with the Purusa, are responsible for the soul's birth in either good or evil wombs."
13,21,Why is the Purusa considered responsible for good and evil births in relation to?,The Purusa is considered responsible because its engagement with the Gunas determines the nature of its actions and experiences.
13,21,How can one reduce the influence of the Gunas on their soul's journey?,"To reduce the influence of the Gunas, one can practice detachment and mindfulness, focusing on self-awareness and spiritual practices."
13,21,What is the significance of Prakrti and Purusa?,"Prakrti represents the material nature and the Gunas, while Purusa signifies the conscious self or soul."
13,22,What roles does the soul play in the body according to this teaching on?,"The soul acts as the witness, giver of true knowledge, sustainer, enjoyer, and the great Lord within the body."
13,22,How is the soul described in relation to Brahma and others?,"The lord of Brahma and others, signifying its supreme authority and divine nature."
13,22,Why is the soul referred to as both the witness and the enjoyer?,The witness because it observes all actions and experiences without attachment.
13,22,How does understanding the soul as the Supreme Soul impact one's perception of life?,Recognizing the soul as the Supreme Soul encourages a deeper understanding of one's true nature beyond the physical body.
13,22,What is the significance of calling the soul 'pure consciousness and bliss'?,"Calling the soul 'pure consciousness and bliss' highlights its eternal, unchanging nature, distinct from the transient physical world."
13,23,What is the significance of knowing both Purusa and Prakrti together with the Gunas?,Knowing both Purusa and Prakrti together with the Gunas is significant because it leads to liberation.
13,23,Who is said to never be born again?,The person who knows the Purusa (Spirit) and Prakrti (Nature) together with the Gunas is said to never be born again.
13,23,How does performing duties relate to liberation as described?,"Performing duties while understanding the nature of Purusa and Prakrti, along with the Gunas."
13,23,What does it mean to not be 'born again' according to this teaching on?,"To not be 'born again' means to achieve liberation from the cycle of samsara, the continuous cycle of birth."
13,23,"Who is the speaker in Chapter 13, Verse 23, and what is the context?","The speaker in this verse is Lord Krishna, who is imparting wisdom to Arjuna."
13,24,How do some individuals behold the supreme Spirit?,It is described that some individuals behold the supreme Spirit through meditation.
13,24,What methods are mentioned for realizing the supreme Spirit?,"The verse mentions three methods for realizing the supreme Spirit: meditation, the discipline of Knowledge (Sankhya)."
13,24,Why might meditation require a refined and sharp intellect to behold the supreme Spirit?,Meditation requires a refined and sharp intellect because perceiving the supreme Spirit involves deep concentration and clarity of thought.
13,24,Who is the speaker explaining the different methods of realizing the supreme Spirit?,The speaker of this verse is Lord Krishna.
13,24,How do the different paths to realizing the supreme Spirit reflect diverse human inclinations?,"The different paths reflect the diversity in human nature and inclinations, acknowledging that individuals have unique dispositions."
13,25,Who are referred to as 'other dull witted persons'?,'other dull witted persons' refers to those who do not have deep knowledge or understanding of spiritual truths.
13,25,What does it mean to 'cross the ocean of mundane existence in the shape?,To 'cross the ocean of mundane existence in the shape of death' means to transcend the cycle of birth and death.
13,25,How do those devoted to hearing achieve spiritual progress according to the verse?,According to the verse.
13,25,Why might listening to others be significant in spiritual practice?,Listening to others in spiritual practice is significant because it opens one to new perspectives and deeper understandings that one might not reach alone.
13,25,What role does 'hearing from others' play in the lives of the dull witted?,"In this context, 'hearing from others' acts as a crucial bridge for the dull witted to engage in spiritual practices."
13,26,What are the two components mentioned that give rise to all beings?,The two components mentioned are Ksetra (Matter) and Ksetrajña (Spirit).
13,26,What does the term 'Ksetra' represent in the context of this teaching on Arjuna?,"'Ksetra' represents the physical matter or the body, which is the field of activity where life unfolds."
13,26,"How should Arjuna understand the birth of all beings, both animate and inanimate, according?","Krishna explains to Arjuna that all beings, whether animate or inanimate, arise from the union of Ksetra."
13,26,Who is Krishna addressing when explaining the concept of Ksetra and Ksetrajña?,Krishna is addressing Arjuna when explaining the concept of Ksetra (Matter) and Ksetrajña (Spirit).
13,26,What does this teaching on Arjuna imply about the nature of existence and creation?,The verse implies that existence and creation are the result of a divine union between matter and spirit.
13,27,Who is described as truly seeing?,The one who truly sees is the person who perceives the supreme Lord as imperishable and equally present in all beings.
13,27,What does it mean for the supreme Lord to be 'imperishable'?,The term 'imperishable' signifies that the supreme Lord is eternal and unchanging.
13,27,Why is it significant to see the supreme Lord equally in all beings?,Seeing the supreme Lord equally in all beings is significant because it fosters a sense of unity and equality among all forms of life.
13,27,What is meant by 'abiding equally in all perishable beings' in this context?,The phrase 'abiding equally in all perishable beings' means that the supreme Lord exists uniformly within all forms of life.
13,27,How can one apply the understanding from this teaching on Lord to daily life?,Applying the understanding from this verse involves recognizing the divine presence within every being we encounter.
13,28,Why does the verse emphasize seeing the supreme Lord equally present in all?,The verse highlights the importance of perceiving the supreme Lord equally in all beings to instill a sense of unity and equality.
13,28,What is the ultimate state one reaches by seeing the Lord in all?,"By perceiving the supreme Lord equally present in all beings, an individual can attain the supreme state."
13,28,What does the verse say about the act of self-destruction?,The verse mentions that one who sees the supreme Lord in all does not kill himself by himself.
13,28,What is the significance of not harming oneself according to this teaching on Lord?,Not harming oneself is crucial because it reflects a deeper understanding of one's divine nature.
13,28,How can one cultivate the vision of seeing the supreme Lord equally in all?,"To cultivate this vision, one can practice mindfulness, meditation, and compassion towards others."
13,29,Who does Krishna describe as the true seer?,Krishna describes the true seer as one who perceives all actions as being performed by Prakrti alone while recognizing the Self as the non-doer.
13,29,What role does Prakrti play according to this teaching on Prakrti?,Prakrti is depicted as the force responsible for all actions.
13,29,Why is it important to see the Self as the non-doer?,Seeing the Self as the non-doer is crucial because it helps individuals detach from the ego and the false identification with actions.
13,29,What does it mean to 'really see' according to this teaching on Prakrti?,"To 'really see' according to this verse means to understand the distinction between Prakrti, which performs all actions."
13,29,How can one apply the teaching of seeing the Self as the non-doer in?,One can apply this teaching by practicing detachment from the outcomes of actions and understanding that the essence of the Self is beyond physical activities.
13,30,What does it mean to perceive the diversified existence of beings as rooted in?,"This perception involves understanding that all beings, despite their apparent differences."
13,30,How does the spreading forth of all beings from the supreme Spirit relate to?,"When one sees all beings as emanations of the supreme Spirit, it signifies a deep realization of unity in diversity."
13,30,Why is it important to perceive all beings as originating from the same source?,Krishna's teachings emphasize this perception to guide individuals towards a more harmonious and compassionate way of living.
13,30,What is meant by the term 'Brahma' in this context?,"In this context, 'Brahma' refers to the ultimate reality or the supreme cosmic spirit that embodies truth, consciousness, and bliss."
13,30,Who attains Brahma when they perceive the diversified existence of beings rooted in the?,The verse describes that a person who perceives the diversified existence of beings as rooted in the supreme Spirit attains Brahma.
13,31,Who is the speaker addressing Arjuna about the Supreme Soul?,Lord Krishna is addressing Arjuna.
13,31,"How does the Supreme Soul, as described in the verse, remain unaffected by actions?",The Supreme Soul remains unaffected by actions because it is devoid of qualities and beyond any physical attributes.
13,31,What does it mean for the Supreme Soul to be 'without beginning' as mentioned?,Being 'without beginning' indicates that the Supreme Soul is eternal and timeless.
13,31,Why does the verse describe the Supreme Soul as residing in the body yet?,The verse describes the Supreme Soul as residing in the body yet not acting to convey its transcendental nature.
13,31,What can we learn about detachment from the description of the Supreme Soul?,The description of the Supreme Soul teaches us about detachment by illustrating how it remains unaffected by the actions of the body.
13,32,What is compared to ether?,The Self is compared to ether.
13,32,How is the ether described?,All-pervading and not tainted due to its subtlety.
13,32,Why is the Self not affected by the attributes of the body?,The Self is not affected by the attributes of the body because it is attributeless.
13,32,What does the comparison of the Self to ether signify?,The comparison signifies that just as ether is subtle and not affected by what it pervades.
13,32,How can understanding the nature of the Self help in daily life?,Understanding that the Self is not affected by bodily attributes can help cultivate detachment and peace.
13,33,What analogy is used to describe the Self's illumination?,The analogy used is that of the sun.
13,33,How does the sun relate to the concept of the Self?,The sun is used as a metaphor to explain how the Self illuminates the field.
13,33,Why is the sun chosen as a metaphor for the Self's illumination?,"The sun is chosen because it is a universal symbol of light and illumination, representing clarity and enlightenment."
13,33,What does the illumination of the field by the Self signify in a spiritual?,"In a spiritual context, the illumination of the field by the Self signifies the awakening to true knowledge and consciousness."
13,33,What is the significance of the 'field'?,"The 'field' refers to all aspects of material existence, including the body, mind, and emotions."
13,34,How does the analogy of the sun and the Atma?,The analogy of the sun and the Atma illustrates the concept of illumination and unity.
13,34,What does the term 'Ksetra' refer to in this context?,"In this context, 'Ksetra' refers to the body and the mind."
13,34,What does this teaching on Arjuna imply about the relationship between the Atma and?,That the Atma is the underlying essence that illuminates and gives life to the entire universe.
13,34,What does it mean to have 'jnana-cakshu' or the 'eye of wisdom' in understanding?,"Having 'jnana-cakshu', or the 'eye of wisdom', means perceiving the deeper truths beyond the physical and material world."
13,34,Who is being addressed and what is the significance of this address?,Arjuna is being addressed by Lord Krishna.
14,1,What does Sri Bhagavan promise to discuss?,"Sri Bhagavan promises to discuss the supreme wisdom, which is the best of all wisdoms."
14,1,What is the significance of the wisdom mentioned by Sri Bhagavan?,The wisdom mentioned by Sri Bhagavan is considered supreme and the best among all wisdoms.
14,1,Why does Sri Bhagavan refer to this wisdom as 'the best of all wisdoms'?,Sri Bhagavan refers to this wisdom as 'the best of all wisdoms' because it leads to ultimate liberation and perfection.
14,1,Who are the beings that have attained perfection through this supreme wisdom?,"The beings who have attained perfection through this supreme wisdom are sages, referred to as 'munis' in the verse."
14,1,What does 'highest perfection' imply in the context of this teaching on Wisdom?,'Highest perfection' implies reaching a state of complete liberation and spiritual fulfillment.
14,2,What happens to those who practice this wisdom at the cosmic dawn?,Those who practice this wisdom and enter into Krishna's being are not born again at the cosmic dawn.
14,2,What does it mean to enter into Krishna's Being according to this teaching on?,Entering into Krishna's Being means aligning oneself so closely with divine wisdom and consciousness that one transcends the cycle of birth and rebirth.
14,2,Why might those who have attained Krishna's Being not feel disturbed during the cosmic?,Those who have attained Krishna's Being are in harmony with the divine and have transcended worldly disturbances.
14,2,What is the significance of not being born again at the cosmic dawn?,Not being born again at the cosmic dawn signifies liberation from the cycle of birth and rebirth.
14,2,How can practicing wisdom lead to liberation from the cycle of rebirth?,Practicing wisdom leads to a deep understanding of the self and its unity with the divine.
14,3,What does Krishna refer to as the 'great Brahman'?,"Krishna refers to His primordial Nature as the 'great Brahman', which is the womb from which all beings are born."
14,3,How does Krishna describe the process of creation?,"Krishna describes the process of creation as placing the seed of consciousness into the great Brahman, His primordial Nature."
14,3,What is the significance of the 'seed of consciousness' mentioned by Krishna?,The 'seed of consciousness' signifies the infusion of life and awareness into the inert material nature.
14,3,Who is Krishna addressing as 'O Bharata'?,Krishna is addressing Arjuna as 'O Bharata'.
14,3,What philosophical concept does the union of inert and conscious?,The union of inert and conscious illustrates the concept of duality and interdependence in creation.
14,4,What roles do Prakrti and Krishna play in the creation of living beings?,"Prakrti, or Nature, is described as the conceiving Mother who nurtures and develops all forms of life."
14,4,How does the verse describe the process of creation among various species?,The verse explains that all embodied beings across different species come into existence through the combination of Prakrti and Krishna.
14,4,What can we learn about the nature of existence from Krishna's description of creation?,Krishna's description highlights the interconnectedness of all life forms and the balance between material and spiritual realms.
14,4,"Who is acknowledged as the 'seed-giving Father' in this teaching on Arjuna, and what?",Krishna is acknowledged as the 'seed-giving Father' in this verse.
14,4,Why does the verse refer to all living beings as 'embodied'?,The term 'embodied' refers to the physical manifestation of life forms.
14,5,What are the three qualities mentioned in the verse that bind the soul to?,"The three qualities mentioned are Sattva, Rajas, and Tamas."
14,5,"How do the qualities of Sattva, Rajas, and Tamas influence the soul according to?","According to Krishna, the qualities of Sattva, Rajas, and Tamas bind the imperishable soul to the body."
14,5,Why does Krishna refer to Arjuna as 'mighty-armed' when discussing the qualities of Prakriti?,Krishna refers to Arjuna as 'mighty-armed' to acknowledge his strength and warrior abilities.
14,5,"How can understanding the qualities of Sattva, Rajas, and Tamas help one in their?","Understanding these qualities can help one recognize how they influence thoughts, actions, and emotions."
14,5,What does it mean for the soul to be 'imperishable' in the context of?,"In this context, 'imperishable' means that the soul is eternal and indestructible."
14,6,What quality does Sattva possess according to Krishna?,"According to Krishna, Sattva is immaculate, illuminating, and flawless."
14,6,How does Sattva bind a person as explained?,Sattva binds a person through identification with joy and wisdom.
14,6,Why does Krishna describe Sattva as both immaculate and binding?,"Krishna describes Sattva as immaculate because it is pure and free from impurities, illuminating one's mind."
14,6,Who is Krishna addressing when he discusses the nature of Sattva?,"Krishna is addressing Arjuna, explaining to him the nature of Sattva and how it operates in the material world."
14,6,How can understanding Sattva's binding nature help one in spiritual growth?,"Understanding that even Sattva, with its purity and wisdom, can bind."
14,7,What characteristics are associated with Rajas as described?,"Rajas is characterized by passion, desire, and attachment."
14,7,How does Rajas influence the actions of the embodied soul?,Rajas influences the embodied soul by creating an attachment to actions and their results.
14,7,Who is being addressed by Krishna and what is being explained?,"Krishna is addressing Arjuna, referred to as 'O son of Kunti'."
14,7,What does it mean for Rajas to bind the soul by attachment to actions?,When Rajas binds the soul by attachment to actions.
14,7,Why is understanding Rajas important for spiritual growth according to the verse?,Understanding Rajas is crucial for spiritual growth because it highlights how desires and attachment can hold one back from achieving true freedom.
14,8,What is the nature of Tamas according to Krishna?,Krishna describes Tamas as born of ignorance and responsible for deluding those who identify with the body.
14,8,How does Tamas affect an individual's behavior and mindset?,"Tamas leads to a state of ignorance, causing individuals to make errors, exhibit laziness, and fall into excessive sleep."
14,8,"Why does Tamas bind the soul, according to the teachings of the Bhagavad Gita?",Tamas binds the soul because it clouds judgment and understanding through ignorance.
14,8,What does Krishna mean by saying Tamas is the 'deluder of all those who?,Krishna implies that Tamas misleads those who equate their identity with their physical form.
14,8,"In the context of this teaching on Tamas, what role does ignorance play in?",Ignorance is the root from which Tamas arises.
14,9,What does Sattva engage in?,Sattva is engaged in happiness.
14,9,How does Rajas influence individuals according to the verse?,Rajas influences individuals by engaging them in action.
14,9,What is the impact of Tamas on beings as described?,Tamas impacts beings by causing delusion and error.
14,9,Why is Sattva associated with happiness?,"Sattva is associated with happiness because it embodies qualities of purity, harmony, and balance."
14,9,"How can understanding the influence of Sattva, Rajas, and Tamas help a person in?","Understanding the influence of Sattva, Rajas."
14,10,What does it mean when it says Sattva prevails over Rajas and Tamas?,"This implies that when Sattva predominates, it suppresses the influence of both Rajas and Tamas."
14,10,What happens when Rajas overpowers Sattva and Tamas according to the verse?,"When Rajas overpowers Sattva and Tamas, it means that the qualities of Rajas, such as activity, desire."
14,10,How can one recognize the dominance of Tamas in their life as mentioned?,"The dominance of Tamas is recognized by a sense of inertia, confusion, and ignorance."
14,10,"Why do the modes of Sattva, Rajas, and Tamas continually overpower one another?",The continual overpowering of these modes reflects the dynamic nature of life and consciousness.
14,10,What practical steps can one take to increase Sattva in their life?,"To increase Sattva, one can engage in practices such as meditation, mindfulness, and a balanced diet."
14,11,What arises in all the organs of the body?,"In this context, light arises in all the organs of the body."
14,11,How does the presence of light in the body relate to knowledge according to?,The presence of light in the body signifies the arising of knowledge.
14,11,What does it mean for the wise one to become firm in Sattva when?,"When the wise one becomes firm in Sattva, it means they are established in a state of purity."
14,11,What is the significance of 'light'?,The 'light' in this verse symbolizes enlightenment and inner clarity.
14,11,Why is the development of Sattva important for someone seeking knowledge?,"The development of Sattva is crucial for someone seeking knowledge because it fosters a mind that is clear, serene."
14,12,What qualities arise with the dominance of Rajas?,"With the dominance of Rajas, qualities such as greed, activity, undertaking actions with an interested motive."
14,12,How does Rajas influence a person's actions according to the verse?,Rajas influences a person by instigating greed and making them undertake actions with an interested motive.
14,12,Why does the verse associate restlessness with the increase of Rajas?,The verse associates restlessness with Rajas because this quality fuels desire and ambition.
14,12,What does the presence of 'greed' indicate in the context of Rajas?,The presence of 'greed' in the context of Rajas indicates a strong attachment to material desires and achievements.
14,12,How can one manage the qualities of Rajas to achieve balance in life?,"To manage Rajas, one can practice mindfulness and self-awareness to recognize when desires become excessive."
14,13,What happens when Tamas grows in a person?,"When Tamas grows in a person, it leads to mental and sensory dullness."
14,13,What are the characteristics mentioned in the verse that arise from the increase of?,"The verse mentions obtuseness of the mind and senses, disinclination to perform obligatory duties, frivolity."
14,13,Why does the growth of Tamas cause disinclination towards obligatory duties?,The growth of Tamas causes disinclination towards obligatory duties because it brings about mental dullness and confusion.
14,13,What is meant by 'obtuseness of the mind and senses' in this context?,'Obtuseness of the mind and senses' refers to a state where the mind is clouded and the senses are not sharp or alert.
14,13,How can one manage the effects of Tamas as described?,Managing the effects of Tamas involves cultivating the qualities of Rajas and Sattva.
14,14,What happens when a person dies during the preponderance of Sattva?,"When a person dies during the preponderance of Sattva, they obtain the stainless ethereal worlds, or heavens."
14,14,What does 'stainless ethereal world' refer to in the context of this teaching on?,The 'stainless ethereal world' refers to heavenly realms that are pure and free from impurities.
14,14,How does the state of Sattva at the time of death influence one's afterlife?,The state of Sattva at the time of death influences one's afterlife by directing the soul towards pure and divine realms.
14,14,"Who is described as obtaining the stainless ethereal worlds in Chapter 14, Verse 14?",The verse describes individuals who die during the preponderance of Sattva as obtaining the stainless ethereal worlds.
14,14,Why is the preponderance of Sattva at the time of death significant in achieving?,"The preponderance of Sattva at the time of death is significant because Sattva represents purity, wisdom, and harmony."
14,15,What happens to a person who dies when Rajas predominates?,A person who dies when Rajas predominates is reborn among those attached to action.
14,15,How does the verse describe the rebirth of someone who dies under the influence?,The verse describes that a person who dies under the influence of Tamas is reborn among the species of creatures considered dull or less intelligent.
14,15,What does being born among 'those attached to action' imply for someone who dies?,Being born among 'those attached to action' implies that the individual will be surrounded by and involved with people who are driven by desires and ambitions.
14,15,What is the significance of the terms 'Rajas' and 'Tamas' in the context of?,'Rajas' and 'Tamas' are qualities that influence a person's state of mind and actions.
14,15,How can understanding the effects of Rajas and Tamas on rebirth guide one's current?,Understanding that Rajas leads to a life of attachment to action and Tamas to a lower state of being can encourage individuals to cultivate more Sattva—qualities of balance and wisdom—in their lives.
14,16,What is described as the reward of a righteous act?,"Sattvika and faultless, bringing joy, wisdom, and dispassion."
14,16,How does the verse characterize the outcome of a Rajasika act?,The outcome of a Rajasika act is characterized by sorrow.
14,16,Why might a Tamasika act lead to ignorance according to the verse?,A Tamasika act leads to ignorance because it is typically driven by darkness and delusion.
14,16,What does 'Sattvika' imply in the context of the verse?,"In the context of the verse, 'Sattvika' implies purity, harmony, and balance."
14,16,How can understanding the fruits of different types of actions guide one's behavior?,Understanding the fruits of different actions can guide behavior by encouraging one to pursue Sattvika actions.
14,17,How does Sattva lead to wisdom?,"Sattva is characterized by purity, harmony, and balance, which naturally create a conducive environment for clarity and insight."
14,17,What consequences does Rajas bring according to this teaching on Sattva?,"Rajas is associated with activity, desire, and passion, which lead to greed."
14,17,What does Tamas result in as mentioned?,"Tamas leads to obstinate error, stupor, and ignorance."
14,17,"What is the significance of understanding the effects of Sattva, Rajas, and Tamas?",Understanding these qualities helps in recognizing the influences on one's mind and behavior.
14,17,"Why is it important to balance the qualities of Sattva, Rajas, and Tamas in?",Balancing these qualities is crucial as it affects one's mental state and actions.
14,18,What happens to those established in Sattva?,"Those established in Sattva ascend upwards, indicating spiritual progress and elevation to higher realms."
14,18,How are the characteristics of Rajas described in terms of movement in Chapter 14?,Those in Rajas remain in the middle.
14,18,What does it mean for those in Tamas to go downwards as mentioned in?,"Going downwards for those in Tamas implies a decline due to ignorance, laziness, and delusion."
14,18,What is the significance of the phrase 'ascend upwards'?,"The phrase 'ascend upwards' signifies spiritual growth and moving towards enlightenment, away from material entanglements."
14,18,"Why do people experience different outcomes based on Sattva, Rajas, and Tamas?","People experience different outcomes because these qualities, or gunas, determine one's actions, desires, and consciousness."
14,19,What does it mean for a seer to perceive no agent other than the?,For a seer to perceive no agent other than the three Gunas means recognizing that all actions in the material world are driven by these fundamental qualities: sattva.
14,19,Why is it significant to realize the supreme Spirit stands beyond the three Gunas?,Realizing the supreme Spirit stands beyond the three Gunas is significant because it highlights the transcendence of the divine over material nature.
14,19,What is the role of the supreme Spirit in relation to the three Gunas?,"The supreme Spirit, as described in the verse, stands entirely beyond the influence of the three Gunas."
14,19,What happens when the seer realizes the supreme Spirit?,"When the seer realizes the supreme Spirit, they enter into the supreme Being's state."
14,19,How does understanding 'Me' as the supreme Spirit help one attain liberation?,Understanding 'Me' as the supreme Spirit helps one attain liberation by providing a clear focus on the eternal.
14,20,What happens to the soul after transcending the three Gunas?,The soul attains supreme bliss after transcending the three Gunas.
14,20,What are the three Gunas that the soul transcends?,"The three Gunas that the soul transcends are Sattva, Rajas, and Tamas."
14,20,"How does the soul achieve freedom from birth, death, and sorrow according to this?","The soul achieves freedom from birth, death, and sorrow by transcending the three Gunas."
14,20,What is meant by 'supreme bliss' in the context of this teaching on Having?,'Supreme bliss' refers to the ultimate state of happiness and peace that the soul experiences when it is liberated from the cycle of birth.
14,20,Why is transcending the three Gunas significant for spiritual liberation?,Transcending the three Gunas is significant for spiritual liberation because these qualities bind the soul to the material world and its cycle of birth and death.
14,21,Who is asking about the marks of one who has risen above the three?,It is Arjuna who is asking Lord Krishna about the characteristics of a person who has transcended the three Gunas.
14,21,What specific question does Arjuna ask regarding the conduct of one who transcends the?,Arjuna asks Lord Krishna about the conduct of a person who has risen above the three Gunas.
14,21,Why does Arjuna inquire about how one can rise above the three Gunas?,Arjuna's inquiry reflects his desire to understand the qualities and behaviors that characterize spiritual transcendence.
14,21,What are the 'three Gunas' that Arjuna refers to in his questions?,"The 'three Gunas' Arjuna refers to are Sattva (goodness, harmony), Rajas (passion, activity), and Tamas (ignorance, inertia)."
14,21,What does it mean to rise above the three Gunas according to the philosophy?,Rising above the three Gunas means achieving a state of spiritual liberation where one is no longer influenced by the qualities of Sattva.
14,22,What are the three states mentioned by Sri Bhagavan?,"Sri Bhagavan mentions the three states: light associated with Sattva, activity associated with Rajas, and stupor associated with Tamas."
14,22,What does it mean to not hate or long for the states of light?,It means maintaining equanimity regardless of the presence or absence of these states.
14,22,Why does Sri Bhagavan advise not to hate or long for the states of?,Sri Bhagavan advises this to cultivate detachment and equanimity.
14,22,Who is being addressed by Sri Bhagavan and what is the significance?,Sri Bhagavan is addressing Arjuna.
14,22,How can one apply the teaching of not longing for or hating different states?,One can apply this teaching by practicing mindfulness and self-awareness.
14,23,What does the phrase 'remains unshaken' refer to in relation to the modes of?,The phrase 'remains unshaken' refers to a person's ability to stay steady and unaffected by the disturbances caused by the modes of nature.
14,23,How does one act when they know that 'the modes act on the modes'?,When one understands that 'the modes act on the modes.
14,23,Why is the quality of being 'indifferent' or 'like a witness' emphasized for a?,Being 'indifferent' or 'like a witness' is emphasized because it reflects a state where the person is no longer controlled by desires.
14,23,"What is the significance of understanding that 'guna vrittis' or modes operate independently, as?",Understanding that the 'guna vrittis' or modes operate independently helps one realize that the true Self is beyond these changing qualities.
14,23,How can a person remain 'established in the Self' and avoid being disturbed by?,"A person can remain established in the Self by cultivating awareness of their true nature, practicing meditation."
14,24,What objects does the wise person see as equal in value?,"The wise person sees a clod of earth, a stone, and a piece of gold as equal in value."
14,24,How does someone established in the Self respond to both censure and praise?,A person established in the Self remains unaffected by both censure and praise.
14,24,Why does the verse mention taking both woe and joy alike for a person?,Taking both woe and joy alike shows the equanimity of a wise person.
14,24,What is implied by regarding pleasant and unpleasant experiences in the same spirit?,Regarding pleasant and unpleasant experiences in the same spirit suggests that one should not cling to pleasure or run from pain.
14,24,How can one practically cultivate the state of mind described as 'samaduhkhasukhah'—equanimity in joy?,"To cultivate equanimity in joy and sorrow, one can practice mindfulness and self-reflection."
14,25,What qualities are described for the person who is called 'gunaatita'?,"The person called 'gunaatita' is described as being indifferent to honor and dishonor, treating both friend and enemy equally."
14,25,How does the verse explain the attitude towards honour and ignominy for a realized?,The verse explains that a realized soul remains the same in both honor and ignominy.
14,25,Why is being 'alike to the cause of a friend as well as to?,Being alike to both friends and enemies shows an absence of personal bias and attachment.
14,25,What does 'renounced the senses of doership in all undertakings' signify in practical life?,Renouncing the sense of doership means performing actions without ego or attachment to the results.
14,25,How can one cultivate indifference to both praise and criticism as described for the?,To cultivate indifference to praise and criticism.
14,26,What does it mean to worship Krishna through 'exclusive devotion' or bhakti yoga?,"To worship Krishna through exclusive devotion, or bhakti yoga, means to dedicate oneself wholeheartedly to Him without distraction or deviation."
14,26,How does transcending the three Gunas relate to attaining Brahma according to this teaching?,"Transcending the three Gunas—sattva, rajas."
14,26,What is meant by 'becomes eligible for attaining Brahma' in the context of this?,'Becomes eligible for attaining Brahma' signifies that the devotee.
14,26,Why does Krishna emphasize the necessity of 'constant' service in bhakti yoga?,Krishna emphasizes 'constant' service in bhakti yoga because unwavering devotion gradually purifies the mind and heart.
14,26,"How can practicing exclusive devotion help a person overcome the influence of sattva, rajas?","Practicing exclusive devotion focuses the mind and heart on the divine, redirecting energy away from desires, fears."
14,27,What does Krishna declare himself to be the foundation of?,"Krishna declares himself to be the foundation of the imperishable Brahma, immortality, eternal virtue, and unending bliss."
14,27,Who is speaking in the verse that mentions 'the ground of the imperishable Brahma'?,"Krishna is the speaker in this verse, and he addresses Arjuna."
14,27,What does 'eternal virtue' refer to when Krishna mentions 'shashvatasya dharmasya'?,'Eternal virtue' refers to the everlasting and unchanging principles of righteousness and moral order that sustain the universe.
14,27,What is the significance of Krishna calling himself the shelter of 'unending immutable bliss'?,By calling himself the shelter of 'unending immutable bliss.
14,27,How can understanding Krishna as the foundation of immortality and bliss influence a person's?,Understanding Krishna as the foundation of immortality and bliss encourages a person to look beyond worldly achievements for lasting fulfillment.
15,1,What is described as having its root above and branches below?,"The verse describes a tree, specifically the Ashvattha or pipal tree, as having its root above and its branches below."
15,1,Who is said to truly know the Vedas?,"The person who understands the nature of the Ashvattha tree, recognizing its imperishable root above, its branches below."
15,1,What do the leaves of the Ashvattha tree represent according to the verse?,"According to the verse, the leaves of the Ashvattha tree represent the Vedas."
15,1,What is the significance of the Ashvattha tree being called imperishable?,Calling the Ashvattha tree imperishable highlights the eternal nature of the underlying reality or cosmic order that the tree represents.
15,1,Why does Krishna use the imagery of a tree with its root above and?,Krishna uses the image of an upside-down tree to show that the source of creation lies beyond the material world.
15,2,What nourishes the branches of the cosmic tree mentioned by Krishna?,"The branches of the cosmic tree are nourished by the three Gunas—Sattva, Rajas, and Tamas."
15,2,How do the sense-objects act as 'tender leaves' on the tree described?,"The sense-objects are likened to tender leaves on the tree, signifying their role in attracting and engaging living beings."
15,2,What is the significance of the branches extending both downwards and upwards in the?,"The branches extending both downwards and upwards represent the various forms of existence, from higher to lower realms."
15,2,What does it mean when the verse says the roots 'bind the soul according?,The roots symbolize deep-seated tendencies and attachments that tie the soul to the cycle of birth and death.
15,2,"Why do the roots and branches of this tree spread into all regions, both?",This spreading signifies that the influence of karma and desire pervades every aspect of existence.
15,3,"What is said about the beginning, end, and stability of the tree of creation?","Having neither a beginning nor an end, nor even stability."
15,3,How is the Pipal tree?,The Pipal tree is depicted as having very strong and firmly established roots.
15,3,What does the 'axe of dispassion' symbolize in relation to the Ashvattha tree?,The 'axe of dispassion' symbolizes the power of detachment and renunciation.
15,3,"Why is the true form of the Ashvattha tree said to be ungraspable, and?",The tree's true form is beyond ordinary perception because worldly existence is ever-changing and illusory.
15,3,"Why does the verse emphasize cutting the deeply rooted tree with dispassion, and how?",The verse emphasizes using dispassion as the tool to free oneself from the cycle of attachment and suffering.
15,4,What is meant by the 'supreme state' that should be diligently sought?,"The 'supreme state' refers to the ultimate spiritual goal, which is union with God or the highest reality."
15,4,"According to the verse, what happens to those who attain the state 'from which?",Those who attain the state 'from which they do not return' are freed from the cycle of rebirth.
15,4,What is the significance of dedicating oneself to the 'primeval Being' mentioned?,Dedicating oneself to the 'primeval Being' means surrendering to the original source of all creation.
15,4,Why does the verse instruct seekers to meditate on the source 'from whom the?,The verse instructs seekers to meditate on this source because recognizing and contemplating the ultimate origin of all existence brings clarity and spiritual strength.
15,4,How does the idea of not returning after reaching the supreme state address the?,The idea of not returning after reaching the supreme state speaks directly to the human desire for permanent peace and freedom from suffering.
15,5,What qualities are described as essential for attaining the imperishable state (padam avyayam)?,"The verse describes qualities such as conquering pride and delusion, overcoming faults arising from attachment, being ever spiritual."
15,5,How does this teaching on Those portray the state of a person who is?,A person who is free from desires is depicted as someone who is detached from worldly longings and cravings.
15,5,"What is the significance of being 'nirmana-moha', or free from pride and delusion, according?",Being free from pride and delusion means letting go of the ego and the false sense of self-importance.
15,5,What does 'sukha-duhkha-samjnair vimudha' imply about one's relationship with pleasure and pain?,This phrase implies that a wise person transcends the labels of pleasure and pain.
15,5,Why is it important to be 'established in the imperishable state' as mentioned?,"Being established in the imperishable state signifies realizing one's true, eternal nature beyond the physical body and mind."
15,6,Which three sources of light are mentioned as unable to illumine the supreme Abode?,"The verse mentions the sun, the moon, and fire as sources of light that cannot illumine the supreme Abode."
15,6,How is the 'supreme Abode' described in relation to returning to this world?,"A state or place where, once attained, beings do not return to this world."
15,6,What does it mean that the supreme Abode is 'self-effulgent' and not illumined by?,The term 'self-effulgent' suggests that the supreme Abode radiates its own light and does not require illumination from external sources like the sun.
15,6,Why does the verse emphasize that beings 'never return' after attaining the supreme Abode?,The phrase 'never return' highlights the concept of ultimate liberation or moksha.
15,6,How can one understand the idea of a place or state that cannot be?,This idea can be understood as pointing to a spiritual reality beyond physical perception.
15,7,What does Krishna say about the relationship between the Jivatma and Himself?,"Krishna explains that the Jivatma, or individual soul, is an eternal fragment of His own divine nature."
15,7,How does the Jivatma interact with the mind and the five senses according to?,"The Jivatma draws around itself the mind and the five senses, which are rooted in Prakrti, or material nature."
15,7,What is the significance of the phrase 'eternal fragment' in reference to the Jivatma?,The phrase 'eternal fragment' signifies that the soul is never created nor destroyed and is a perpetual part of the Divine.
15,7,Why does Krishna mention that the mind and senses are 'resting in Prakrti'?,"Krishna points out that the mind and senses belong to Prakrti, or the material realm."
15,7,How can understanding the soul as a 'particle of the Divine' change one's approach?,Recognizing the soul as a particle of the Divine inspires a sense of sacredness in all beings and fosters compassion.
15,8,What comparison is made to describe how the soul leaves the body?,The verse compares the soul's departure from the body to the wind carrying a scent from its source.
15,8,How does the living entity interact with the senses and mind during the process?,"The living entity, when leaving a body, gathers the senses and the mind together."
15,8,Why is the wind and scent metaphor used to illustrate the soul's journey between?,The wind and scent metaphor helps us understand the subtle and invisible nature of the soul's movement.
15,8,"What does 'Ishvara', the master of the body, signify?","'Ishvara' here refers to the individual soul, who is the controller or possessor of its own body."
15,8,How can understanding the soul's journey with the mind and senses help reduce fear?,"Recognizing that the soul continues its journey beyond the present body, carrying the mind and senses."
15,9,Which senses are mentioned as vehicles for the Jivatma to experience the world?,"The senses mentioned are hearing, sight, touch, taste, smell, and the mind."
15,9,Who is described as dwelling in the senses and experiencing their objects?,"The verse describes the Jivatma, the individual soul."
15,9,How does the mind play a role along with senses like hearing and sight?,The mind acts as a coordinator and interpreter of the inputs received from the senses such as hearing and sight.
15,9,What is meant by the phrase 'enjoys the objects of senses' in relation to?,"The phrase means that the Jivatma, through the senses and the mind."
15,9,"Why does the Jivatma engage with sense objects through the senses and mind, and?","The Jivatma engages with the world through the senses and mind due to its inherent nature to experience, learn."
15,10,What do the 'ignorant' fail to perceive regarding the soul?,"The ignorant are unable to perceive the soul as it departs from the body, dwells within it."
15,10,How does the verse describe the difference between those with the 'eye of wisdom'?,The verse explains that only those endowed with the eye of wisdom—meaning spiritual insight or knowledge—are able to truly perceive the soul’s actions and presence.
15,10,What is signified by the phrase 'connected with the three Gunas' in relation to?,"Being 'connected with the three Gunas' means that the soul, while in the body."
15,10,Why do only those with 'knowledge' or 'wisdom' recognize the soul’s actions as described?,Those with knowledge or wisdom have developed inner vision and discernment.
15,10,What practical steps can one take to develop the 'eye of wisdom' and perceive?,"To develop the eye of wisdom, one can engage in practices such as meditation, self-inquiry, and study of spiritual texts."
15,11,Who are described as perceiving the Self within themselves?,The verse describes Yogis who strive with sincere effort as those who are able to perceive the Self within their own hearts.
15,11,How does the verse contrast the Yogis and the 'akritātmānaḥ' or those with unpurified?,The verse draws a clear contrast between Yogis who have purified their hearts and those whose hearts remain impure.
15,11,"What does the term 'achētasaḥ' signify about those who cannot realize the Self, according?",The term 'achētasaḥ' refers to individuals who lack proper awareness or clarity of mind.
15,11,Why is a purified heart essential for perceiving the Self in one's own being?,"A purified heart is free from selfishness, distractions, and negative tendencies."
15,11,"If someone strives but cannot know the Self, what lesson does this teaching on?",The verse teaches that spiritual effort must be accompanied by inner purification and awareness.
15,12,What sources of light does Krishna mention as manifestations of His own energy?,"Krishna mentions the light in the sun, the light in the moon, and the light found in fire."
15,12,"How does the light of the sun, as described in this teaching on Mine?","The force that illumines the entire world, making all life and activity possible."
15,12,What is the significance of Krishna stating 'know that light to be Mine' in?,By stating 'know that light to be Mine.
15,12,Why does Krishna include the light of fire along with the sun and moon?,Krishna includes the light of fire to encompass all primary sources of illumination familiar to humanity.
15,12,How can recognizing the divine origin of natural light change our perception of the?,Recognizing the divine origin of natural light invites us to see all of creation as sacred and interconnected.
15,13,Who claims to support all creatures by entering the earth?,Krishna proclaims that He is the one who enters the earth and supports all living beings with His vital power.
15,13,How does Krishna describe His role as the nectarine moon nourishing all plants?,"Krishna explains that He becomes the nectarine moon and, in that form, nourishes all plants."
15,13,What does 'permeating the soil' signify?,'Permeating the soil' means that Krishna's presence and energy extend into the earth itself.
15,13,Why does Krishna mention supporting creatures through His vital power?,Krishna mentions supporting creatures through His vital power to illustrate the divine force that maintains and sustains all life.
15,13,How can understanding Krishna's role as the nourisher of plants and supporter of life?,Recognizing Krishna as the ultimate source of sustenance can inspire a deeper sense of respect for nature and gratitude for life's provisions.
15,14,Who claims to become the fire residing in the bodies of all creatures?,Krishna reveals that he himself becomes the fire residing within the bodies of all living beings.
15,14,What are the four kinds of food mentioned in the verse where Krishna speaks?,The four kinds of food refer to the classifications based on how food is consumed: food that is chewed.
15,14,How does Krishna describe his connection with Prana and Apana in relation to digestion?,"Krishna describes that he is united with Prana, the ingoing breath, and Apana, the outgoing breath."
15,14,What does it signify when Krishna says he is the 'Vaishvanara' fire within all?,"When Krishna says he is the 'Vaishvanara' fire, it signifies his omnipresence and intimate involvement in sustaining life."
15,14,Why does Krishna emphasize his role in digesting food within living beings?,"Krishna emphasizes his role in digestion to illustrate that all life processes, even those that seem mundane."
15,15,What does Krishna say about his presence in the hearts of all beings?,Krishna declares that he resides in the hearts of all living beings.
15,15,"How does Krishna describe his relationship with memory, knowledge, and forgetfulness?","Krishna explains that he is the source of memory, knowledge, and forgetfulness."
15,15,What does it mean when Krishna says he is the knower of the Vedas?,This means that Krishna is both the ultimate subject to be realized through the Vedas and the creator of the philosophical conclusions found in Vedanta.
15,15,Why does Krishna claim that all the Vedas aim to know him?,Krishna's statement suggests that the true purpose of studying the Vedas is to realize his divine nature.
15,15,How can understanding Krishna as the source of knowledge and forgetfulness help someone deal?,Recognizing Krishna as the source of both knowledge and forgetfulness can bring peace during times of confusion.
15,16,What are the two types of Purusas mentioned in this world?,"The verse identifies two types of Purusas, or beings, in this world: the perishable (kshara) and the imperishable (akshara)."
15,16,How does the verse describe the difference between 'kshara' and 'akshara'?,'Kshara' is described as all created beings whose physical forms eventually perish.
15,16,What is the deeper meaning behind calling the jivatma 'imperishable'?,"Calling the jivatma 'imperishable' highlights its eternal nature, distinct from the temporary body."
15,16,What practical lesson can one draw from understanding the perishable and the imperishable Purusas?,Understanding the difference encourages us to not overly identify with the body and its temporary experiences.
15,16,Why does Krishna emphasize the distinction between the perishable body and the imperishable soul?,Krishna emphasizes this distinction to guide us towards self-realization.
15,17,Who is described as the one who upholds and maintains all the three worlds?,"The verse describes the Supreme Person, called the imperishable Lord and the supreme Spirit."
15,17,How is the Supreme Person distinguished from the other beings mentioned?,Someone other than the perishable and imperishable beings.
15,17,What does the term 'imperishable Lord' signify in the context of this teaching on?,"The 'imperishable Lord' signifies a being who is beyond decay and change, one who is eternal and unchanging."
15,17,Why is it important?,Mentioning that the Supreme Person enters the three worlds highlights His immanence and caring involvement in creation.
15,17,What guidance does this teaching on Supreme offer about the nature of ultimate reality?,"The verse teaches that ultimate reality is embodied in the Supreme Person, who is both transcendent and immanent."
15,18,Who is referred to as 'the Supreme Person' or Purushottama?,"The speaker, Krishna, refers to himself as 'the Supreme Person' or Purushottama."
15,18,What does Krishna say he is beyond in the phrase 'I am wholly beyond?,"Krishna states that he is completely beyond the perishable world of matter, known as Ksetra."
15,18,What is the significance of Krishna being 'superior even to the imperishable soul'?,Krishna's statement that he is superior even to the imperishable soul means that he transcends not only the material world but also the eternal individual self.
15,18,How does the name 'Purushottama' become established in the world and in the Vedas?,"The name 'Purushottama,' meaning the Supreme Person, becomes established because Krishna surpasses both the perishable and imperishable aspects of existence."
15,18,Why might someone seek to understand the Supreme Person who is beyond both matter?,Understanding the Supreme Person who is beyond both matter and soul can help a seeker realize the ultimate truth and purpose of life.
15,19,Who is referred to as the 'Supreme Person'?,Krishna refers to Himself as the 'Supreme Person'.
15,19,What does it mean to worship Krishna with one's whole being as mentioned?,"Worshiping Krishna with one's whole being means committing oneself entirely—mind, body, and soul—to the divine presence of Krishna."
15,19,Why does Krishna emphasize knowing Him as the Supreme Person?,Krishna emphasizes knowing Him as the Supreme Person to highlight the importance of recognizing the divine source behind all creation.
15,19,What is described as the characteristic of a wise man?,A wise man is described as one who realizes Krishna as the Supreme Person.
15,19,How does understanding Krishna as the Supreme Person influence one's spiritual journey?,Understanding Krishna as the Supreme Person provides a clear focus for one's spiritual journey.
15,20,Who is referred to as 'Arjuna' and why is he addressed as 'Anagha'?,"Arjuna is a central character in the Bhagavad Gita, a warrior prince and skilled archer."
15,20,What is described as 'the most esoteric teaching'?,The 'most esoteric teaching' referred to in this verse is the knowledge imparted by Lord Krishna to Arjuna.
15,20,How does one become 'wise' and 'accomplished' according to this teaching on Arjuna?,"According to the verse, one becomes 'wise' and 'accomplished' by grasping the essence of the esoteric teaching imparted by Krishna."
15,20,Why is the teaching described as 'esoteric' and what does it imply for the?,'esoteric' because it contains deep spiritual truths that are not easily understood or accessible to everyone.
15,20,What does it mean for one's 'mission in life' to be accomplished as stated?,Accomplishing one's 'mission in life' means realizing one's true nature and purpose through the understanding of spiritual truths.
16,1,What are the qualities mentioned in the verse related to purity of mind and?,"The verse mentions fearlessness, purity of mind."
16,1,What practices are described for spiritual advancement?,"The verse describes several practices for spiritual advancement, including charity in its Sattvika form, control of the senses."
16,1,Why is fearlessness considered important?,Fearlessness is considered important as it signifies a mind free from anxiety and doubt.
16,1,Who is the speaker?,The speaker in this verse is Lord Krishna.
16,1,How can engaging in the practices mentioned in the verse lead to a harmonious?,"Engaging in practices like meditation, charity, sense control, and worship fosters inner peace, clarity, and alignment with one's highest self."
16,2,What are the qualities related to interpersonal behavior mentioned?,"The qualities include non-violence, truthfulness, absence of anger even when provoked, and abstaining from malicious gossip."
16,2,"How does Chapter 16, Verse 2 describe the approach towards personal desires and attachments?",The verse describes an absence of attachment to the objects of senses even during their contact.
16,2,What does the mention of 'disclaiming doership in respect of actions' imply?,This implies that one should perform actions without attachment to the results.
16,2,What is the significance of 'quietude or composure of mind'?,Quietude or composure of mind is significant as it denotes a state of inner peace and stability.
16,2,Why is 'a sense of shame in transgressing against the scriptures or usage' important?,A sense of shame in transgressing is important as it acts as an internal moral compass.
16,3,What qualities are associated with divine gifts?,"The qualities associated with divine gifts include sublimity, forbearance, fortitude, external purity, absence of enmity, and absence of self-esteem."
16,3,How is 'external purity' described in the context of divine qualities?,External purity refers to maintaining cleanliness and purity in one's actions and surroundings.
16,3,Why is 'absence of self-esteem' considered a divine quality?,Absence of self-esteem is considered divine because it implies humility and the lack of ego.
16,3,"Who is being addressed by Krishna in Chapter 16, Verse 3, regarding divine gifts?","Krishna is addressing Arjuna, explaining the characteristics of a person born with divine gifts."
16,3,How can 'forbearance' be applied in daily life to cultivate divine qualities?,"Forbearance can be applied by practicing patience in challenging situations, forgiving others, and showing restraint in anger."
16,4,What are the characteristics mentioned that are associated with demoniac properties?,"The characteristics associated with demoniac properties are hypocrisy, arrogance, pride, anger, sternness, and ignorance."
16,4,How does the verse describe the nature of a person with demoniac qualities?,"The verse describes a person with demoniac qualities as someone who exhibits hypocrisy, arrogance, pride, anger, sternness, and ignorance."
16,4,Why might someone with demoniac properties exhibit both arrogance and ignorance?,"Arrogance often stems from a false sense of superiority, which is typically rooted in ignorance."
16,4,To whom is Krishna speaking while describing the demoniac properties?,"Krishna is speaking to Arjuna, addressing him as 'Pārtha,' while describing the demoniac properties."
16,4,What is the significance of identifying demoniac properties in oneself according to spiritual teachings?,Identifying demoniac properties in oneself is crucial for spiritual growth.
16,5,What are the two types of gifts mentioned by Krishna?,"Krishna mentions the divine gift, which is conducive to liberation, and the demoniac gift, which is considered conducive to bondage."
16,5,How does Krishna reassure Arjuna about his nature?,"Krishna reassures Arjuna by telling him not to grieve, as he is born with the divine endowment."
16,5,What might be the significance of being born with a 'divine endowment'?,Being born with a 'divine endowment' suggests that one naturally possesses qualities and virtues that lead to spiritual liberation and freedom from worldly bondage.
16,5,Why does Krishna say 'Grieve not' to Arjuna?,Krishna tells Arjuna not to grieve because Arjuna is inherently endowed with divine qualities.
16,5,How can understanding one's divine or demoniac nature affect one's life choices?,Understanding whether one's nature is divine or demoniac can greatly influence life choices.
16,6,What are the two types of dispositions mentioned?,Krishna mentions two types of dispositions that people can have: the divine nature and the demoniac disposition.
16,6,What is the outcome of clinging to a false view according to the verse?,The verse states that clinging to a false view leads to destructive actions.
16,6,Why does Krishna describe those with demoniac disposition as enemies of mankind?,Krishna describes those with a demoniac disposition as enemies of mankind because their actions and intentions are harmful and destructive.
16,6,What does having a demoniac disposition imply for an individual's life?,Having a demoniac disposition implies that an individual is driven by negative and harmful intentions.
16,6,How can understanding these two dispositions help in personal growth?,Understanding these two dispositions can guide personal growth by encouraging individuals to cultivate divine qualities while being aware of and avoiding demoniac traits.
16,7,What do demoniac men lack according to Verse 7?,Demoniac men lack understanding of right activity and right abstinence from activity.
16,7,How are demoniac men described in terms of conduct and truthfulness?,Demoniac men are described as lacking both purity and good conduct.
16,7,Why might a lack of understanding in 'pravṛtti' and 'nivṛtti' lead to impure actions?,"Without understanding 'pravṛtti' (right activity) and 'nivṛtti' (right abstinence), individuals may engage in actions driven by ignorance or ego."
16,7,What attributes are absent in demoniac men?,"Demoniac men are characterized by the absence of purity, good conduct, and truthfulness."
16,7,What does the absence of 'śauca' and 'ācāra' signify in those with a demoniac?,The absence of 'śauca' (purity) and 'ācāra' (good conduct) in those with a demoniac disposition signifies a lack of moral and ethical guidance.
16,8,What do men with a demoniac disposition say about the foundation of the world?,Men with a demoniac disposition say that the world is without foundation.
16,8,How do those with a demoniac nature perceive the creation of the world?,Those with a demoniac nature perceive the world as being born from the mutual union of male and female.
16,8,Why do individuals with a demoniac disposition claim that desire is the sole cause?,Individuals with a demoniac disposition claim that desire is the sole cause of the world because they believe it is born from mere physical union and lacks any spiritual or divine purpose.
16,8,Who is being described as having a demoniac disposition?,"Men who assert that the world is without foundation, God."
16,8,What does it mean when the verse states the world is 'without God' according?,When the verse states the world is 'without God'.
16,9,What is the nature of the men described as 'slow-witted'?,The men described as 'slow-witted' have a vile disposition and engage in terrible deeds.
16,9,What do the 'enemies of mankind' prove equal to according to the verse?,"According to the verse, the 'enemies of mankind' prove equal only to the destruction of the universe."
16,9,How does clinging to a 'false view' impact the actions of individuals?,Clinging to a 'false view' leads individuals to become misguided and destructive.
16,9,What is implied by describing certain men as having a 'vile disposition'?,Describing men as having a 'vile disposition' implies that their inherent nature is corrupt and malevolent.
16,9,How can one avoid becoming an 'enemy of mankind' as described?,"To avoid becoming an 'enemy of mankind', one must cultivate wisdom and compassion."
16,10,What qualities are attributed to those who engage in impure conduct?,"They are described as wicked, arrogant, and haughty."
16,10,Why do people take refuge in false doctrines according to this teaching on Clinging?,People take refuge in false doctrines because they are deluded by ignorance.
16,10,How can one avoid falling into the trap of arrogance and impure conduct?,"To avoid arrogance and impure conduct, one must cultivate humility and awareness."
16,10,What drives the individuals mentioned?,Their actions are driven by clinging to insatiable desires and being deluded by ignorance.
16,10,"What does it mean to cling to desires that are 'wicked, arrogant, and haughty'?","Clinging to such desires means being excessively attached to selfish and harmful aspirations, often at the expense of others."
16,11,What do people give themselves up to that lasts until death?,People give themselves up to innumerable cares and anxieties that persist until the end of their lives.
16,11,"How does the verse depict those who are devoted to kāmopabhoga, or the enjoyment?",The verse describes such individuals as being deeply attached to the pursuit of sense pleasures.
16,11,What does it mean when the verse states that people are 'positive in their?,This means that these individuals firmly believe that the ultimate happiness in life comes from sensory enjoyment and material pleasure.
16,11,What is the significance of 'pralayāntam upāśritā' or cares ending only with death?,The phrase highlights how the worries and anxieties of such people never truly cease while they are alive.
16,11,Why does attachment to innumerable cares and sensuous pleasures fail to bring lasting joy?,"Attachment to desires and constant worry keeps the mind restless and unsatisfied, preventing deep contentment."
16,12,What are the people described as being bound by?,They are bound by hundreds of snares of desire.
16,12,How does the verse depict the role of lust and anger in people's lives?,"The verse describes people as being devoted to lust and anger, implying that these emotions drive much of their behavior."
16,12,Why does the verse mention the unjust accumulation of wealth for sensuous enjoyment?,The verse highlights that when people are driven by unchecked desire and anger.
16,12,What does the phrase 'hundreds of snares of desire' symbolize in this context?,'Hundreds of snares of desire' symbolizes the many ways in which worldly cravings can entangle and bind a person.
16,12,How can one avoid being trapped by desires and the pursuit of sense pleasures?,"To avoid being trapped, one can cultivate self-awareness and practice moderation, regularly reflecting on what truly brings lasting happiness."
16,13,What attitude do the individuals display regarding the wealth they have obtained?,The individuals display an attitude of pride and possessiveness about their wealth.
16,13,How does the verse describe the internal dialogue of a person who is focused?,The verse describes a person who is constantly calculating their possessions and future ambitions.
16,13,"What can we infer about the desires of those who think, 'I have obtained?",We can infer that such people are driven by unending desires and ambitions.
16,13,What is the significance of the repeated use of 'this is mine' and 'this?,The repeated statements highlight the insatiable greed and attachment to possessions.
16,13,Why does focusing on 'what I have' and 'what I will gain' lead to?,"Focusing on possessions and future gains ties one's happiness to external achievements, which are temporary and uncertain."
16,14,Who is proclaiming statements like 'I am the Lord of all' and 'I am?,"It is a person of demoniac nature speaking, as described by Krishna."
16,14,"Which specific qualities does the speaker claim to possess in the verse, such as?","The speaker claims to be the Lord, the enjoyer of all wealth and power."
16,14,How does the phrase 'That enemy has been slain by me and I shall?,This phrase reflects the speaker's aggressive and vengeful mindset.
16,14,What is the significance of the repeated use of 'I am' (aham) in the?,The repeated use of 'I am' emphasizes the speaker's ego and self-centeredness.
16,14,Why does someone with a mindset of 'I am the Lord' and 'I am?,"When someone believes they are the ultimate controller and source of happiness, they become attached to their achievements and power."
16,15,Who is described as speaking words like 'I am wealthy and own a large?,"The verse describes a person with demoniac qualities, not a specific character, who is boasting about their wealth."
16,15,"What actions does the person in the verse claim they will perform, such as?","The person claims they will perform sacrifices to the gods, give alms or donations, and indulge in pleasures or celebrations."
16,15,What does the phrase 'deluded by ignorance' indicate about the person's understanding?,'Deluded by ignorance' means the person is blinded by a lack of true knowledge and awareness.
16,15,"How does the verse portray the mindset of someone who asks, 'Who else is?",The verse portrays such a mindset as egocentric and self-satisfied.
16,15,"Why does pride in wealth and family, as shown in this verse, lead to?",Pride in material things like wealth and family creates attachment and a false sense of superiority.
16,16,What is meant by being 'enveloped in the mesh of delusion'?,Being enveloped in the mesh of delusion means that a person's mind is trapped in false ideas and illusions.
16,16,"According to this teaching on Thus, what happens to those who are 'addicted to?",Those who are addicted to the enjoyment of sensuous pleasures become increasingly attached to worldly desires.
16,16,Why does the verse describe the minds of these individuals as 'bewildered by numerous?,The verse describes their minds as bewildered because their desires and attachments constantly pull them in many directions.
16,16,What is the significance of the phrase 'patanti narake' or 'fall into hell' in?,The phrase 'fall into hell' here symbolizes the suffering and degradation that results from a life consumed by ignorance and selfish desire.
16,16,How can one avoid becoming 'blinded by ignorance' and trapped in 'mohajala' as described?,To avoid being blinded by ignorance and trapped in the web of delusion.
16,17,"Who are described as performing sacrifices only for show, and what qualities are attributed?","Those described are people intoxicated by their own wealth and honor, who are self-conceited and proud."
16,17,What does the phrase 'nominal sacrifices' imply about the worship performed by the proud?,"'Nominal sacrifices' implies that these individuals are only performing rituals in name, without true dedication or sincerity."
16,17,"According to the verse, what is lacking in the sacrifices performed by those filled?",The sacrifices performed by these individuals lack adherence to proper sacred rituals.
16,17,Why does the verse highlight 'ostentation' or 'show' as a negative quality in the?,The verse highlights ostentation as a negative quality because it shifts the focus of religious practice from inner transformation to external appearance.
16,17,What lesson can one learn about the importance of sincerity in worship from the?,The verse teaches that sincerity and humility are essential for meaningful worship.
16,18,Which qualities are described as leading people to hate the inner controller within themselves?,"The verse describes egotism, brute force, arrogance, lust."
16,18,How does arrogance ('darpam') affect a person's relationship with the inner controller described?,Arrogance makes a person self-absorbed and blinds them to the unity of all beings.
16,18,What does it mean to 'culminate others' and why is it mentioned alongside egotism?,To 'culminate others' refers to constantly finding faults and criticizing those around us.
16,18,What is implied by the phrase 'dwelling in their own bodies as well as?,This phrase reminds us that the divine presence exists equally within ourselves and all others.
16,18,Why do people filled with lust and anger develop hatred towards the divine within?,When consumed by lust and anger.
16,19,What type of beings does Krishna say he casts into demoniacal wombs?,"Krishna describes casting those who are haters, sinful, cruel, and the vilest among men into demoniacal wombs."
16,19,Who is the speaker referring to when mentioning 'the vilest among men'?,"The speaker, Krishna, is referring to people who are dominated by hatred, cruelty, and sinful tendencies."
16,19,What does being cast into 'asuric wombs' signify in Krishna’s teaching?,Being cast into 'asuric wombs' means taking birth in circumstances or forms where demonic qualities prevail.
16,19,Why does Krishna mention repeatedly casting cruel and hateful people into demoniacal wombs?,Krishna emphasizes repeated casting to illustrate the consequences of persistent negative actions and attitudes.
16,19,How can one avoid being born into 'asuric wombs' as described by Krishna?,"To avoid such a fate, one should cultivate virtues like love, compassion, and righteousness."
16,20,What happens to souls who fail to reach Krishna?,Souls who fail to reach Krishna are born repeatedly in demoniac wombs and eventually descend to even lower states of existence.
16,20,How is the term 'demoniac wombs' characterized?,"The term 'demoniac wombs' refers to births in families or environments dominated by ignorance, selfishness, and negativity."
16,20,What does it mean to 'sink down to a still lower plane' as mentioned?,To 'sink down to a still lower plane' means to experience even greater suffering and degradation after being born in demoniac conditions.
16,20,Why do souls repeatedly take birth in such 'ghor naraks' according to Krishna's teaching?,Souls repeatedly take birth in such dreadful states because of their persistent ignorance and refusal to turn toward the divine.
16,20,Why does Krishna emphasize the fate of 'foolish souls'?,Krishna emphasizes the fate of foolish souls to highlight the consequences of ignoring spiritual principles and living in material ignorance.
16,21,What are the three gates of hell mentioned by Krishna?,"Krishna identifies desire, anger, and greed as the three gates of hell."
16,21,"How does Krishna describe the impact of desire, anger, and greed on the soul?","Krishna describes desire, anger, and greed as destructive forces that can ruin the soul."
16,21,"What does the phrase 'triple gate of hell' signify in relation to desire, anger?",The 'triple gate of hell' metaphorically represents the three primary ways through which individuals invite suffering and downfall into their lives.
16,21,"Why does Krishna advise one to avoid desire, anger, and greed according to this?","Krishna advises avoiding desire, anger, and greed because these qualities destroy one's inner peace and spiritual progress."
16,21,"How can one practically begin to renounce desire, anger, and greed in daily life?","To begin renouncing desire, anger, and greed, one can practice self-awareness and regularly reflect on their thoughts and actions."
16,22,What are the 'three gates of hell' from which a person must be freed?,"The 'three gates of hell' referred to are lust, anger, and greed."
16,22,How does being liberated from tamas and roudhibhih influence a person's actions according to?,When a person is liberated from tamas (darkness or ignorance) and roudhibhih (violent or harmful impulses).
16,22,Why does the verse emphasize 'works his own salvation' after escaping the gates of?,"The verse stresses that once an individual frees themselves from the destructive influences of lust, anger, and greed."
16,22,What is meant by 'attains the supreme goal' as described?,'Attains the supreme goal' refers to reaching the highest spiritual state.
16,22,"How can one practically free themselves from lust, anger, and greed in daily life?","To free oneself from these negative qualities, one can practice self-awareness, engage in meditation, and cultivate contentment."
16,23,What are the three things that a person does not attain if he disregards?,"The verse states that such a person does not attain perfection, happiness, or the supreme goal."
16,23,How does the phrase 'acts in an arbitrary way according to his own sweet?,This phrase describes a person who chooses actions based on personal desires without regard for spiritual teachings or established guidelines.
16,23,Why does the verse emphasize that abandoning 'injunctions of the scriptures' leads to a?,The verse suggests that scriptures provide time-tested guidance for righteous living.
16,23,What does 'perfection' or 'siddhi' signify in the context of this teaching on Having?,'perfection' or 'siddhi' refers to spiritual accomplishment and self-realization.
16,23,How can a person balance personal desires ('kama') with adherence to scriptural guidance to?,Balancing personal desires with scriptural guidance involves using wisdom to discern which desires are uplifting and which lead to harm.
16,24,What is presented as the ultimate authority for deciding what should be done and?,This verse states that scripture is the ultimate authority for determining what actions are to be performed and what actions are to be avoided.
16,24,How does the verse describe the process of choosing actions according to 'śāstra' or?,"The verse describes that after understanding what is prescribed in the scripture, one should act accordingly."
16,24,"What does the instruction 'knowing this, you ought to perform only such action as?","This instruction means that, in daily life."
16,24,Why does the verse emphasize the importance of 'śāstravidhānoktam karma' or actions prescribed by?,The verse emphasizes following actions prescribed by scripture to ensure that one's life is guided by wisdom that transcends personal desires or confusion.
16,24,What philosophical guidance does the verse provide about the relationship between individual judgment and?,The verse philosophically instructs that while personal judgment is valuable.
17,1,Who is asking Krishna about people who worship with faith but disregard scriptural injunctions?,It is Arjuna who poses this question to Krishna.
17,1,What specific act does Arjuna refer to when he mentions 'casting aside the injunctions?,Arjuna refers to people who do not adhere to the rules and guidelines set forth by the sacred texts when performing acts of worship.
17,1,"Why does Arjuna specifically mention Sattva, Rajas, and Tamas when asking about the faith?","Arjuna mentions Sattva, Rajas, and Tamas because these are the three fundamental qualities, or gunas."
17,1,What does the term 'faith' signify in Arjuna's question about those who worship deities?,"In this context, 'faith' refers to the sincere inner conviction and devotion that drives individuals to worship."
17,1,"How can one discern whether their own faith is influenced by Sattva, Rajas, or?","One can observe the qualities that arise from their faith: Sattvic faith leads to clarity, peace."
17,2,Who is explaining the threefold nature of faith to Arjuna?,It is Sri Krishna who is addressing Arjuna and explaining the threefold nature of faith.
17,2,"According to this teaching on Bhagavan, what are the three types of faith mentioned?","Krishna mentions that faith is of three types: Sattvika, Rajasika, and Tamasika."
17,2,How does Krishna describe the origin of faith?,"Krishna describes faith as being born from one's own nature, not necessarily from formal teachings or scriptural study."
17,2,What does it mean that faith is 'svabhavaja' or born of one's own nature?,When faith is described as 'svabhavaja'.
17,2,Why does Krishna emphasize the different types of faith rather than prescribing just one?,Krishna emphasizes the different kinds of faith to show respect for the diversity of human nature.
17,3,To whom does Krishna address his explanation about faith and its connection to one's?,"Krishna is addressing Arjuna, explaining how each person's faith is shaped by their inner disposition."
17,3,"According to the verse, how is the faith of every person determined?",The verse states that each person's faith is shaped according to their own nature or mental constitution.
17,3,"What does it signify when Krishna says, 'whatever the nature of his faith, he?",This means that a person's character and actions are deeply influenced by the kind of faith they possess.
17,3,Why does Krishna emphasize that 'this man consists of faith' in his teaching to?,Krishna emphasizes this to show the fundamental role that faith plays in defining a person's identity and behavior.
17,3,How can understanding that faith arises from one's disposition help a person make better?,Recognizing that faith springs from our inner nature encourages us to cultivate positive qualities within ourselves.
17,4,"Which beings do people of Sattvika, Rajasika, and Tamasika dispositions worship?","People of Sattvika nature worship the gods, those of Rajasika temperament worship demigods and demons."
17,4,What does it mean for a person to worship 'preta' and 'bhutagana' as mentioned?,Worshipping 'preta' and 'bhutagana' means offering reverence and rituals to spirits of the dead and groups of ghosts.
17,4,"Why does Krishna mention the different objects of worship for Sattvika, Rajasika, and Tamasika?",Krishna highlights these differences to show how a person's inner nature determines what they revere and seek.
17,4,What is the significance of 'yaksha' and 'rakshasa' in relation to Rajasika worshippers?,"'Yaksha' and 'rakshasa' represent powerful beings associated with desires, wealth, and sometimes aggression."
17,4,How can understanding the types of worship?,Recognizing that the object of one's worship mirrors their inner nature encourages self-reflection and conscious choice.
17,5,Which qualities motivate people to perform severe austerities not prescribed by spiritual texts?,"People are motivated by pride, arrogance, desire, passion."
17,5,What does the verse describe about the nature of austerities performed without scriptural guidance?,"The verse describes such austerities as severe and harsh, undertaken without proper guidance and not in alignment with spiritual teachings."
17,5,What is meant by 'austerities not ordained by scriptural injunctions' in this context?,Austerities not ordained by scriptural injunctions refer to practices of self-discipline or penance that are invented by individuals.
17,5,Why does the verse mention pride and arrogance as factors in performing harsh austerities?,"Pride and arrogance can lead individuals to seek recognition or superiority through extreme practices, rather than genuine spiritual advancement."
17,5,How can one avoid falling into the trap of desire and ego while practicing?,"To avoid being influenced by desire and ego, one should align their practices with established spiritual teachings and cultivate humility."
17,6,Who is described as having a demoniac disposition according to Krishna?,Krishna describes those who torment their own bodies and disregard the divine presence within themselves as having a demoniac disposition.
17,6,What does the verse say about people who 'emaciate the elements constituting their body'?,The verse explains that people who harm or excessively torment the basic elements that make up their bodies are acting without sense.
17,6,"What does it mean to torment 'Me, the supreme Spirit, dwelling in their heart'?",Tormenting the Supreme Spirit within refers to neglecting or disrespecting the divine presence inside one's own heart.
17,6,How does this teaching on Spirit describe the mindset of those who are called?,The verse describes senseless people as those who lack true understanding and wisdom.
17,6,Why is harming one's own body and the inner Self considered a sign of?,Harming one's own body and ignoring the divine Self goes against the fundamental principle of respecting life and divinity within.
17,7,"What three activities, besides food, does Krishna say are of three kinds?","Krishna states that sacrifice, penance, and charity are each of three kinds, just like food."
17,7,How does Krishna describe the relationship between a person's disposition and their preferred type?,Krishna explains that every person finds certain foods agreeable based on their innate disposition or nature.
17,7,"Why does Krishna mention that sacrifice (yajña), penance (tapas), and charity (dāna) are of?","By stating that these spiritual practices, like food, are of three kinds."
17,7,What does the phrase 'hear their distinction as follows' suggest about Krishna's teaching method?,The phrase indicates that Krishna is about to provide detailed knowledge and clear explanations.
17,7,What can we learn about the nature of human actions and preferences from Krishna's?,Krishna's words remind us that our actions and preferences are shaped by our inner qualities.
17,8,What qualities do foods dear to Sattvika individuals possess?,"Foods cherished by Sattvika individuals are those that promote longevity, intelligence, strength, health, happiness, and cheerfulness."
17,8,Which specific effects on the body and mind does the verse mention as outcomes?,"The verse mentions that consuming Sattvika foods leads to increased lifespan, intelligence, physical strength, health, happiness, and cheerfulness."
17,8,"What is meant by the terms 'sweet, bland, substantial, and naturally agreeable' in reference?","These terms indicate that Sattvika foods are naturally pleasant in taste, not excessively spicy or bitter, and provide lasting nourishment."
17,8,"Why is it important, according to this teaching, for individuals to choose foods that?","Choosing foods that foster health and cheerfulness aligns the body and mind in harmony, supporting one's spiritual journey."
17,8,How does the preference for nourishing and agreeable foods reflect the nature of a?,"A Sattvika person seeks purity and balance in all aspects of life, including diet."
17,9,Which specific qualities of food are said to be preferred by the Rajasika type?,"Bitter, acidic, salty, excessively hot, pungent, dry, and burning."
17,9,"How do foods that are overhot, pungent, and dry affect a person's well-being, according?","Foods that are overhot, pungent, and dry are said to cause suffering, grief, and sickness."
17,9,Why might individuals with a Rajasika disposition be drawn to foods that cause suffering?,"Individuals with a Rajasika disposition are driven by passion, restlessness, and desire for stimulation."
17,9,What does the term 'Rajasika' imply about a person's nature in relation to their?,'Rajasika' refers to those whose minds and actions are dominated by the quality of rajas.
17,9,How can understanding the link between food qualities and mental states guide someone toward?,Recognizing that the qualities of food influence not only physical health but also mental and emotional states can inspire thoughtful choices.
17,10,Which qualities of food are described as being favored by those with a Tamasika?,The verse lists several qualities of food that appeal to those with a Tamasika nature: food that is half-cooked or half-ripe.
17,10,How is 'putrid' or 'stale' food characterized in relation to Tamasika individuals?,Putrid or stale food is described as unwholesome and lacking in vitality.
17,10,"Why might someone with a Tamasika disposition prefer impure or polluted food, as mentioned?",Someone with a Tamasika disposition is often influenced by ignorance and inertia.
17,10,What does the term 'ucchishta' (leftovers) imply about the kind of food that aligns?,"The term 'ucchishta' refers to food that has been left over or partially consumed, often considered impure in many traditions."
17,10,What lesson can be drawn about the relationship between food quality and the mind's?,The verse teaches that the quality of food one prefers reflects and influences the nature of the mind.
17,11,Who is described as performing a Sattvika sacrifice?,"Those who perform the sacrifice according to scriptural injunctions, with a mind firmly settled that sacrifice is a duty."
17,11,What does it mean for a sacrifice to be done as 'ordained by scriptural?,"Conducting a sacrifice as ordained by scriptural injunctions means following the precise methods, rituals, and rules prescribed in spiritual texts."
17,11,What is the significance of performing a sacrifice with 'no expectation of return'?,"Performing a sacrifice with no expectation of return signifies acting out of selflessness and devotion, rather than for personal gain."
17,11,Why does the verse emphasize the mindset of 'it must be performed' when undertaking?,The mindset that the sacrifice must be performed reflects a sense of duty and surrender to a higher order.
17,11,"How can one cultivate the Sattvika attitude in everyday actions, according to this teaching?","One can cultivate the Sattvika attitude by performing daily duties sincerely, following ethical guidelines."
17,12,To whom is Krishna addressing the explanation of a Rajasika yajna?,"Krishna is addressing Arjuna directly, guiding him to understand the nature of sacrifices performed with ulterior motives."
17,12,What does 'for the sake of mere show' indicate about the motivation behind a?,Performing a sacrifice for the sake of mere show means the person is motivated by vanity or a desire to impress others.
17,12,Which two motives are specifically mentioned as characterizing a Rajasika sacrifice?,The verse specifically mentions two motives: performing the sacrifice for show (dambha) and with an expectation for its fruit (phalam).
17,12,How does Krishna distinguish between Rajasika and other types of yajna?,Krishna distinguishes a Rajasika yajna by its underlying motives: it is done either to display one's piety or to obtain specific personal rewards.
17,12,Why is seeking the fruit of a sacrifice considered an inferior motivation according to?,"Seeking the fruit of a sacrifice ties the performer to desires and expectations, fostering attachment and reinforcing the ego."
17,13,What characteristics are described for a sacrifice that is considered Tamasika?,"A Tamasika sacrifice is described as lacking respect for scriptural injunctions, performed without offering food, without sacred chants."
17,13,How does the absence of sacred chant and faith affect the quality of a?,"Without sacred chant and faith, the yajna loses its spiritual essence and becomes a mere mechanical act."
17,13,What does the term 'Tamasika' imply about a sacrifice performed without adherence to scriptural?,The term 'Tamasika' implies that such a sacrifice is dominated by ignorance and darkness.
17,13,Why is offering food and paying sacrificial fees important in the context of yajna?,"Offering food and paying sacrificial fees symbolizes generosity, respect for tradition, and an attitude of selfless giving."
17,13,What lesson can one draw about performing rituals without faith or proper intention from?,Performing rituals without faith or proper intention is empty and unfruitful.
17,14,What actions are described as 'bodily penance' by Krishna?,"Krishna describes bodily penance as including worship of the gods, Brahmanas, elders, and wise men."
17,14,What does the term 'ahimsa' refer to in the context of bodily penance?,"Ahimsa, in the context of bodily penance, refers to the practice of non-violence or harmlessness in all physical actions."
17,14,How does 'arjavam' or straightness contribute to physical discipline according to Krishna?,"Arjavam, or straightness, represents honesty, sincerity, and integrity in one’s actions and behavior."
17,14,Why might Krishna include 'worship of elders and wise men' along with purity and?,Krishna includes worship of elders and wise men to emphasize respect for sources of wisdom and tradition.
17,14,What is the deeper significance of practicing 'brahmacharya' or continence as a form of?,"Practicing brahmacharya, or continence, holds deeper significance as it channels one's physical energy towards higher pursuits and self-mastery."
17,15,What qualities must words possess to be considered an austerity of speech?,"Words must not cause annoyance to others, be truthful, agreeable, and beneficial."
17,15,"How does the verse describe the practice of svādhyāya, or study of sacred texts?","The verse includes the study of the Vedas and other sacred texts, known as svādhyāya."
17,15,"What is the significance of 'truthful, agreeable and wholesome' speech according to this teaching?","Truthful, agreeable, and wholesome speech is significant because it not only avoids harming others but also supports their well-being."
17,15,Why does the verse include both speaking kindly and the repetition of the Divine?,The verse recognizes that both external and internal aspects of speech are important for spiritual growth.
17,15,How can practicing the austerity of speech help someone progress on their spiritual journey?,Practicing the austerity of speech helps to control impulses and cultivates mindfulness in communication.
17,16,What qualities are described as the austerity of the mind?,"The qualities described as the austerity of the mind are cheerfulness of mind, calmness, the habit of silence."
17,16,How does the practice of 'maunam' or silence contribute to mental discipline according to?,"The practice of 'maunam', or silence, helps to quiet unnecessary thoughts and speech."
17,16,Why is 'cheerfulness of mind' considered a form of mental austerity?,Cheerfulness of mind is considered a form of mental austerity because maintaining a positive and serene attitude.
17,16,What does 'purity of feelings' signify in the context of the austerity of the?,"'Purity of feelings' refers to cultivating sincerity, goodwill, and selfless intentions in one's thoughts and emotions."
17,16,How can one practically develop self-restraint and calmness as described?,"To develop self-restraint and calmness, one can start by observing their thoughts and reactions, practicing mindfulness."
17,17,What qualities are required for penance to be considered Sattvika?,For penance to be considered Sattvika.
17,17,How do Yogis approach the threefold penance when they are 'expecting no return'?,Yogis who perform the threefold penance without expecting any return do so with a sense of selflessness and detachment.
17,17,What does 'supreme faith' signify in the context of penance?,"Supreme faith in this context means an unwavering trust and devotion toward the practice of penance, rooted in spiritual understanding."
17,17,What is meant by 'threefold penance' as described?,"The 'threefold penance' refers to penance performed through actions of the body, speech, and mind."
17,17,"Why is it important to perform tapas without desiring fruits, according to this teaching?","Performing tapas without desiring fruits is important because it cultivates detachment and selflessness, which are key for spiritual advancement."
17,18,What qualities characterize penance that is described as Rajasic?,"Rajasic penance is characterized by being performed for the sake of show, seeking honor, or desiring worship from others."
17,18,How does Rajasic penance differ from other forms of penance according to the verse?,"Rajasic penance is distinguished by its motivation; it is performed with a desire for respect, admiration, or material gain."
17,18,What does it mean when the verse states that Rajasic penance produces 'uncertain and?,When the verse says that Rajasic penance yields uncertain and temporary results.
17,18,"Why does the verse mention 'show, honor, and worship' as motivations for Rajasic penance?","The verse highlights 'show, honor."
17,18,How can one ensure that their acts of penance are not tainted by hypocrisy?,"To keep penance pure and free from hypocrisy or selfish motives, one should reflect sincerely on their intentions before acting."
17,19,What kind of austerity is described as Tamasika?,"Austerity is described as Tamasika when it is performed with foolish obstinacy, involves self-torture."
17,19,What does the verse say about the motivation behind Tamasika austerity?,The verse explains that Tamasika austerity is motivated either by a desire to inflict pain upon oneself or to harm others.
17,19,Why is self-mortification considered a sign of Tamasika austerity according to this teaching?,Self-mortification is seen as Tamasika because it stems from a misunderstanding of spiritual discipline.
17,19,What does the word 'moohgrahena' (perversity or obstinacy) signify in the context of this?,"'Moohgrahena' indicates acting with stubbornness or misguided force, without discernment or understanding."
17,19,How can a person avoid falling into the trap of Tamasika austerity in their?,"To avoid Tamasika austerity, one should practice discernment and self-awareness."
17,20,What qualities define a Sattvika gift according to the verse?,A Sattvika gift is defined by being given with a sense of duty.
17,20,How does the verse describe the manner in which a gift should be given?,The verse describes that a Sattvika gift should be given solely out of a sense of duty.
17,20,What does 'anupakāriṇe' suggest about the attitude of the giver?,'Anupakāriṇe' refers to giving a gift to someone who cannot or does not return the favor.
17,20,"Why is the consideration of 'place, time, and recipient' important in the practice of?","Considering the place, time, and recipient ensures that the act of giving is thoughtful and appropriate."
17,20,How can one cultivate the Sattvika quality of giving in daily life?,"To cultivate Sattvika giving, one should give from a sense of duty and compassion, not for recognition or reward."
17,21,"Who is describing the characteristics of Rajasika charity, and what is the significance of?",Lord Krishna is explaining the nature of Rajasika charity to Arjuna.
17,21,What are the defining features of a gift that is considered Rajasika according to?,"A Rajasika gift is one that is given with expectations attached, such as hoping to receive favors, services."
17,21,How does the verse describe the emotional state of someone who gives 'in a?,The verse suggests that giving in a grudging spirit means the person feels reluctance or discomfort while offering the gift.
17,21,What does the term 'parikilbisha' imply about the moral quality of Rajasika charity as?,The term 'parikilbisha' refers to an act that is tainted or impure due to ulterior motives or inner conflict.
17,21,Why does the verse caution against giving gifts with the hope of obtaining a?,"The verse warns against giving with expectations because such actions reinforce ego and attachment, preventing spiritual growth."
17,22,What characteristics define a Tamasika gift according to the text?,"A Tamasika gift is described as one that is given without proper respect, at the wrong time or place."
17,22,How does giving to 'undeserving persons' impact the nature of a gift?,Giving to undeserving persons diminishes the purity and value of the gift.
17,22,What does 'without good grace and in a disdainful spirit' imply about the giver's?,"'Without good grace and in a disdainful spirit' means that the giver lacks humility, respect."
17,22,Why is giving 'out of time and place' considered a sign of Tamasika charity?,Giving out of time and place reflects a lack of awareness and sensitivity to the needs of the moment and the appropriateness of the act.
17,22,How can one ensure that their acts of giving do not fall into the?,"To avoid Tamasika giving, one should offer gifts with respect, joy, and thoughtful intention."
17,23,What are the three appellations associated with the Absolute mentioned?,"The three appellations associated with the Absolute are OM, TAT, and SAT."
17,23,"Who is described as having declared OM, TAT, and SAT as the threefold name?","It is stated that Brahman, the Supreme Reality, has declared OM, TAT, and SAT as the threefold name."
17,23,"What role do the Brahmanas, the Vedas, and sacrifices play in connection with OM?","The verse explains that the Brahmanas, the Vedas, and sacrifices were all created by the power of OM."
17,23,"What is the deeper significance of referring to the Absolute as OM, TAT, and?","Referring to the Absolute as OM, TAT, and SAT highlights the all-encompassing nature of the Supreme Reality."
17,23,"Why is it important to recognize OM, TAT, and SAT as the origin of?","Recognizing OM, TAT."
17,24,"What sacred syllable do noble souls utter before performing acts of sacrifice, charity, and?","Noble souls begin their acts of sacrifice, charity, and austerity by uttering the divine syllable 'OM'."
17,24,"How do the 'Brahmavādins', or those devoted to the Vedas, commence their religious actions?","Those who are devoted to the Vedas, known as Brahmavādins, start their religious actions such as sacrifice."
17,24,"Why is the utterance of 'OM' considered important before beginning yajña (sacrifice), dāna (charity)?","The utterance of 'OM' is important because it invokes a sense of purity, focus, and connection with the Supreme."
17,24,What does the act of starting rituals with 'OM' signify for those performing them?,Starting rituals with 'OM' signifies the sanctification of the act and the dedication of one's efforts to the highest reality.
17,24,How can reciting 'OM' at the beginning of good deeds help someone remain detached?,Reciting 'OM' at the beginning of good deeds helps shift focus from personal gain to selfless service.
17,25,What is the significance of the word 'Tat' mentioned?,The word 'Tat' in this verse refers to the Supreme Being or ultimate reality.
17,25,"How are acts of sacrifice, austerity, and charity described when performed with the idea?","Acts of sacrifice, austerity, and charity performed with the idea of 'Tat' are done without any desire for personal rewards."
17,25,"Why does the verse highlight performing yajna, tapa, and dana without attachment to the?","The verse highlights the importance of performing yajna (sacrifice), tapa (austerity)."
17,25,"What does it mean for actions to be 'moksha-karaka' or conducive to liberation, as?",When actions are called 'moksha-karaka.
17,25,How can dedicating all actions to the Supreme Being help one overcome attachment and?,Dedicating all actions to the Supreme Being shifts the focus from personal gain to a sense of universal service and surrender.
17,26,How is the word 'SAT' described in relation to truth and goodness?,The word 'SAT' is described as being employed in the sense of truth and goodness.
17,26,Who is being addressed when Krishna explains the significance of the word 'SAT'?,Krishna is addressing Arjuna.
17,26,What does 'SAT' signify when used in relation to a praiseworthy act according to?,'SAT' signifies that a praiseworthy act is aligned with truth and goodness.
17,26,Why does Krishna emphasize the use of the word 'SAT' in praiseworthy actions?,Krishna emphasizes the use of 'SAT' in praiseworthy actions to highlight the value of aligning one's deeds with higher principles.
17,26,How can understanding the meaning of 'SAT' help someone act more virtuously in daily?,Understanding 'SAT' inspires a person to seek truth and goodness in every action.
17,27,What three actions are referred to as being associated with 'Sat'?,"The verse mentions sacrifice (yajña), austerity (tapas)."
17,27,Who is ultimately described by the term 'Sat' according to Krishna?,"Krishna explains that 'Sat' not only refers to the true and auspicious state within sacrifice, austerity, and charity."
17,27,How does the verse describe the relationship between 'Sat' and the performance of sacrifice?,"The verse describes that whenever sacrifice, austerity, or charity is performed with the sense of truth and purity."
17,27,What does the term 'Sat' signify in the context of this teaching on Supreme?,"In this context, 'Sat' signifies truth, goodness, and auspiciousness."
17,27,"Why is it important to perform yajña, tapas, and dāna with the consciousness of?",Performing these actions with the consciousness of 'Sat' ensures they are grounded in truth and sincerity.
17,28,What actions are described as 'Asat' if performed without faith?,"Actions described as 'Asat' when performed without faith include sacrifices, charity, austerity, and any good deed."
17,28,How does Krishna describe the outcome of giving charity without faith?,Krishna explains that charity given without faith is considered unreal and ineffective.
17,28,What does the term 'Asat' signify in relation to actions done without faith?,"'Asat' refers to something that is not real, lasting, or valuable."
17,28,"Why is faith considered essential for sacrifices, charity, and austerity to be fruitful, according?",Faith is the inner conviction that gives meaning and power to every action.
17,28,What lesson can one draw about daily actions from Krishna's words on faith?,"The lesson is that every action, whether ritualistic or ordinary."
18,1,"Who is asking about the distinction between Samnyasa and Tyaga, and to whom is?",It is Arjuna who is asking the question about the difference between Samnyasa and Tyaga.
18,1,What specific concepts does Arjuna wish to understand separately?,Arjuna expresses his wish to understand the true nature of two concepts: Samnyasa and Tyaga.
18,1,How does Arjuna address Krishna in his request regarding Samnyasa and Tyaga?,"Arjuna addresses Krishna with great respect and reverence, calling him 'mighty-armed,' 'inner controller of all."
18,1,What does the word 'Tyaga' imply in Arjuna's question to Krishna?,"In this context, 'Tyaga' refers to the act of renunciation or relinquishment."
18,1,Why does Arjuna specifically ask Krishna to explain the difference between Samnyasa and Tyaga?,Arjuna recognizes that both Samnyasa and Tyaga are central concepts in spiritual teachings.
18,2,Who is described as giving two different interpretations of Samnyasa and Tyaga?,Sri Krishna explains that some sages and thinkers view the concepts differently.
18,2,What is meant by 'giving up all actions motivated by desire' according to the?,The phrase 'giving up all actions motivated by desire' refers to abandoning actions that are performed with the intention of fulfilling personal wishes or cravings.
18,2,How do 'relinquishing the fruit of all actions' and 'giving up desire-motivated actions' differ?,Relinquishing the fruit of all actions means continuing to perform duties but not being attached to the outcomes.
18,2,Why might wise thinkers consider the abandonment of results more important than the abandonment?,Wise thinkers understand that true freedom comes from inner detachment rather than simply withdrawing from outward actions.
18,2,What insight does this teaching on Bhagavan provide about the role of desire in?,This verse teaches that desire plays a central role in binding individuals to actions and their outcomes.
18,3,Who are the 'wise men' whose opinions are being discussed regarding karma?,The 'wise men' referenced are thoughtful individuals or philosophers who have contemplated the nature of action.
18,3,Which specific actions are mentioned as not to be renounced according to some in?,"The verse explicitly mentions three actions: sacrifice (yajna), charity (dana), and penance (tapas)."
18,3,Why do some people consider all karma as worthy of renunciation due to 'evil'?,"Some people believe that every action, no matter how noble."
18,3,How does the verse present the disagreement among wise men regarding the renunciation of?,The verse describes a clear division of thought among the wise: one group asserts that all actions are flawed and should be given up.
18,3,"What is the significance of including 'sacrifice, charity, and penance' as exceptions in the?","By highlighting sacrifice, charity, and penance as exceptions."
18,4,Who is referred to as 'tiger among men' and why is this title significant?,"Krishna addresses Arjuna as 'tiger among men,' signifying his strength, courage, and noble qualities."
18,4,What are the three kinds of Tyaga mentioned by Krishna?,"Krishna states that Tyaga, or renunciation, is of three kinds: Sattvika, Rajasika, and Tamasika."
18,4,How does Krishna differentiate between Samnyasa and Tyaga in this teaching to Arjuna?,"Krishna distinguishes between Samnyasa, which generally means the renunciation of actions, and Tyaga."
18,4,What does Krishna imply by asking Arjuna to hear his 'conclusion' about Tyaga?,"By inviting Arjuna to hear his conclusion, Krishna signals that he will provide a clear and authoritative understanding of Tyaga."
18,4,Why is it important to recognize the threefold nature of Tyaga in one's spiritual?,Recognizing the threefold nature of Tyaga helps a seeker discern the quality and motivation behind their renunciation.
18,5,Which three actions are specifically mentioned as duties that should not be renounced?,"The three actions mentioned are sacrifice, charity, and penance."
18,5,"How does this teaching on Acts describe the role of sacrifice, charity, and penance?","The verse states that sacrifice, charity, and penance serve as purifiers for the wise."
18,5,"Why are sacrifice (yajna), charity (dana), and penance (tapas) considered actions that must be?","These actions are considered essential because they foster selflessness, compassion, and discipline."
18,5,"What does it mean when the verse says that sacrifice, charity, and penance are?","Calling these actions 'purifiers' means that they help cleanse the heart and mind of impurities such as greed, ego."
18,5,What can we learn about the nature of duty from the instruction that yajna?,We learn that certain responsibilities are timeless and foundational for a meaningful life.
18,6,Whose 'considered and supreme verdict' is being addressed to Arjuna regarding acts like sacrifice?,It is Krishna who is sharing his considered and supreme verdict with Arjuna.
18,6,Which specific actions are mentioned as examples of duties to be performed without attachment?,"The verse specifically mentions sacrifice, charity, and penance as examples of actions that should be performed."
18,6,What does the verse describe as the Sattvika form of renunciation?,"Performing prescribed duties simply because they have to be done, without attachment to the action or its fruits."
18,6,What does 'giving up attachment and fruit' mean in the context of performing one's?,'Giving up attachment and fruit' means acting without being emotionally bound to the work or its outcomes.
18,6,"Why does Krishna emphasize that all acts, including sacrifice, charity, and penance, should be?",Krishna emphasizes selfless action to help individuals transcend selfish motives and ego.
18,7,What type of karma is described as 'niyata' or prescribed duty?,'Niyata' refers to prescribed duties that are obligatory according to one's role and stage in life.
18,7,What does the verse mean by abandoning karma 'through ignorance'?,Abandoning karma through ignorance refers to giving up one's prescribed duties without understanding their true value or purpose.
18,7,What is signified by the term 'Tamasika' in the context of giving up prescribed?,"'Tamasika' signifies an act done in the mode of darkness, ignorance, or inertia."
18,7,Why is it considered inappropriate to give up prescribed duties according to the verse?,It is considered inappropriate because prescribed duties serve a higher purpose in personal and societal harmony.
18,7,How can a person discern whether their renunciation of an action is due to?,"A person can reflect on their motivation: if they let go of duties out of laziness, confusion."
18,8,"What is the reason given for someone abandoning their duties, according to the text?",The verse states that a person may abandon their duties out of fear of physical strain or discomfort.
18,8,How is Rajasika renunciation described with reference to giving up karma due to fear?,Rajasika renunciation is described as giving up one's duties because of the fear of bodily pain or discomfort.
18,8,What does it mean when the verse says one does not attain the fruit?,It means that giving up duties out of fear or discomfort does not lead to true rewards or benefits associated with renunciation.
18,8,Why does Krishna emphasize that abandoning duties due to pain or fear is not?,"Krishna emphasizes this because genuine renunciation is rooted in wisdom and detachment, not in fear or aversion to discomfort."
18,8,How can one face physical strain in duty without falling into the trap of?,"One can approach physical strain with acceptance and understanding, seeing it as part of their spiritual growth."
18,9,What qualities define the Sattvika form of renunciation as described by Krishna?,The Sattvika form of renunciation is defined by performing one's prescribed duty simply because it is the right thing to do.
18,9,How does Krishna describe the attitude one should have toward prescribed duties (niyatam karma)?,Krishna emphasizes that prescribed duties should be performed with the mindset that they are necessary actions.
18,9,"What is the significance of giving up 'attachment and fruit' when performing karma, according?",Giving up attachment and the desire for results purifies the performer’s intention and leads to inner peace.
18,9,Why is renunciation (tyaga) practiced in the Sattvika manner considered superior in spiritual practice?,Sattvika renunciation is seen as superior because it aligns actions with selfless intent.
18,9,How can someone apply the principle of performing duties 'simply because they have to?,"To apply this principle, one can approach daily responsibilities—whether at work, home."
18,10,Who is described as a true renunciant and what qualities are attributed to him?,A true renunciant is described as one who neither looks upon unskilled work with desire nor becomes attached to skilled work.
18,10,What does the verse say about attachment to skilled work for a person established?,"The verse teaches that a person established in tyāga, or renunciation, is not attached to skilled work."
18,10,Why does the verse mention that a wise renunciant is free from doubt (chitta-samshaya)?,Freedom from doubt is highlighted because a true renunciant has a clear understanding of the nature of action and detachment.
18,10,What is meant by 'not looking with desire upon the unskilled work'?,This phrase means that a renunciant does not despise or avoid tasks considered unskilled or lowly out of desire or aversion.
18,10,How can one remain unattached to both skilled and unskilled actions in daily life?,"To remain unattached, one must cultivate an attitude of performing duties for their own sake, not for recognition or reward."
18,11,What is said to be impossible for anyone possessing a body regarding actions?,"It is stated that for anyone who possesses a body, it is impossible to completely give up all actions."
18,11,How does the verse define a true renunciant in the context of 'karmaphala-tyagi'?,The verse describes a true renunciant as one who renounces the fruits of actions rather than the actions themselves.
18,11,Why is the renunciation of the fruit of actions emphasized instead of the renunciation?,Renunciation of the fruit of actions is emphasized because physical existence makes it impossible to avoid all actions.
18,11,What does 'dehabhrita' signify in the teaching about action and renunciation?,"'Dehabhrita' refers to those who possess a body, meaning all living humans."
18,11,How can one practice renunciation in daily life if actions cannot be entirely abandoned?,"One can practice renunciation by performing duties and responsibilities sincerely, but without selfish motives or attachment to the outcomes."
18,12,What are the three types of fruit (phala) described that result from actions of?,The verse describes three types of fruit that result from the actions of those who do not renounce: favorable (welcome).
18,12,"According to this teaching on Welcome, how does the fruit of action differ for?","For those who renounce, the verse states that there is no fruit of action at any time."
18,12,What does the verse imply about the consequences of holding onto the desire for?,"The verse suggests that holding onto the desire for results leads to experiencing various outcomes—good, bad."
18,12,What is the significance of the term 'bhaktavyargānāṁ' (those who do not renounce) in?,'Bhaktavyargānāṁ' refers to individuals who are attached to the fruits of their actions and do not practice renunciation.
18,12,"Why does true renunciation, as described here, lead to freedom from all fruits of?","True renunciation involves giving up attachment to the outcomes of one's actions, not necessarily abandoning action itself."
18,13,Who is referred to as 'O mighty-armed' and who is offering the explanation about?,"The term 'O mighty-armed' refers to Arjuna, the valiant warrior."
18,13,Which doctrine does Krishna mention as the source for the five causes of action?,Krishna refers to the Sankhya doctrine as the authority that describes the five causes responsible for the completion of all actions.
18,13,What does Krishna mean by 'five causes' for the accomplishment of all actions?,Krishna mentions that every action is achieved through five specific causes.
18,13,Why does Krishna emphasize understanding the five causes before performing actions?,Krishna emphasizes the importance of understanding the five causes to help Arjuna recognize the complexity and interconnectedness of action.
18,13,What is the significance of Krishna mentioning the Sankhya doctrine in relation to karma?,"By referencing the Sankhya doctrine, Krishna highlights the philosophical foundation that actions are governed by certain principles and causes."
18,14,What are the five factors mentioned that contribute to the accomplishment of actions?,The verse lists five factors involved in the accomplishment of any action: the seat of action (body).
18,14,How is 'Daiva' or destiny described as one of the factors in the completion?,"Daiva, or destiny, is recognized as the fifth and often unseen force that influences the outcome of actions."
18,14,What does the term 'adhishthana' signify in the context of this teaching on Daiva?,"The term 'adhishthana' refers to the seat or foundation of action, which is the physical body."
18,14,Why does the verse emphasize both the agent (karta) and the various organs (karanam)?,The verse highlights both the agent and the organs to show that action is a collective process involving intention and the tools to execute it.
18,14,How can understanding the role of these five factors help one act without attachment?,"Recognizing that actions are not accomplished by personal effort alone but also depend on other factors, including destiny."
18,15,What are the three means through which a person performs actions according to the?,"The verse states that a person performs actions through the mind, speech, and body."
18,15,What does the verse mean by 'five contributory causes' in relation to performing actions?,The 'five contributory causes' refer to the different factors that come together to produce any action.
18,15,"Why does the verse mention both 'right' and 'wrong' actions performed with mind, speech?","The verse emphasizes that all actions, regardless of whether they are in harmony with righteousness or not."
18,15,What practical lesson can be drawn from the teaching that actions have five causes?,Understanding that actions arise due to multiple causes helps cultivate humility and a sense of detachment.
18,15,How does knowing about these five causes of action help one overcome ego or?,"When we realize that every action is a product of five different causes, not just our individual effort."
18,16,What does the verse say about a person who sees the 'Self' as the?,"The verse states that a person who regards the pure, taintless Self as the only doer."
18,16,"Who is described as having 'perverse understanding' in the statement 'he who, having an?",The one with perverse understanding is the individual whose mind is not pure and who wrongly attributes all actions solely to the Self.
18,16,What is meant by 'akritabuddhitvat' or 'impure mind' in the context of believing the?,An 'impure mind' refers to a mind clouded by ignorance or misunderstanding.
18,16,Why does the verse call it a mistake to see the 'taintless Self' as?,The verse points out that the Self is pure and untouched by action.
18,16,How can understanding the difference between the Self and the doer help someone on?,Recognizing that the Self is not the actual agent of actions leads to detachment and clarity.
18,17,What attitude does the person have towards the sense of doership?,The person described in this verse is free from the sense of doership.
18,17,How does the verse explain the consequences for someone whose reason is untainted by?,"The verse explains that for someone whose reason remains untouched by worldly desires and attachments, actions do not bind them."
18,17,Why does the verse state that one who acts without a sense of 'I?,This teaching reflects the idea that attachment to the sense of 'I' as the doer is what leads to bondage.
18,17,What does 'na lipyate' signify regarding the intellect?,'Na lipyate' means 'is not tainted' or 'is not affected.' In this context.
18,17,How can one practically cultivate freedom from the sense of doership as described?,To cultivate freedom from the sense of doership.
18,18,What are the three elements described as causes of action?,"The verse describes the knower, knowledge."
18,18,How does this verse describe the components of the 'collection of actions'?,The verse explains that the collection of actions consists of three parts: the agent (the doer).
18,18,"What is the significance of distinguishing between the agent, instrument, and action in spiritual?","Distinguishing between the agent, instrument, and action helps us realize that outcomes are not solely determined by our individual will."
18,18,What does the term 'knower' refer to in the context of this verse?,"The term 'knower' refers to the individual who perceives, understands, or is conscious of an experience or object."
18,18,"Why is it important to recognize the threefold division of knowledge, the knower, and?",Recognizing the threefold division helps us see that our actions are not isolated.
18,19,What three elements are said to be of three kinds according to the Gunas?,"The three elements described as being of three kinds according to the Gunas are knowledge, action, and the doer."
18,19,"How does Krishna explain the relationship between knowledge, action, and the doer in the?","Krishna teaches that knowledge, action."
18,19,Why does Krishna emphasize listening 'duly' to the explanation about the threefold division of?,Krishna emphasizes listening 'duly' because understanding the threefold division is essential for deep self-awareness and right conduct.
18,19,What is meant by 'Gunas' or 'modes of Prakrti' as mentioned?,"'Gunas' are the fundamental qualities or modes—Sattva (purity, harmony), Rajas (activity, passion), and Tamas (inertia."
18,19,"How can recognizing the influence of the Gunas on knowledge, action, and the doer?",Recognizing the Gunas' influence allows one to detach from automatic patterns and make conscious choices.
18,20,What is described as the defining feature of Sattvika knowledge?,"Sattvika knowledge is characterized by perceiving one imperishable, undivided divine existence equally present in all beings."
18,20,How does the phrase 'avibhaktam vibhakteshu' help illustrate the nature of true knowledge?,"The phrase 'avibhaktam vibhakteshu' means 'undivided in the divided.' It illustrates that, although beings appear different and separate."
18,20,What does 'imperishable divine existence' refer to in the context of this teaching?,The 'imperishable divine existence' refers to the eternal soul or consciousness.
18,20,"Why is perceiving oneness among all beings considered Sattvika, according to this teaching on?","Perceiving oneness fosters qualities like compassion, tolerance, and selflessness."
18,20,How can recognizing the same divine presence in everyone influence daily interactions and attitudes?,"Recognizing the divine presence in all beings can lead to greater respect, kindness, and empathy in daily life."
18,21,How is Rajasika knowledge characterized regarding 'many existences' and their relationship to each other?,Rajasika knowledge is described as that which perceives many different existences as separate and distinct from one another.
18,21,Who is being instructed to recognize knowledge that sees 'nānābhāvān pṛthagvidhān' (varied forms as?,Arjuna is being instructed to recognize that the type of knowledge which observes various forms as separate and distinct is considered Rajasika.
18,21,What does it mean when the verse refers to 'pṛthaktvena'—the tendency to see things?,'Pṛthaktvena' refers to the inclination to perceive and categorize beings as inherently different from each other.
18,21,What practical impact can knowledge that focuses on 'difference' instead of unity have on?,"When a person holds knowledge that focuses on differences, it often leads to division, comparison, and even conflict."
18,21,Why does the Gita classify knowledge that sees only separation among beings as Rajasika?,"Knowledge that sees only separation arises from restlessness and passion, which are qualities of Rajas."
18,22,How is 'Tamasika knowledge' described with respect to its focus on 'one body'?,"Tamasika knowledge is described as being fixated on one body, treating it as if it were the whole."
18,22,What are the main characteristics of knowledge that is called 'Tamasika'?,"Tamasika knowledge is characterized by irrationality, lack of any true object, and triviality."
18,22,What does the phrase 'no real object and is trivial' imply about the value?,The phrase suggests that Tamasika knowledge lacks substance and depth.
18,22,Why does this teaching on Again mention that Tamasika knowledge is 'irrational' and 'without?,By calling Tamasika knowledge irrational and without cause.
18,22,How can recognizing Tamasika knowledge in oneself help in pursuing a more balanced understanding?,Recognizing Tamasika knowledge in oneself allows for greater self-awareness and the opportunity to seek higher forms of knowledge.
18,23,What are the qualities that define Sattvika action according to the verse?,"Sattvika action is defined by being in accordance with spiritual ordinance, performed without attachment or a sense of ego."
18,23,What does it mean to perform karma 'without attachment' and 'without seeking any return'?,Performing karma without attachment means engaging in actions without being emotionally entangled in the results or outcomes.
18,23,How should one understand the phrase 'free from partiality or prejudice' in the context?,Being free from partiality or prejudice means approaching every action with a balanced and open mind.
18,23,Why does the verse emphasize the absence of 'doership' or ego when performing ordained?,The emphasis on the absence of doership or ego highlights the importance of humility and surrender in spiritual practice.
18,23,How can a person practically cultivate the Sattvika qualities in their daily actions as?,"To cultivate Sattvika qualities, one can start by consciously performing duties as acts of service."
18,24,What qualities are described as characteristic of Rajasika action?,Rajasika action is described as involving much strain and effort.
18,24,"According to this teaching on That, who is considered to act with ahamkara, or?","One who acts with ahamkara is a person who performs actions with self-centered motives, seeking personal recognition or superiority."
18,24,"How does the verse define the motivation behind actions performed with 'bahulalaya', or intense?","The verse explains that actions performed with 'bahulalaya', meaning intense longing or desire."
18,24,"What does it mean for an action to be done with 'kama-sukham', or the?",An action done with 'kama-sukham' is driven by the desire for personal pleasure or enjoyment.
18,24,Why does the verse consider action accompanied by strain and desire to be Rajasika?,"The verse considers such action Rajasika because it is fueled by restless energy, ambition, and attachment to results."
18,25,What four aspects are ignored when action is classified as Tamasika?,"When action is classified as Tamasika, four aspects are ignored: the outcome or result of the action."
18,25,How does the verse describe actions that arise from sheer ignorance or 'moha'?,"Actions that arise from sheer ignorance, or 'moha', are described as being started without any thoughtful consideration."
18,25,What does 'Tamasika' mean in the context of actions that do not consider outcome?,'Tamasika' refers to actions that are clouded by darkness and ignorance.
18,25,Why is it important to consider one's own capacity ('paurusham') before starting an action?,It is important to consider one's own capacity before starting an action to avoid overreaching or causing unintended harm.
18,25,What lesson about mindful action does the verse impart by highlighting the nature of?,"The verse imparts the lesson that true wisdom lies in mindful action, where one carefully considers consequences."
18,26,What qualities describe a Sattvika doer?,"A Sattvika doer is described as one who is free from attachment, does not speak with ego."
18,26,How does being 'unswayed by success and failure' contribute to one's actions according to?,Being unswayed by success and failure allows a person to act with steadiness and inner peace.
18,26,Why is 'firmness and vigour' emphasized as important qualities in the Sattvika doer?,Firmness and vigour are important because they ensure that the doer remains committed and enthusiastic throughout their tasks.
18,26,What does it mean to be 'unegoistic' as described?,To be unegoistic means not acting out of pride or a sense of superiority.
18,26,How can one free themselves from attachment while still performing their duties?,One can free themselves from attachment by dedicating their actions to a higher purpose and focusing on the process rather than the outcome.
18,27,What qualities are described in a Rajasika doer?,"A Rajasika doer is described as being full of attachment, seeking the fruits of actions, greedy."
18,27,How does attachment to the fruits of actions influence the behavior of a Rajasika?,Attachment to the fruits of actions leads the Rajasika doer to act with a strong desire for personal gain.
18,27,What does 'oppressive by nature' signify about the character of the Rajasika doer?,'Oppressive by nature' indicates that the Rajasika doer may act in ways that hurt or exploit others to fulfill personal desires.
18,27,Why does the verse mention that the Rajasika doer is affected by both joy?,The Rajasika doer is influenced by external circumstances.
18,27,How can one move away from the qualities of a Rajasika doer toward a?,To move away from Rajasika qualities.
18,28,Who is described as a Tamasika doer and what qualities define such a person?,"A Tamasika doer is one who acts without self-control or proper understanding, displaying qualities such as arrogance, deceit."
18,28,What does it mean for a person to be 'uncultured' and 'arrogant' as mentioned?,"Being 'uncultured' refers to a lack of moral values, refinement, or adherence to ethical conduct."
18,28,"Which negative qualities are listed for the Tamasika doer, such as 'deceitful' and 'procrastinating',?","Deceitful, slothful, down-hearted, and procrastinating."
18,28,What is the significance of the term 'dīrghasūtrī' (procrastinating) in the context of a?,"The term 'dīrghasūtrī' highlights the tendency to delay or avoid taking action, often due to laziness or lack of motivation."
18,28,"How can recognizing the traits of a Tamasika doer, such as being 'down-hearted' and?",Recognizing these traits allows a person to reflect on their own behavior and identify areas where ignorance or negativity might be influencing their actions.
18,29,Who is being addressed as 'Dhananjaya' and who is the speaker offering to explain?,"Krishna is speaking to Arjuna, whom he lovingly calls 'Dhananjaya.' Krishna, as the divine teacher."
18,29,What does Krishna promise to explain fully and distinctly to Arjuna regarding 'buddhi' and?,Krishna promises to thoroughly and clearly explain the threefold divisions of 'buddhi' (intellect) and 'dhriti' (fortitude).
18,29,How does Krishna emphasize the completeness and clarity of his explanation about the qualities?,Krishna assures Arjuna that his explanation will be both complete and distinct.
18,29,What is the significance of the phrase 'threefold division' concerning intellect and fortitude?,The phrase 'threefold division' refers to the categorization of both intellect and fortitude into three types.
18,29,Why does Krishna focus on the qualities of buddhi (intellect) and dhriti (fortitude) when?,Krishna highlights buddhi and dhriti because they are essential for making wise decisions and remaining steadfast on the spiritual path.
18,30,Who does Krishna describe as possessing a Sattvika intellect?,Krishna describes a person who can clearly discern the difference between the paths of action and renunciation.
18,30,What qualities does Krishna associate with the Sattvika intellect?,The Sattvika intellect is able to distinguish between right and wrong actions.
18,30,How does the Sattvika intellect understand the difference between bondage and liberation?,"The Sattvika intellect sees bondage as attachment to actions and desires, which leads to entanglement in worldly life."
18,30,What is the significance of distinguishing between 'what ought to be done' (kārya) and?,Distinguishing between what ought to be done and what should not be done is crucial for making righteous choices.
18,30,Why is it important for one to recognize the difference between fear and fearlessness?,Recognizing the difference between fear and fearlessness helps a person act with wisdom rather than being controlled by emotions.
18,31,To whom does Krishna explain the nature of Rajasic intellect?,"Krishna is addressing Arjuna as Partha, explaining the different types of intellect."
18,31,What does the Rajasic intellect fail to distinguish according to the verse?,"The Rajasic intellect fails to truly distinguish between dharma and adharma, duty and non-duty, as well as action and inaction."
18,31,What does 'ayathāvat vijānāti' signify about a person's judgment?,'Ayathāvat vijānāti' means not truly perceiving or understanding things as they are.
18,31,How does Krishna describe the consequences of having a Rajasic intellect in understanding one's?,Krishna explains that a Rajasic intellect leads to confusion about one's duties and actions.
18,31,Why is it important to correctly perceive 'dharma' and 'adharma' as mentioned?,"Correctly perceiving dharma and adharma is essential for living a life of harmony, righteousness, and inner peace."
18,32,What does a Tamasika intellect perceive incorrectly according to the verse?,"A Tamasika intellect perceives Adharma as Dharma and sees all things in an upside-down manner, wrapped in ignorance."
18,32,How is a Tamasika intellect characterized?,"A Tamasika intellect is characterized by its inability to discern right from wrong, mistaking Adharma for Dharma."
18,32,Why does the verse say a Tamasika intellect sees things upside-down?,The verse suggests that a Tamasika intellect is clouded by ignorance.
18,32,Who is being addressed?,Arjuna is being addressed in this verse as Krishna explains to him the nature of a Tamasika intellect and its tendency to misinterpret Adharma as Dharma.
18,32,What practical guidance can one derive from understanding the Tamasika intellect?,Understanding the Tamasika intellect warns us to be vigilant about our perceptions and judgments.
18,33,What is described as Sattvika firmness?,Sattvika firmness is described as the unwavering strength or determination by which an individual controls the functions of the mind.
18,33,Why does the verse emphasize 'unwavering firmness' in controlling the mind and senses?,The verse emphasizes 'unwavering firmness' because maintaining control over the mind and senses requires a constant and unbroken focus.
18,33,What does 'Yoga of meditation' refer to in the context of this teaching on?,'Yoga of meditation' refers to the disciplined practice of focusing the mind and attaining mental clarity and stability.
18,33,How can one cultivate Sattvika firmness in daily life?,"To cultivate Sattvika firmness, one can practice regular meditation and mindfulness, focusing on breathing and calming the mind."
18,33,"To whom is Krishna speaking, and what is the main teaching?","Krishna is speaking to Arjuna, teaching him about the nature of Sattvika firmness."
18,34,Who is Krishna addressing when he speaks about Rajasika Dhrti?,"Krishna is addressing Arjuna, explaining the nature of Rajasika Dhrti to him."
18,34,What does Krishna describe as Rajasika Dhrti?,Krishna describes Rajasika Dhrti as the perseverance or firmness that is driven by a desire for rewards.
18,34,Why does Krishna associate the desire for rewards with Rajasika Dhrti?,Krishna associates the desire for rewards with Rajasika Dhrti because this type of determination is driven by personal ambition and attachment to the outcomes of actions.
18,34,What does the term 'Rajasika' imply about a person's approach to life according to?,The term 'Rajasika' implies that a person's approach to life is driven by passion and desire for material achievements.
18,34,How can one move from Rajasika Dhrti to a more balanced form of perseverance?,To move from Rajasika Dhrti to a more balanced form of perseverance.
18,35,What characteristics define Tamasika firmness according to Krishna?,"Krishna describes Tamasika firmness as the persistence by which a person clings to negative states such as sleep, fear."
18,35,What states of mind does an evil-minded person cling to according to the verse?,"The verse mentions sleep, fear, anxiety, sorrow."
18,35,Why might someone with Tamasika firmness refuse to let go of fear and anxiety?,Someone with Tamasika firmness might refuse to let go of fear and anxiety due to a lack of awareness or discernment.
18,35,What does Krishna imply about the nature of firmness?,Krishna implies that firmness is not inherently positive; it can be negative when it involves holding onto harmful states.
18,35,How can one overcome Tamasika firmness and move towards a more positive state of?,Overcoming Tamasika firmness involves cultivating awareness and discernment.
18,36,Who does Krishna address as 'Bharatarshabha'?,"Krishna addresses Arjuna as 'Bharatarshabha', which means the best among the Bharatas."
18,36,What are the threefold joys mentioned by Krishna?,"The threefold joys mentioned by Krishna are the pleasures derived from the practice of adoration, meditation, and service to God."
18,36,How does the practice of meditation contribute to the end of sorrow according to?,"According to Krishna, meditation helps in focusing the mind and purifying thoughts, allowing the practitioner to connect with the divine."
18,36,Why is it important to practice adoration and service to God as described?,Practicing adoration and service to God is important as it helps one develop devotion and selflessness.
18,36,What does Krishna imply by saying that the striver reaches the 'end of sorrow'?,"Krishna implies that by engaging in spiritual practices like adoration, meditation, and service."
18,37,What kind of joy is described as tasting like nectar in the end?,"Sattvika joy, which is born of the placidity of mind brought about by meditation on God."
18,37,"How is Sattvika joy initially perceived, according to the verse?","Sattvika joy is initially perceived as poison, which means it might seem difficult or challenging at first."
18,37,Why might Sattvika joy appear as poison in the beginning?,"Sattvika joy might appear as poison in the beginning because it often involves discipline, self-control."
18,37,What does 'placidity of mind' refer to in the context of this teaching on?,In this context.
18,37,How can one cultivate Sattvika joy in their life?,"To cultivate Sattvika joy, one can engage in regular meditation, develop focus on higher truths or the divine."
18,38,What is described as initially nectar-like but eventually poison-like?,The verse describes a type of delight that arises from the contact of the senses with their objects.
18,38,Why is the delight from sense contact considered Rajasika?,"The delight from sense contact is considered Rajasika because it is rooted in the mode of passion, known as Rajas."
18,38,What lesson can be drawn from the comparison of sensory delight to nectar and?,The lesson from this comparison is to exercise discernment and moderation with sensory pleasures.
18,38,How does this teaching on Rajasika relate to the concept of true happiness in?,"The distinction between fleeting pleasures and genuine, lasting happiness."
18,38,Who is the speaker and what is their intention in conveying this message about?,Lord Krishna is the speaker.
18,39,What is the nature of the delight described as Tamasika?,"The delight described as Tamasika is one that stupefies the self, both during its enjoyment and at the end."
18,39,What are the conditions from which Tamasika delight is derived according to the verse?,"Tamasika delight is derived from sleep, indolence, and obstinate error."
18,39,Why might happiness arising from indolence and obstinate error be considered Tamasika?,Happiness arising from indolence and obstinate error is considered Tamasika because it leads to a state of delusion and dullness.
18,39,What does the verse imply about the consequences of Tamasika delight on the self?,The verse implies that Tamasika delight results in stupefaction of the self.
18,39,How can one avoid falling into the trap of Tamasika delight as described?,"To avoid falling into the trap of Tamasika delight, one should cultivate awareness and mindfulness."
18,40,What are the three qualities mentioned that are born of Prakriti?,"The three qualities mentioned in this verse are sattva, rajas, and tamas."
18,40,Why does the verse state that no being is free from the three qualities?,"The verse emphasizes the pervasive influence of the three gunas, sattva, rajas, and tamas."
18,40,What does it mean that there is no being free from the three gunas?,"It means that every being, regardless of their domain or status, is influenced by the qualities of sattva."
18,40,How can understanding the influence of the three gunas help individuals in their spiritual?,"By recognizing how sattva, rajas, and tamas affect their thoughts and actions."
18,40,Who is the speaker discussing the pervasiveness of the three qualities?,The speaker in this verse is Lord Krishna.
18,41,Who are the four groups mentioned with divided duties?,"The four groups mentioned are the Brahmanas, the Ksatriyas, the Vaisyas, and the Sudras."
18,41,What does the term 'svabhava-prabhava' refer to in the context of this teaching on?,The term 'svabhava-prabhava' refers to the inborn qualities or inherent nature that determine the duties assigned to each group.
18,41,Why are duties divided according to inborn qualities?,Duties are divided according to inborn qualities to align work with an individual's natural tendencies and characteristics.
18,41,Who is being addressed as 'Parantapa'?,"Arjuna is being addressed as 'Parantapa' in this verse, which means 'scorcher of foes'."
18,41,How does understanding one's inborn qualities help in fulfilling their duties?,Understanding one's inborn qualities helps individuals identify their strengths and weaknesses.
18,42,What are the qualities associated with the natural duty of a Brahmana?,The verse describes the natural duty of a Brahmana as having qualities such as subjugation of the mind and senses.
18,42,What role does 'forgiving the faults of others' play in the duties of a?,Forgiving the faults of others is highlighted as an essential quality for a Brahmana.
18,42,How does the concept of 'subjugation of the mind and senses' contribute to one's?,Subjugation of the mind and senses is fundamental to spiritual growth.
18,42,Why is belief in the Vedas and other scriptures considered important?,Belief in the Vedas and other scriptures is important as it forms the foundation of spiritual knowledge and serves as a guide for righteous living.
18,42,"What does 'straightness of mind, senses and behavior' signify in the context of a?","Straightness of mind, senses, and behavior signifies honesty, integrity, and alignment of one's thoughts, actions, and intentions."
18,43,What qualities are mentioned as part of the natural duty of a Ksatriya?,"The qualities mentioned include valour, fearlessness, firmness, cleverness, steadiness in battle, bestowing gifts, and lordliness."
18,43,How is 'firmness' described as a part of a Ksatriya's duty?,"Firmness is described as the ability to remain steadfast and resolute, especially in challenging situations such as battle."
18,43,Why might 'bestowing gifts' be considered a natural duty of a Ksatriya?,Bestowing gifts can be seen as a natural duty of a Ksatriya because it demonstrates generosity and the ability to support and uplift others.
18,43,Who is attributed with the qualities of lordliness and cleverness as natural duties?,The qualities of lordliness and cleverness are attributed to a Ksatriya.
18,43,What does 'fearlessness in battle' signify for a Ksatriya according to this teaching on?,Fearlessness in battle signifies the courage and bravery required of a Ksatriya to face adversities without retreating.
18,44,What are the natural duties assigned to a Vaisya?,"The natural duties assigned to a Vaisya include agriculture, rearing of cows, and honest exchange of merchandise."
18,44,"According to the verse, what is the natural duty of a Sudra?",The verse attributes the natural duty of a Sudra to providing service to the other classes.
18,44,How does the verse reflect the idea of duties being determined by one's nature?,The verse illustrates that duties are determined by one's inherent nature or qualities.
18,44,Why is honest exchange of merchandise considered a duty for Vaisyas?,Honest exchange of merchandise is considered a duty for Vaisyas because it reflects their role in sustaining economic balance and trust in society.
18,44,What philosophical principle can be derived from the assignment of duties based on class?,A philosophical principle derived from this verse is the harmony in society through fulfilling one's natural duties.
18,45,What does a man attain by being devoted to his own natural duty?,"By being devoted to his own natural duty, a man attains the highest perfection in the form of God-Realization."
18,45,How is a person expected to perform their inborn duty according to this teaching?,A person is expected to be keenly devoted to their inborn duty.
18,45,What does the term 'highest perfection' imply in the context of this teaching on?,'highest perfection' implies achieving God-Realization.
18,45,Why is engagement in one's own duty emphasized?,Engagement in one's own duty is emphasized because it aligns with one's natural disposition and abilities.
18,45,How can performing one's natural duty lead to spiritual growth?,Performing one's natural duty with dedication allows an individual to cultivate discipline and focus.
18,46,Who is the entity that pervades the universe and from whom creation has emerged?,The entity referred to in the verse is the Supreme Being or God.
18,46,What does 'worshipping Him through his own natural duties' imply?,'Worshipping Him through his own natural duties' implies that an individual should perform their inherent responsibilities and duties with devotion and dedication.
18,46,How does performing one's natural duties relate to attaining perfection according to this verse?,Performing one's natural duties is seen as a path to spiritual growth and perfection.
18,46,Why is it significant that the universe is described as pervaded by the Supreme?,The description of the universe as pervaded by the Supreme Being underscores the omnipresence and omnipotence of the divine.
18,46,What is the path described for attaining the highest perfection?,The path described for attaining the highest perfection involves worshipping the Supreme Being through one's natural duties.
18,47,Why does the verse suggest that one's own duty is better even if it?,"The verse emphasizes that performing one's own duty, even if it seems to lack merit."
18,47,What is the consequence mentioned in the verse for performing the duty ordained by?,"The verse clearly states that by performing the duty ordained by one's own nature, a person does not incur sin."
18,47,How can following one's own nature lead to a sinless life according to the?,Following one's own nature can lead to a sinless life because it encourages authenticity and sincerity in one's actions.
18,47,"What does 'better is one’s own duty, though devoid of merit' mean in practical?","In practical terms, this means that even if your own responsibilities or tasks seem less impressive or lack recognition."
18,47,"Who is the speaker, and what is the primary message conveyed?",Lord Krishna is the speaker.
18,48,What analogy does Krishna use to describe how duties are tainted?,Krishna uses the analogy of fire being enveloped in smoke to describe how all undertakings are clouded with demerit.
18,48,Why does Krishna advise Arjuna not to abandon his innate duty despite its blemishes?,Krishna advises Arjuna not to abandon his innate duty because every action is naturally accompanied by some imperfections.
18,48,What is meant by 'innate duty' in this context?,"'Innate duty' refers to the natural responsibilities or roles that one is born with, often determined by one's nature."
18,48,How can understanding the analogy of fire and smoke help us in our daily?,Understanding the analogy of fire and smoke can help us accept that imperfections are inherent in every action.
18,48,Who is being addressed by Krishna regarding the nature of duties?,Krishna is addressing Arjuna.
18,49,What qualities does a person need to reach the consummation of actionlessness?,"A person needs to have an unattached intellect, a mind free from desires, and control over their inner self."
18,49,How does having an unattached intellect help in attaining actionlessness?,Having an unattached intellect means not being influenced by desires or outcomes.
18,49,Why is it important to subdue the mind according to this teaching on Sankhyayoga?,Subduing the mind is crucial because an unrestrained mind is prone to desires and distractions.
18,49,What does 'actionlessness' signify in the context of this teaching on Sankhyayoga?,"In this context, 'actionlessness' refers to performing actions without attachment to their outcomes."
18,49,To which path is the consummation of actionlessness attributed?,"The consummation of actionlessness is attributed to the path of Sankhyayoga, which is the path of knowledge."
18,50,Who is being addressed by Krishna?,"Krishna is addressing Arjuna, the son of Kunti."
18,50,What is the highest consummation mentioned?,"The highest consummation mentioned in this verse is the attainment of actionlessness, which is the ultimate goal of Jñanayoga."
18,50,How does Krishna propose to explain the process of attaining Brahma to Arjuna?,Krishna proposes to explain the process briefly to Arjuna.
18,50,What does 'actionlessness' signify in the context of this teaching on Arjuna?,"In this context, 'actionlessness' signifies a state of being where one is free from the bondage of actions."
18,50,Why is it important to reach the state of actionlessness according to Krishna?,Reaching the state of actionlessness is important because it leads to the highest knowledge and realization of Brahma.
18,51,What does it mean to be endowed with an untarnished intellect?,To be endowed with an untarnished intellect means to possess a mind that is pure and clear.
18,51,How does one reject sound and other objects of sense as described?,Rejecting sounds and other objects of sense involves developing a sense of detachment from the sensory pleasures and distractions of the world.
18,51,Why is it important to get rid of attraction and aversion according to this?,Attraction and aversion are seen as obstacles to spiritual growth because they bind the mind to the material world and its dualities.
18,51,What role does a Sattvika and regulated diet play as mentioned?,A Sattvika and regulated diet helps in maintaining physical health and mental clarity.
18,51,What are the key practices mentioned?,"The key practices mentioned include having an untarnished intellect, maintaining self-discipline through firmness."
18,52,What does it mean to live in a 'lonely and undefiled place' as mentioned?,Living in a 'lonely and undefiled place' refers to choosing an environment that is free from distractions and impurities.
18,52,"What actions are suggested for controlling speech, body, and mind?","The verse suggests controlling speech, body, and mind by practicing self-discipline and restraint."
18,52,How does partaking of 'light food' contribute to spiritual practice as indicated?,Partaking of 'light food' contributes to spiritual practice by ensuring that the body is not burdened by heavy digestion.
18,52,Why is dispassion emphasized in the pursuit of meditation and spiritual growth?,"Dispassion is emphasized because it helps in detaching from material desires and distractions, which often lead to suffering and instability."
18,52,What is the significance of being 'ever devoted to meditation' as mentioned?,Being 'ever devoted to meditation' signifies a continuous and dedicated practice of focusing the mind and connecting with one's inner self.
18,53,What does giving up egotism and arrogance imply for an individual?,Giving up egotism and arrogance implies that an individual recognizes the limitations of their personal identity and pride.
18,53,What qualities does a person develop by renouncing desire and anger according to the?,"By renouncing desire and anger, a person develops qualities of peace and contentment."
18,53,Which possessions should one give up to achieve tranquility?,The verse suggests giving up all forms of possessions that bind one to material existence.
18,53,What does it mean to be 'devoid of mineness' as mentioned?,"Being 'devoid of mineness' means letting go of the sense of ownership and attachment to things, people, and experiences."
18,53,How does becoming qualified for oneness with Brahma transform an individual's life?,Becoming qualified for oneness with Brahma transforms an individual's life by aligning their consciousness with the ultimate reality.
18,54,What qualities does a 'brahmabhuta' person possess?,"A 'brahmabhuta' person possesses an untarnished intellect and partakes in a light, Sattvika, and regulated diet."
18,54,How does the phrase 'n shoachati na kāṅkṣati' describe the state of mind of?,The phrase 'na shochati na kāṅkṣati' indicates that a realized soul neither laments nor desires.
18,54,Who is the speaker of the verse that includes 'samah sarveshu bhuteshu'?,The speaker of this verse is Lord Krishna.
18,54,What is implied by the term 'madbhaktim labhate param' in the context of spiritual?,The term 'madbhaktim labhate param' implies that the person attains supreme devotion to Krishna.
18,54,How can one achieve the state of 'prasannatma' as described?,"Achieving the state of 'prasannatma', or a joyful and serene soul, involves cultivating a balanced and Sattvika lifestyle."
18,55,How does supreme devotion enable one to understand Krishna?,Supreme devotion allows a person to truly understand Krishna in his entirety.
18,55,What does it mean to 'enter into Krishna's being' as mentioned?,To 'enter into Krishna's being' signifies achieving a state of unity with Krishna.
18,55,Why is understanding Krishna 'in reality' significant for a devotee?,Understanding Krishna 'in reality' is significant because it allows the devotee to perceive Krishna's true nature and infinite greatness.
18,55,How does this teaching on Devotion illustrate the relationship between knowledge and devotion?,This verse illustrates that devotion is the pathway to true knowledge of the divine.
18,55,Who is the speaker conveying the importance of devotion?,Krishna is the speaker.
18,56,How does relying on Krishna help a Karmayogi in their actions?,Relying on Krishna helps a Karmayogi because it means placing complete trust and faith in divine guidance.
18,56,"What does the term 'eternal, imperishable state' signify in the context of this teaching?","The 'eternal, imperishable state' refers to the ultimate spiritual goal, which is liberation or Moksha."
18,56,What role does Krishna's grace play in a Karmayogi's journey according to this teaching?,"Krishna's grace is pivotal in a Karmayogi's journey as it enables them to attain the eternal, imperishable state."
18,56,What is the significance of performing all actions while depending on Krishna?,Performing all actions while depending on Krishna signifies a life of devotion and surrender.
18,56,Why is it essential for a spiritual practitioner to seek an 'imperishable state' as?,Seeking the 'imperishable state' is essential for a spiritual practitioner because it represents the ultimate freedom from the transient nature of worldly existence.
18,57,To whom should one resign all their duties mentally?,One should resign all their duties mentally to Krishna.
18,57,What is meant by taking recourse to Yoga in the form of even-mindedness?,Taking recourse to Yoga in the form of even-mindedness means adopting a balanced approach to life.
18,57,How does being solely devoted to Krishna help in life according to this teaching?,Being solely devoted to Krishna helps one focus their mind and heart on a higher purpose.
18,57,Why is it suggested to mentally resign all duties to Krishna?,Mentally resigning all duties to Krishna is suggested as it represents surrendering one's ego and control.
18,57,What is the significance of constantly giving your mind to Krishna?,Constantly giving your mind to Krishna signifies unwavering devotion and focus on the divine.
18,58,What does Krishna say will happen if one gives their mind to Him?,"Krishna says that if one gives their mind to Him, they shall overcome all difficulties by His grace."
18,58,How does Krishna describe the consequence of acting out of egotism?,Krishna describes that if one acts out of egotism and does not listen to His words.
18,58,Why does Krishna emphasize the importance of surrendering one's mind to Him?,Krishna emphasizes surrendering one's mind to Him as it ensures divine guidance and support.
18,58,What does 'tide over all difficulties by My grace' imply in practical terms?,This implies that by aligning one's thoughts and actions with Krishna's teachings.
18,58,What philosophical lesson does Krishna impart regarding egotism?,Krishna imparts that egotism leads to one's downfall.
18,59,Why does Krishna say that thinking 'I will not fight' is based on egoism?,Krishna points out that the decision to avoid fighting stems from an attachment to one's ego.
18,59,What does Krishna mean by 'your nature will compel you to engage in battle'?,Krishna refers to the intrinsic qualities and duties that are inherent within one's nature.
18,59,How can one understand the concept of false determination as mentioned?,False determination arises when decisions are made based on ego-driven desires rather than alignment with one's true nature and duties.
18,59,What does 'taking shelter in egoism' signify in the context of this verse?,'Taking shelter in egoism' signifies relying on one's own ego and individualistic desires to make decisions.
18,59,Who is Krishna addressing and what is the significance of this guidance?,"Krishna is addressing Arjuna, who is conflicted about participating in the battle."
18,60,What binds Arjuna to perform actions he does not wish to undertake?,Arjuna is bound by his own duty born of his nature.
18,60,Why does Krishna say that Arjuna will perform actions helplessly?,Krishna explains that due to Arjuna's inherent nature and the duties associated with it.
18,60,What does 'bound by your own duty born of your nature' imply?,This phrase implies that every individual has innate tendencies and responsibilities that are shaped by their nature.
18,60,How can understanding one's nature help in performing one's duties according to this teaching?,Understanding one's nature allows an individual to align with their inherent tendencies.
18,60,Who is being addressed as 'Kaunteya' and what significance does this have?,"Arjuna is being addressed as 'Kaunteya', highlighting his lineage as the son of Kunti."
18,61,Who is described as residing in the hearts of all beings?,The Supreme Lord is described as residing in the hearts of all beings.
18,61,What does it mean that living entities are seated 'as on a machine'?,The phrase 'as on a machine' suggests that living beings are operating within the body which is like a vehicle or machine.
18,61,How does the Supreme Lord influence living entities according to this teaching on Arjuna?,"According to this verse, the Supreme Lord directs the wanderings and actions of all living entities."
18,61,Why does the verse refer to the Supreme Lord's influence as 'maya'?,The term 'maya' in this context refers to the divine energy or illusion through which the Supreme Lord orchestrates the movements and experiences of living entities.
18,61,"How can understanding the Supreme Lord's role in our lives, as described in this?",Understanding that the Supreme Lord resides in our hearts and directs our actions can lead to a sense of surrender and trust.
18,62,Who is Arjuna advised to take shelter in?,Arjuna is advised to take shelter in God alone.
18,62,"What does it mean to take shelter in Him with all your being, as?",Taking shelter in Him with all your being means to completely surrender and devote oneself to God.
18,62,Why is supreme peace and the eternal state promised through His grace?,Supreme peace and the eternal state are promised through His grace because surrendering to God leads to liberation from worldly anxieties and the cycle of birth and death.
18,62,Who is being addressed as 'Bharata'?,"Arjuna is being addressed as 'Bharata', which is a reference to his lineage from King Bharata."
18,62,How can one practically apply the teaching of taking shelter in God to attain?,"One can practically apply this teaching by cultivating faith in God, regularly engaging in prayer and meditation."
18,63,Who is speaking and to whom is the knowledge being explained?,Lord Krishna is speaking to Arjuna.
18,63,"What does 'knowledge, more secret than all secrets' refer to?",The phrase 'knowledge.
18,63,Why does Krishna advise Arjuna to reflect fully on the knowledge given?,Krishna advises Arjuna to reflect fully on the knowledge given because true understanding comes from contemplation and assimilation.
18,63,How can someone 'reflect on this fully' in their own life according to this?,To 'reflect on this fully' in one's own life means to take time to deeply contemplate the teachings and wisdom received.
18,63,What choice does Krishna offer to Arjuna after explaining the knowledge?,"After explaining the knowledge, Krishna offers Arjuna the freedom to choose his own path."
18,64,What does Krishna refer to as 'supremely secret'?,Krishna refers to His words as 'supremely secret.
18,64,Why does Krishna call Arjuna 'extremely dear'?,Krishna calls Arjuna 'extremely dear' to emphasize the deep affection and special bond they share.
18,64,What might be the significance of Krishna offering 'salutary advice' to Arjuna?,The 'salutary advice' implies guidance that is beneficial and healing.
18,64,What is meant by 'the most esoteric of all truths'?,'The most esoteric of all truths' refers to knowledge that is deeply spiritual and not easily accessible to everyone.
18,64,How does the concept of sharing secret knowledge relate to the teacher-student dynamic between?,The sharing of secret knowledge highlights the trust and respect inherent in the teacher-student relationship.
18,65,Who is the speaker addressing and what is the nature of their relationship?,Lord Krishna is speaking to Arjuna.
18,65,What actions does Krishna ask Arjuna to perform?,"Krishna asks Arjuna to fix his mind on Him, be devoted to Him, worship Him, and bow down to Him."
18,65,What is the significance of Krishna's promise?,Krishna's promise signifies the assurance that a devotee who focuses their mind and heart on Him will ultimately attain union with the divine.
18,65,Why does Krishna emphasize devotion and worship?,Krishna emphasizes devotion and worship as they are the means to establish a profound connection with the divine.
18,65,How does the instruction to 'bow down' relate to the concept of humility in?,"The instruction to 'bow down' symbolizes surrender and humility, essential virtues in spiritual practice."
18,66,What does Krishna ask Arjuna to do with all his duties?,Krishna asks Arjuna to resign all his duties to Him and take refuge in Him alone.
18,66,How does Krishna assure Arjuna regarding sins?,"Krishna assures Arjuna that He will absolve him of all sins, encouraging Arjuna not to worry."
18,66,Why does Krishna suggest taking refuge in Him as a path to liberation?,Krishna suggests taking refuge in Him because He embodies the ultimate power and support.
18,66,What is the significance of the phrase 'worry not'?,The phrase 'worry not' signifies Krishna's promise of protection and liberation.
18,66,How does the concept of surrender?,The concept of surrender in this verse encapsulates the essence of devotion and trust in divine guidance.
18,67,Who should not be taught the secret gospel of the Gita according to this?,"The secret gospel of the Gita should not be imparted to someone who lacks penance, devotion."
18,67,What qualities make a person unworthy of receiving the teachings of the Gita?,"A person is considered unworthy of receiving the teachings of the Gita if they lack penance, devotion."
18,67,Why is a person who finds fault with Krishna advised against receiving the teachings?,A person who finds fault with Krishna is advised against receiving the teachings because such a mindset closes the heart to understanding and accepting divine wisdom.
18,67,What is meant by 'a willing ear' in the context of this teaching on?,A 'willing ear' refers to the readiness and eagerness to listen and absorb the teachings with an open mind and heart.
18,67,How does devotion influence one's ability to understand the teachings of the Gita?,Devotion opens the heart and mind to divine wisdom.
18,68,Whose teachings are being referred to as the 'most profound gospel'?,"The teachings referred to as the 'most profound gospel' are those of Krishna, which are contained in the Bhagavad Gita."
18,68,Why does Krishna emphasize the importance of preaching the 'most profound gospel' among devotees?,Krishna emphasizes this to encourage the dissemination of divine wisdom.
18,68,What does 'offering the highest love to Me' imply in the context of this?,"'offering the highest love to Me' implies a deep, selfless devotion to Krishna."
18,68,How does the promise of 'coming to me alone' reflect the philosophy of devotion?,The promise of 'coming to me alone' underscores the Gita's philosophy that ultimate liberation and unity with the divine are achieved through sincere devotion.
18,68,What role do devotees play according to this verse in sharing the 'most profound?,Devotees play a crucial role as carriers of divine wisdom.
18,69,Who is considered to perform the most loving service?,The verse describes a person who spreads Krishna's teachings as performing the most loving service.
18,69,What does it mean to be the most dear to Krishna on the entire?,Being the most dear to Krishna means that there is no one else who pleases Him more through their actions and devotion.
18,69,Why is spreading Krishna's teachings considered the highest service?,Spreading Krishna's teachings is considered the highest service because it helps guide others towards spiritual enlightenment and a deeper understanding of life.
18,69,What can we learn about devotion from the idea that no one is dearer?,This highlights the importance of selfless service and devotion in spiritual practice.
18,69,"Who is speaking in Chapter 18, Verse 69, and what is being conveyed?",Krishna is speaking to Arjuna.
18,70,Who is considered to be worshipped through the study of the sacred dialogue?,Krishna is considered to be worshipped through the study of the sacred dialogue in the form of the Gita.
18,70,What is the significance of the term 'sacrifice of knowledge' mentioned?,The 'sacrifice of knowledge' refers to the act of studying and understanding the teachings of the Gita.
18,70,How does studying the dialogue between Krishna and Arjuna serve as a form of?,Studying the dialogue serves as a form of worship because it involves dedicating oneself to understanding divine wisdom.
18,70,Whose opinion is expressed regarding the study of the Gita?,The opinion expressed regarding the study of the Gita is Krishna's.
18,70,What does the phrase 'sacred dialogue of ours' refer to?,The phrase 'sacred dialogue of ours' refers to the conversation between Krishna and Arjuna in the Bhagavad Gita.
18,71,What is the significance of listening to the Gita with reverence?,Listening to the Gita with reverence signifies an open and respectful attitude towards the teachings.
18,71,What does 'liberated from sin' imply in the context of this teaching on Gita?,'Liberated from sin' implies that by listening to the Gita with sincerity and without fault-finding.
18,71,How does the act of hearing the Gita relate to reaching 'the happy worlds?,Hearing the Gita with faith and without criticism connects the listener to the divine wisdom of the text.
18,71,Why is an 'uncarping spirit' important when listening to spiritual teachings like the Gita?,An 'uncarping spirit' is crucial because it allows one to absorb spiritual teachings without bias or preconceived judgments.
18,71,Who benefits from listening to the Gita and how?,It is indicated that anyone who listens to the Gita with faith and without seeking faults benefits immensely.
18,72,Who is referred to as Partha and Dhananjaya?,Partha and Dhananjaya both refer to Arjuna.
18,72,What is Krishna asking Arjuna about his state of mind?,Krishna is inquiring if Arjuna has listened to His teachings with a concentrated mind and if the delusion arising from ignorance has been dispelled from him.
18,72,Why does Krishna emphasize listening with a 'concentrated mind' in his question to Arjuna?,Krishna emphasizes a 'concentrated mind' to highlight the importance of focus and mindfulness when receiving profound teachings.
18,72,What does Krishna mean by 'delusion born of ignorance' in this context?,The 'delusion born of ignorance' refers to the misconceptions and misunderstandings that cloud one's judgment and prevent clear perception of reality.
18,72,How can one apply the concept of dispelling delusion through concentrated listening in daily?,"To apply this concept, one can practice active listening and mindfulness in daily interactions and while learning new information."
18,73,Who is Arjuna addressing when he expresses that his delusion has fled?,Arjuna is addressing Lord Krishna when he expresses that his delusion has fled.
18,73,What does Arjuna mean by saying 'my delusion has fled'?,"By saying 'my delusion has fled', Arjuna means that his previous confusion and doubts have been cleared away."
18,73,Why does Arjuna say he will do Krishna's bidding?,Arjuna says he will do Krishna's bidding because he has regained his clarity and confidence.
18,73,How does Arjuna describe his state of mind after receiving Krishna's guidance?,Arjuna describes his state of mind as one without doubts and with regained memory.
18,73,What philosophical lesson can be drawn from Arjuna's transformation?,The philosophical lesson in Arjuna's transformation is the power of divine guidance in overcoming ignorance and doubt.
18,74,Who is speaking about the conversation between Sri Krsna and Arjuna?,Sanjaya is the speaker.
18,74,What does Sanjaya find thrilling about the conversation between Sri Krsna and Arjuna?,Sanjaya describes the conversation between Sri Krsna and Arjuna as mysterious and thrilling.
18,74,Why does Sanjaya refer to Arjuna as 'high-souled'?,Sanjaya refers to Arjuna as 'high-souled' to acknowledge his noble character and spiritual potential.
18,74,What is the significance of Sanjaya hearing the conversation between Sri Krsna and Arjuna?,Sanjaya's ability to hear the conversation signifies his unique role as a divine instrument to convey the teachings of the Bhagavad Gita.
18,74,How can the description of the conversation as 'mysterious' and 'thrilling' affect a spiritual?,For a spiritual seeker.
18,75,Who is credited with bestowing the divine vision to the speaker?,"The speaker, Sanjaya, credits Sri Vyasa with bestowing the divine vision upon him."
18,75,What did Sanjaya hear by the grace of Sri Vyasa?,"By the grace of Sri Vyasa, Sanjaya heard the supremely esoteric gospel imparted by the Lord of Yoga."
18,75,How does the phrase 'supremely esoteric gospel' emphasize the nature of Krishna's teachings?,The phrase 'supremely esoteric gospel' suggests that Krishna's teachings are profound and not easily accessible to everyone.
18,75,Why is divine vision important in understanding spiritual teachings according to this teaching on?,Divine vision is important because it allows one to perceive and understand spiritual truths that are beyond ordinary sensory perception.
18,75,What is the significance of Sri Krishna being referred to as the 'Lord of?,Referring to Sri Krishna as the 'Lord of Yoga' highlights His mastery and deep understanding of yoga.
18,76,Who is rejoicing by remembering the conversation between Krishna and Arjuna?,Sanjaya is the one rejoicing by remembering the sacred and mystic conversation between Bhagavan Sri Krishna and Arjuna.
18,76,What is the nature of the conversation mentioned in Verse 76?,"Sacred, mystic, and beneficial."
18,76,Why does Sanjaya feel joyful when recalling the conversation between Krishna and Arjuna?,Sanjaya feels joyful because the conversation is filled with divine wisdom and spiritual truths.
18,76,"Who is the recipient of Sanjaya's narration in Verse 76, and what is the?",Sanjaya is addressing King Dhritarashtra.
18,76,What does the repetition of remembrance in Verse 76 signify for a spiritual seeker?,The repetition of remembrance signifies the importance of continually revisiting spiritual teachings to deepen one's understanding and joy.
18,77,Who is expressing wonder and joy?,It is Sanjaya who is expressing his wonder and joy as he remembers the divine form of Sri Krishna.
18,77,What feeling does Sanjaya experience when recalling the form of Sri Krishna?,Sanjaya experiences a profound sense of wonder and joy when he recalls the magnificent and wonderful form of Sri Krishna.
18,77,Why does the memory of Sri Krishna's form cause Sanjaya to feel such wonder?,The memory of Sri Krishna's form causes Sanjaya to feel wonder because it is a divine.
18,77,What is the significance of Sanjaya remembering Sri Krishna's form repeatedly?,The repeated remembrance of Sri Krishna's form signifies the deep impact and profound transformation that divine experiences can have on an individual.
18,77,"How can recalling divine experiences, like Sanjaya does with Krishna's form, influence one's life?","Recalling divine experiences, as Sanjaya does, can profoundly influence one's life by providing a source of inspiration and joy."
18,78,Who is referred to as the 'Lord of Yoga'?,Bhagavan Sri Krishna is referred to as the 'Lord of Yoga'.
18,78,What qualities and outcomes are mentioned in conjunction with Krishna and Arjuna?,"The verse mentions that wherever Krishna and Arjuna are present, there is goodness, victory, glory, and unfailing righteousness."
18,78,Why is Arjuna described as the 'wielder of the Gandiva bow'?,Arjuna is described as the 'wielder of the Gandiva bow' to highlight his prowess as a warrior and his readiness for battle.
18,78,What does the phrase 'unfailing righteousness' signify in the context of this teaching on?,"The phrase 'unfailing righteousness' signifies a moral and ethical path that remains steadfast, regardless of challenges."
18,78,How can the presence of Krishna and Arjuna in one's life lead to victory?,The presence of Krishna and Arjuna symbolizes the integration of divine wisdom and committed action.
