chapter_no,verse_no,translation
1,1,"Dhritarashtra said: O Sanjaya, what did my sons and Pandu's sons do, assembled in Kurukshetra, the land of Dharma?"
1,2,"Sanjayu Palikenu: Duryodhana, seeing the Pandava army stationed in military strategy, approached his teacher Dronacharya and said this."
1,3,"Duryodhana spoke:  Respected Guruvarya! Behold this great army of Pandavas, most strategically held by your dear disciple, the son of Drupada."
1,4,"Look at the many mighty warriors in the army on their side - like Yuudhana, Virata and Drupada who wear great bows and are equal to Bhimarjuna. There were the mighty Dhrishtaketa, Chekita, the heroic Kasiraja, Purujittu, Kuntibhoja and Saibya - all of them the best of men. As in their army - the brave Yudhamanya, the heroic Uttamauja, the son of Subhadra, the sons of Draupadi - all these were warriors."
1,5,"Look at the many mighty warriors in the army on their side - like Yuudhana, Virata and Drupada who wear great bows and are equal to Bhimarjuna. There were the mighty Dhrishtaketa, Chekita, the heroic Kasiraja, Purujittu, Kuntibhoja and Saibya - all of them the best of men. As in their army - the brave Yudhamanya, the heroic Uttamauja, the son of Subhadra, the sons of Draupadi - all these were warriors."
1,6,"Look at the many mighty warriors in the army on their side - like Yuudhana, Virata and Drupada who wear great bows and are equal to Bhimarjuna. There were the mighty Dhrishtaketa, Chekita, the heroic Kasiraja, Purujittu, Kuntibhoja and Saibya - all of them the best of men. As in their army - the brave Yudhamanya, the heroic Uttamauja, the son of Subhadra, the sons of Draupadi - all these were warriors."
1,7,"O Brahmin, hear also of the chief warriors on our side, who are most worthy of leaders. I am telling you about them now for your interest."
1,8,"You, Bhishma, Karna, Kripacharya, Ashwatthama, Vikarna and Bhurishrava - all of them are ever victorious in battle."
1,9,"Many more warriors are ready to lay down their lives for me. Armed with many weapons, all of them are proficient in martial arts."
1,10,"Our military strength is unlimited and we are protected by father Bhishma, but the Pandava army protected by Bhima is limited."
1,11,"Therefore, I call upon all Kaurava Sena leaders to protect your strategic positions and render full cooperation to Bhishma Pitamahu."
1,12,"Then Bhishma, the great progenitor of the Kuru clan, roared like a lion and filled his conch with a loud noise; This made Duryodhana happy."
1,13,"After that conches, drums, tambourines, bheris and horn instruments sounded at once, the sound of all of them together was terrifying."
1,14,"Then, from the midst of the Pandava army, seated in a splendid chariot full of white horses, Madhava and Arjuna filled their divine conchshells."
1,15,"Hrishikesh filled the conch known as 'Panchajanyam'. Arjuna fills Devadatta. A great eater and a doer of the most difficult tasks, Bhima filled a gigantic conch called 'Poundram'."
1,16,"Oh ruler of the earth! Maharaja Yudhishthira completed Anantavijaya. Nakula Sahadeva, Sughosha filled the manipushpakams. The five sons of the great archer King Kasi, the charioteer Sikhandi, Dhrishtadyumna, Virata, the invincible Satyaki, Drupada, and Draupadi; Strong-armed, Abhimanyu, the son of Subhadra, all filled their conch shells."
1,17,"Oh ruler of the earth! Maharaja Yudhishthira completed Anantavijaya. Nakula Sahadeva, Sughosha filled the manipushpakams. The five sons of the great archer King Kasi, the charioteer Sikhandi, Dhrishtadyumna, Virata, the invincible Satyaki, Drupada, and Draupadi; Strong-armed, Abhimanyu, the son of Subhadra, all filled their conch shells."
1,18,"Oh ruler of the earth! Maharaja Yudhishthira completed Anantavijaya. Nakula Sahadeva, Sughosha filled the manipushpakams. The five sons of the great archer King Kasi, the charioteer Sikhandi, Dhrishtadyumna, Virata, the invincible Satyaki, Drupada, and Draupadi; Strong-armed, Abhimanyu, the son of Subhadra, all filled their conch shells."
1,19,"O Dhritarashtra, the earth and heavens trembled at that terrible sound; It broke the hearts of your sons."
1,20,"At that time, Arjuna, the son of Pandu, who had the symbol of Hanuman on his chariot flag, took his bow. Seeing your sons standing in front of Samara, O king, Arjuna said to Sri Krishna."
1,21,"Arjuna said this. Achyuta (Sri Krishna), please stop my chariot between the two armies. In this great struggle, I must test who is standing on the battlefield and who is to fight."
1,22,"Arjuna said this. Achyuta (Sri Krishna), please stop my chariot between the two armies. In this great struggle, I must test who is standing on the battlefield and who is to fight."
1,23,I want to see all those who have come to war on his side to please the mischievous Dhritarashtra's son.
1,24,"Sanjaya said: O Dhritarashtra, thus, as requested by Arjuna, conqueror of sleep, Sri Krishna drove that glorious chariot between the two armies."
1,25,"In the presence of Bhishma, Dronacharya and other kings, Lord Krishna said, ""O Partha, see the Kurus clan gathered here""."
1,26,"There Arjuna saw his fathers, grandfathers, teachers, uncles, brothers, cousins, sons, grandsons, friends, uncles and well-wishers who were in both armies."
1,27,"Arjuna, the son of Kunti, seeing all his relatives there, filled with compassion, uttered this in great sorrow."
1,28,"Arjuna said: O Krishna, seeing my relatives ready for battle and trying to kill each other, my limbs fail and my mouth dries up."
1,29,"My whole body was shaking; Hair is getting thick.  My bow, the gandivam, slips away and all my skin is missing. My mind is wandering in a state of confusion. I can't hold myself steady anymore. O Krishna, slayer of the demon Kesi (Kesavah), there are ominous omens everywhere. Killing one's own kinsmen in this war, I fail to see how any good can come of it."
1,30,"My whole body was shaking; Hair is getting thick.  My bow, the gandivam, slips away and all my skin is missing. My mind is wandering in a state of confusion. I can't hold myself steady anymore. O Krishna, slayer of the demon Kesi (Kesavah), there are ominous omens everywhere. Killing one's own kinsmen in this war, I fail to see how any good can come of it."
1,31,"My whole body was shaking; Hair is getting thick.  My bow, the gandivam, slips away and all my skin is missing. My mind is wandering in a state of confusion. I can't hold myself steady anymore. O Krishna, slayer of the demon Kesi (Kesavah), there are ominous omens everywhere. Killing one's own kinsmen in this war, I fail to see how any good can come of it."
1,32,"O Krishna, I do not want victory, kingdom, or the happiness that comes from them. What is the use of the kingdom, of the pleasures, of this life, when those for whom we want all this are fighting against us?"
1,33,"O Krishna, I do not want victory, kingdom, or the happiness that comes from them. What is the use of the kingdom, of the pleasures, of this life, when those for whom we want all this are fighting against us?"
1,34,"Gurus, fathers, sons, uncles, grandsons, uncles, brothers-in-law and other relatives risk their lives and money and come here.  O Madhusudana, even if they attack me I will not kill them. If we kill the sons of Dhritarashtra and gain dominion over the mountains, what satisfaction will we have, and what will I say for the sake of this earth?"
1,35,"Gurus, fathers, sons, uncles, grandsons, uncles, brothers-in-law and other relatives risk their lives and money and come here.  O Madhusudana, even if they attack me I will not kill them. If we kill the sons of Dhritarashtra and gain dominion over the mountains, what satisfaction will we have, and what will I say for the sake of this earth?"
1,36,"O Janardhana (protector and patron of all demons), how can we be happy after killing the sons of Dhritarashtra? Even if they are evil aggressors, if we kill them, we will surely be covered with sin. So it is not proper for us to kill Dhritarashtra's sons and friends. O Madhva (Krishna), how can we be happy by killing our own?"
1,37,"O Janardhana (protector and patron of all demons), how can we be happy after killing the sons of Dhritarashtra? Even if they are evil aggressors, if we kill them, we will surely be covered with sin. So it is not proper for us to kill Dhritarashtra's sons and friends. O Madhva (Krishna), how can we be happy by killing our own?"
1,38,"They see no fault in greed corrupting their thoughts and destroying their relatives, or in betraying their friends by taking sides. But, O Janardhana, why should not we, who can clearly see the error in killing ourselves, avoid this sinful act?"
1,39,"They see no fault in greed corrupting their thoughts and destroying their relatives, or in betraying their friends by taking sides. But, O Janardhana, why should not we, who can clearly see the error in killing ourselves, avoid this sinful act?"
1,40,"When the lineage is destroyed, all lineages disappear; The rest of the family members are unrighteous."
1,41,"Due to the predominance of vices, O Krishna, caste women become unrighteous, and due to the immoral conduct of women, O Vrishni, unwanted offspring are born."
1,42,"Due to the increase of unwanted children, the caste and also those who destroyed the caste will be in hell. Even those depraved lineage ancestors will fall because of Shraddha tarpanams."
1,43,Many social and family welfare virtues are destroyed due to their evil deeds which destroy the family tradition and cause unwanted children.
1,44,"O Janardhana (Krishna), I have heard from the scholars that those who destroy castes will remain in hell indefinitely;"
1,45,"Oops! What a surprise, we decided to commit this great sin. We are ready to kill our own relatives for the pleasures of the kingdom. Even if the sons of Dhritarashtra, armed with weapons, slay me unarmed and unresisting on the battlefield, better than this."
1,46,"Oops! What a surprise, we decided to commit this great sin. We are ready to kill our own relatives for the pleasures of the kingdom. Even if the sons of Dhritarashtra, armed with weapons, slay me unarmed and unresisting on the battlefield, better than this."
1,47,"Sanjaya uttered: Thus uttered Arjuna, in a state of dejection, deeply grieved, threw aside his arrows and bow, and collapsed in the chariot."
2,1,"Sanjaya spoke: Seeing Arjuna full of pity, with a sorrowful heart and eyes full of water, Lord Krishna spoke thus."
2,2,"Sri Bhagavan said: Dear Arjuna, at such a critical time, how did this illusion of mind hide itself? This is unbecoming of a respectable person. This does not lead to the best results, but it can lead to scandal."
2,3,"O Partha, it is not fit for you to surrender to this cowardly self. Abandon this wretched weakness of heart, and go forth to battle, O conqueror of foes."
2,4,"Arjuna said: O Madhusudana, how can I shoot arrows in battle against the venerable Bhishma and Dronacharya? O destroyer of enemies."
2,5,"It is better to live as a beggar than to kill these elders who are my teachers and enjoy these pleasures. If we kill them, our wealth, pleasures, and blood will be tainted."
2,6,"We do not even know which outcome of this war is better for us - to conquer them or to be conquered by them. Even after killing them we don't feel like living. However, they joined the side of Dhritarashtra and stood in front of us on the battlefield."
2,7,I did not know what my duty was and anxiety and timidity seized me. I am your disciple and your devotee. Teach me what is really good for me.
2,8,"There is no way to get rid of this grief that dries up my senses. Even if I win an opulent, unrivaled kingdom on this earth and rule like the gods, I cannot remove this sorrow."
2,9,"Sanjaya spoke: thus Gudakesha, the chastiser of enemies, fell silent, saying to Hrishikesh: ""Govinda, I will not fight."""
2,10,"O Dhritarashtra! After that, in the midst of the two armies, Lord Krishna spoke to the grieving Arjuna."
2,11,The Lord said: You speak words of wisdom but mourn for that which should not be mourned.  The wise mourn neither the dead nor the living.
2,12,"There was no time when I, but you, and all these kings were not; We will not be absent even before."
2,13,"However, just as the soul in the body passes through childhood, youth and old age respectively, similarly at the time of death, the soul enters another body (body). Wise people do not worry about this."
2,14,"O son of Kunti, due to association with sense-objects, the senses seem to have fleeting, eternal pleasures and sorrows. These are infinities; They come like summer and winter. O descendant of Bharata, learn to bear these things without getting upset."
2,15,"O Arjuna, the best of men, he who is unaffected by pleasures and sorrows, and is unmoved by both, is worthy of salvation."
2,16,That which is transitory has no permanence and that which is eternal has no end. Philosophers who have studied the nature of these two have observed this fact.
2,17,Know that it is indestructible which pervades the whole body. No one can destroy the impermanent soul.
2,18,"Only this physical body is perishable; But the Jivatma is imperishable, immeasurable and Sanatana (Eternal). Therefore, O descendant of Bharata, fight."
2,19,"He who thinks that the soul kills others and he who thinks that the soul is killed by others are both ignorant. Indeed the soul does not kill anyone, nor is it killed by anyone."
2,20,"The soul has no birth and never dies. Once was and will never cease to be. Atman is birthless, eternal, eternal and ageless. When the body perishes it does not perish."
2,21,"O Partha, who knows that the soul is indestructible, eternal, without birth and death, how can he kill (anyone)? How can he be the cause of death?"
2,22,"Just as a human being discards his worn-out old clothes and puts on new clothes, so the soul at the time of death leaves the old body and assumes a new body."
2,23,"This soul, weapons cannot break, fire cannot burn, water cannot destroy, wind cannot destroy."
2,24,"Spirit, unbroken and unburnt; It cannot be wetted (by water), nor can it be dried. It is eternal, all-pervading, immutable, immutable and eternal."
2,25,"Atman is immanent (unseen), unimaginable and immutable. Knowing this you should not grieve for the body."
2,26,"But even if you think that the soul undergoes repeated births and deaths, O great-armed one, you should not mourn like this."
2,27,"One who is born is bound to die, and one who dies is bound to be reborn. So do not grieve for this inevitable thing."
2,28,"O descendant of Bharata, all created beings are unmanifest before birth, unmanifest during life, and unmanifest after death. So why mourn?"
2,29,"Some see this spirit as wonderful, some describe it as wonderful, some hear that the spirit is wonderful, and others, even after hearing, do not understand anything about it."
2,30,"O Arjuna, the soul within the body is immortal; So you should not mourn for any creature."
2,31,"Further, following your Kshatriya sva-dharmam you should not waver. In fact, a Kshatriya has no other duty than to fight for the preservation of Dharma."
2,32,"O Partha, the Kshatriyas are fortunate, given the opportunity to preserve the Dharma without seeking it. It is an open door to heaven for them."
2,33,"But if you leave your self-righteousness and glory and refuse to fight this righteous war, you will surely become a sinner."
2,34,People call you a coward and a deserter. To an honorable man dishonor is worse than death.
2,35,"Great are you in the eyes of the great charioteers, who, fearing you, flee from the battlefield. You will lose their respect for you."
2,36,"Your enemies will slander you and insult you with cruel words, thereby diminishing your greatness. Ugh, is there anything more painful than this?"
2,37,"If you fight, you will die a heroic death on the battlefield and go to heaven, or you will enjoy this kingdom as a victor. Therefore, be determined, O son of Kunti, and prepare for battle."
2,38,"Take the joys and sorrows, profit and loss equally - fight as duty. By performing your duties in this way you will never feel guilty."
2,39,"So far I have explained to you Sankhya Yoga, i.e., the analytical knowledge of Atma Tattva. Now listen, O Partha, I will explain Buddhi Yoga. When you act with this awareness you will be freed from karmic bonds."
2,40,"When working with this perspective, there is no harm but opposite results. Even a little practice can save us from big dangers."
2,41,"O descendant of Kuru, those on this path are steadfast in their minds, their goal is one. But, the mind of those who are not fixed will be in the way of surroundings."
2,42,"Those of limited understanding are attracted by the seductive words of the Vedas, which refer to pretentious rituals for the attainment of the heavenly world, and think that there is nothing higher in it. They glorify those parts of the Vedas that bring them sensual pleasures and perform extravagant rituals for higher birth, wealth, sensual pleasures, access to the heavenly world, etc."
2,43,"Those of limited understanding are attracted by the seductive words of the Vedas, which refer to pretentious rituals for the attainment of the heavenly world, and think that there is nothing higher in it. They glorify those parts of the Vedas that bring them sensual pleasures and perform extravagant rituals for higher birth, wealth, sensual pleasures, access to the heavenly world, etc."
2,44,"With much attachment to worldly pleasures and pleasures, their minds become delusional and they cannot have the firm will required for success in the path of Bhagavadprapti."
2,45,"Arjuna, the Vedas explain the three-fold subjectivity of physical nature. Be thou in a state of pure spiritual knowledge beyond these trigunas. Detach from dualities, be eternally established in the Supreme Truth, and remain steadfast in the sense of self, regardless of material gains and security."
2,46,All the advantages of a small water well can naturally be obtained with a large pool of water. In this way he who knows the supreme truth and attains Bhagavat attains the goal of all the Vedas.
2,47,"You have the authority to perform the ritual duty prescribed by Shastra, but you have no right over the fruits of that karma.  Never think that you are the reason for the fruits of karma and do not be interested in doing the karmas that should be done."
2,48,"Be steadfast in the performance of your duty, O Arjuna. Such equanimity is called yoga."
2,49,"Take refuge in divine spiritual knowledge. O Arjuna, give up fruitive actions; They are of a lower order than those which keep the mind fixed in spiritual divine knowledge. Those who want to enjoy the fruits of their karma are greedy/hungry."
2,50,"One who wisely practices this Karma Shastra will renounce both the virtues and sins in this very birth. So practice yoga, which means working with skill (with right attitude)."
2,51,"The wise, possessing equanimity, have renounced mamkara-interests in the fruits of karma that bind them in the cycle of birth and death. By working with such a feeling, one attains a state of sorrowlessness."
2,52,"Only when your mind is freed from the quicksand of passion, do you feel disillusioned with what you have heard so far and what you are going to hear. (In the case of pleasures of this world)."
2,53,"When your mind is fixed on God instead of being attracted to the Vedic sections that tell the stems of Kamya Karma, then you will attain the state of complete yoga."
2,54,"Arjuna said: O Kesava, what is the disposition of one who is steady (sthitaprajna) of Bhagavat dhyasa nande?  How does an enlightened person speak? How does he sit? How does he walk?"
2,55,"Lord Palikenu said: O Partha, when one is satisfied in the knowledge of the Self, abandoning all selfish interests and sensual desires that torment the mind, that person is called Stitha Prajna."
2,56,"He who is not disturbed even in the midst of sorrows, who is born for pleasures; One who has given up anger, fear and anger is called a wise sage."
2,57,"He who is disinterested in all situations, does not rejoice in good fortune and is not depressed by hardships, is a sage of perfect knowledge."
2,58,"He who can withdraw the senses from their objects, as a tortoise withdraws its limbs into its shell, is fixed in divine spiritual knowledge."
2,59,"Even if the Sadhaka controls the senses from the objects of pleasure, the taste remains for the objects of the senses. But, when you understand the philosophy of Bhagwat, that taste also ends."
2,60,"The senses are so forceful and turbulent that they can forcibly seize the mind of even a wise and self-controlled sadhaka, O son of Kunti."
2,61,"Those who keep their senses under control and always fix their mind on Me, they are in perfect knowledge."
2,62,"Dwelling on sense objects increases lust for them. This interest gives rise to desires, and from those desires arises anger."
2,63,"Anger leads to indiscretion, which causes illusory memory. When there is amnesia, the mind perishes. When the mind perishes, man falls."
2,64,One who controls the mind and is free from mamkara-dwesha even while using sense objects/objects is eligible for the grace of God.
2,65,By Bhagwat's grace one gets the supreme peace in which all sorrows are removed. Thus the intellect of one with a happy mind is quick and fixed in God.
2,66,"One who is undisciplined and does not control the mind and senses, there is no stable intellect, no steady meditation of Bhagavat. He who never unites his mind with God has no peace. How can one who lacks peace of mind be happy?"
2,67,"Just as a strong wind pushes a boat off its course in water, it drains the mind if the mind is concentrated on any one sense."
2,68,"Therefore, O Arjuna, one with mighty arms, one who has completely restrained the senses from the senses, is steadfast in spiritual knowledge."
2,69,"What is day for all demons is the night of ignorance for the scholar, and what is night for all demons is day for the introverted sage."
2,70,"Even though many rivers are eternally converging within him, as the ocean is still/tranquil, similarly many desirable objects keep coming around him, the unmoved Yogi attains peace; A person who strives to satisfy desires does not get it."
2,71,"One who renounces all worldly desires, without greed, without sense of I/mine, without ego, such a person attains perfect tranquility."
2,72,"O Partha, what is the state of an enlightened soul, once enlightened it never again falls into delusion.  Even at the time of death, such a person who is steadfast in this wisdom, is freed from the cycle of birth and death and reaches the divine abode of that Lord."
3,1,"Arjuna said: O Janardhana, if knowledge is better than karma, then why do you want me to fight this terrible battle? My mind was bewildered by your vague instruction. Kindly instruct me that one way which will bring me the best prosperity."
3,2,"Arjuna said: O Janardhana, if knowledge is better than karma, then why do you want me to fight this terrible battle? My mind was bewildered by your vague instruction. Kindly instruct me that one way which will bring me the best prosperity."
3,3,"The Lord thus spoke: O sinless one, there are two paths to Bhagavat-prapti (enlightenment) which have been told by me earlier: the path of knowledge for those interested in meditative devotion; Karma Marga for those interested in work."
3,4,"Man cannot be freed from karmic bondage (pratikriya) without performing karmas. Also, only through external (physical) asceticism one attains Jnana Siddhi."
3,5,"No one can stop practicing karma even for a single moment. In fact, all living beings are motivated by their inherent nature (tri-gunas) to perform karma."
3,6,"Those who keep their external senses under control, but think only about the things of the senses in their minds, are self-deluders, and such people are called hypocrites."
3,7,"But, Arjuna, the Karma Yogis who control their sense organs with the mind and work without mamkara/interests with the Karmandriyas, are truly excellent."
3,8,"So you should perform the prescribed duty in accordance with the Vedas, because doing things is better than inaction (abiding).  Even maintenance of the body is not possible due to leaving out activities."
3,9,"Works should be done like a yajna, an offering to Bhagavat, or else those works will tie us in karmic bonds in this world.  Therefore, O son of Kunti, perform the duties assigned to you, without interest in their results, for the satisfaction of God."
3,10,"At the beginning of creation, Lord Brahma, who created mankind along with their duties, said, ""Prosper by performing these yajnas. These fulfill all your desires."""
3,11,Gods will be pleased by your yajnas. The mutual cooperation of Gods and humans brings prosperity to all.
3,12,"The deities, who are satisfied with the performance of yajnas, bestow all that is necessary for the maintenance of life. Those who enjoy what is given to them, without reporting it back to the gods, are thieves indeed."
3,13,The spiritual minded good men who eat only the rest of the food reported first in the Yajna will be freed from all sins. Those who cook rice for their own pleasure eat sin.
3,14,All living things live on food and food is produced by rains. By performing yajnas rain falls and by performing prescribed duties (vihita karmas) yajna is born.
3,15,"The prescribed karmas (duties) of human beings are enunciated in the Vedas, and the Vedas are revealed from the Lord Himself.  Therefore, the all-pervading Lord is always present in the yajna activities."
3,16,Those who do not fulfill their obligation in this yajna cycle prescribed by the Vedas are sinners. They live only for their sensual pleasures; So their life is wasted.
3,17,"But those who are happy in the soul, with perfect knowledge and contented in the soul, have no duty."
3,18,Such enlightened souls have nothing to gain or lose (gains and losses) from doing or not doing their duties (karmas).  There is no need for them to depend on other beings for their selfish benefit.
3,19,"So, abandon the bonds of mamkara, be disinterested and perform your tasks as a duty.  By working without interest in the fruits of karma, a human being can reach that Supreme Self."
3,20,"By performing their dharmas (prescriptive actions), people like Janaka Maharaja attained siddhi. You should also do your duty to set a good example to the world. Common people imitate what the great do. The standard they set is followed by the whole world."
3,21,"By performing their dharmas (prescriptive actions), people like Janaka Maharaja attained siddhi. You should also do your duty to set a good example to the world. Common people imitate what the great do. The standard they set is followed by the whole world."
3,22,"In these three worlds I have nothing to do, Arjuna, nothing to gain, nothing to achieve. But I will continue to do my duties."
3,23,"If I do not carefully perform my prescribed actions, O Partha, all men will follow my path in every way."
3,24,"If I do not perform my duties, all these worlds will be destroyed. I will be responsible for the chaos that will happen, and the human race will be without peace."
3,25,"Just as the ignorant perform their duties with interest in the fruits of karma, O Bharata Vamsiya, the wise should also perform their karmas (for the sake of lokahit), to guide the people aright."
3,26,"The wise should not delude the mind of the ignorant, who perform the karmas with falsakti, by encouraging them not to perform the karmas. Moreover, performing their duties in a state of enlightenment, they should also inspire the ignorant to perform prescribed rituals."
3,27,"All actions are done by the trigunas of nature. But, in ignorance, the soul, thinking that it is this body, thinks that it is the Karta (doer)."
3,28,"O great-armed Arjuna, the wise see the soul as separate from the qualities and karma. Knowing that the gunas (in the form of the senses, the mind) are moving in the gunas (in the material form of sense perception) they are not interested in them."
3,29,"Those who are deluded by the tendency of qualities, are interested in the fruits of their karma. But the wise who understand these truths should not disturb the ignorant."
3,30,"Do all activities as a sacrifice to Me and keep your meditation on Me, the Supreme Lord.  Abandoning hope, self-concern, and mental grief, fight!"
3,31,"Those who follow this teaching of mine with full attention, faith, without questioning, will be freed from karmic bonds."
3,32,"But, those who find faults in this teaching of mine, lack knowledge and discernment, neglect these doctrines and seek their own depravity."
3,33,Wise people also do things according to their nature. All living beings act according to their natural instincts. What is the point of restraining it?
3,34,"The senses naturally have raga aversions to sense objects, but should not be subdued by them, as these are obstacles and enemies to us."
3,35,"It is better to practice one's natural dharma, even if it is flawed, than to do the dharma of others well. In fact, it is good to die in the practice of self-righteousness, but to follow the path of others (doing other dharma) is dangerous."
3,36,"Arjuna said: O Vrishni Vamsiya (Sri Krishna), why is a person induced to do sinful deeds, even if unwillingly, as if taken by some force?"
3,37,"Sri Bhagavanu Palikenu: It is Kama (desires, longings) arising from Rajo guna, which further evolves into anger. Know it as the sin that destroys the world."
3,38,"As fire is covered by smoke, as a mirror is dimmed by dust, as an unborn child is enfolded by pregnancy - one's knowledge is consumed by lust (desire)."
3,39,"Even the wisdom of the wisest is overshadowed by the enemy in the form of desire, which is never satisfied and burns like fire, O son of Kunti."
3,40,"Senses, mind, intellect - these are said to be the seat of desires. By them it obscures the knowledge of the individual and deludes the living soul."
3,41,"Therefore, O great Bharata, exterminate this supremely sinful enemy, kama (desires), which in the first place brings the senses under control and destroys the knowledge."
3,42,"The senses are superior to the gross body, and the mind is superior to the senses. Higher than the mind is the intellect and higher than the intellect is the soul."
3,43,"Thus knowing that the soul is superior to the material intellect, O great-armed one, you (the senses), subdue (by the power of the soul), and slay the mighty enemy of lust."
4,1,Sri Krishna Paramatma said: I told this orthodox Yoga Shastra to Surya Bhagavan Vivasvan. He taught this to Manu and Manu to Ikshvaku.
4,2,"O vanquisher of enemies, the kings thus obtained the science of Yoga in succession. But in course of time it has disappeared (decayed) in this world."
4,3,"I am imparting to you today the same ancient supreme secret, this science of yoga. Because you are my friend and devotee, who can understand this transcendental knowledge."
4,4,"Arjuna said: You were born in what period after Vivasvana. And thou hast taught him this education in the beginning, how should I understand it?"
4,5,"Sri Bhagavan said: Both of us have passed many births. O Arjuna, thou hast forgotten them, but I remember them all, O Parantapa."
4,6,"Even though I am birthless, even though I am the Lord of all beings, and even though I am imperishable, I appear in this world by my divine power, Yogamaya."
4,7,"Whenever dharma declines or unrighteousness prevails, O Arjuna, at that time I create myself in the earth."
4,8,"I will incarnate in this world in every age to protect the righteous, exterminate the wicked, and re-establish the principles of righteousness."
4,9,"Whoever understands the divine nature of my birth and deeds, O Arjuna, they will not be born again after leaving their body, but will come to my eternal abode."
4,10,"Being free from anger-hate-anger, fully established in Me, many who have taken refuge in Me have been purified by My wisdom before and thus obtained My divine love."
4,11,"As men submit to Me, so will I respond to them. Knowing or not, all must follow my path, O Arjuna."
4,12,"Those who are desirous of success in material (worldly) karmas in this world worship the deities, because material rewards are quick."
4,13,"Based on the qualities and activities of people, four types of Vrittis Dharma have been created by Me. Even though I am the creator of this system, know Me as Akarta and Sanatana."
4,14,"Karmas do not speak to me, I am not interested in the fruits of karma either. Those who know Me in this way will not be entangled in karmic bonds."
4,15,"Knowing this truth, those who sought salvation in ancient times also practiced their karmas. So, walking in the footsteps of the ancients, you too do your duty."
4,16,"What is Karma? What is Akarma? Even the wise are at a loss to understand this. Now I will explain to you the secret of karma, by knowing which, you can free yourself from material bonds."
4,17,"Karma, Vikarma, Akarma – you must know the nature of these three – the truth about these is mysterious and difficult to understand."
4,18,"He who sees karma in akarma and akarma in karma is the true sage among human beings. They are yogis and do all their karmas, even if they continue to do all the karmas."
4,19,"Those whose all karmas are beyond the desires of material pleasures and who have burnt all their karmic tribulations in the fire of knowledge are called, by the enlightened Munas, Pandits."
4,20,"Such people, who have renounced interest/attachment to their karmic fruits, are always contented and do not depend on external material things. Whatever they do, even if they are engaged in karmas."
4,21,"One who is despondent, without feeling that nothing is mine, and whose mind is under full control of his senses, does not incur any sin, even if he continues to do karma with his body."
4,22,"Content with whatever comes naturally, free from jealousy, and unaffected by dualities such as pleasure and pain, success and failure—they perform all duties with equanimity and remain unbound by karmic consequences."
4,23,Such are freed from worldly attachments and their mind is fixed in divine spiritual knowledge. Everything they do is Yajna (offering to Bhagavat) so they are freed from all kinds of karmic reaction.
4,24,"For those who are in full Bhagavat Dhyasa, the Homa dravya is Brahman, the stream used to offer it in Yajna is Brahman, the ritual of Yajna is Brahman, and the Yajna fire is also Brahman. Those who see everything as God will attain God easily."
4,25,Some yogis worship the deities by offering material objects. Some others worship completely by offering their souls in the fire of supreme truth.
4,26,Others offer sravana and other senses in a yagna called indriyanigrahana. Others offer sound and other sense objects as burnt in the fire of sense.
4,27,"Some, inspired by wisdom, surrender all their sense activities, and even their life force, in the fire of the restrained mind."
4,28,"Some offer their wealth as a yajna, while others offer strict devotions as a yajna. Some practice the eightfold yoga practice, while others practice strict austerities and study the Vedic scriptures as a yajna to gain knowledge."
4,29,"Others offer the in-breath as a sacrifice of the out-breath; Someone else submits the in-breath to the out-breath. Some are engaged in the control of Prana Shakti and practice Pranayama with devotion to control the incoming and outgoing breaths. Still others, with reduced food, offer the breath as a sacrifice to the Prana Shakti. All those who know such a yajna are purified from their impurities by such processes."
4,30,"Others offer the in-breath as a sacrifice of the out-breath; Someone else submits the in-breath to the out-breath. Some are engaged in the control of Prana Shakti and practice Pranayama with devotion to control the incoming and outgoing breaths. Still others, with reduced food, offer the breath as a sacrifice to the Prana Shakti. All those who know such a yajna are purified from their impurities by such processes."
4,31,"Those who know the secret of Yajna, perform it, receive its immortal essence, and progress towards the Supreme Truth. O noble one of the Kuru clan, those who do not perform any kind of yajna, will not get any happiness either in this world or in the next."
4,32,All these different types of Yajnas are described in the Vedas. Know that they are derived from different types of work. It is this knowledge that negates your physical entanglement.
4,33,"O conqueror of enemies, how much better is a yajna done with knowledge than a yajna done mechanically with money. However, O Partha, all yajna karmas end in knowledge."
4,34,Join a spiritual master and learn the ultimate truth. Humbly ask Him questions and serve Him. Such a great sage can enlighten you because he himself has seen the truth.
4,35,"Following this path and enlightened by the Guru, O Arjuna, you will never again fall into lust. With this illumination of knowledge, you will realize that all living beings are parts (amsa) of God, that they reside in Me."
4,36,Even those who are considered to be the most sinful of all sinners can cross this worldly space by staying in the boat of spiritual divine knowledge.
4,37,"As a blazing fire consumes firewood, so, O Arjuna, the fire of knowledge consumes all miseries arising from material actions."
4,38,"There is nothing else in this world that the Pavitramoner can do better than divine spiritual knowledge. After attaining Antahkarana Shuddhi with long yoga practice, this knowledge is acquired in the heart of the practitioner in the order of time."
4,39,Those who have deep devotion and practice controlling their senses acquire divine spiritual knowledge. With such excellent transcendental knowledge they quickly attain eternal supreme peace.
4,40,Those who lack knowledge and faith and have a doubting nature will fall away. Those who have no faith and doubt will have no happiness in this world or in the Hereafter.
4,41,"O Arjuna, those who have renounced karma in the fire of yoga, have all their doubts cleared by knowledge, and who are in the knowledge of the self, are not bound by karma."
4,42,"So, with the sword of knowledge, cut the doubts in your heart. O descendant of Bharata, be steadfast in Karma Yoga. Lemmu, do your duty."
5,1,"Arjuna said: O Sri Krishna, you have praised Karma Sanyasam (renunciation of works) and Karma Yoga (devotional work). Decide which of these two is better."
5,2,The Lord spoke: Both the path of Karma Sanyasa (renunciation of works) and the path of Karma Yoga (devout action) lead to the Supreme Goal. But Karma Yoga is superior to Karma Sanyasa.
5,3,"Karma yogis who do not hate anything and do not expect anything should be known as eternal ascetics. Being beyond all dualities, they are gracefully liberated from material bonds."
5,4,Only the ignorant say that Sankhya (renunciation of karmas or karmic asceticism) and Karma Yoga (working with devotion) are different. Those who are truly knowledgeable say that one can get the fruits of both by adopting any one of these two paths.
5,5,"The highest state attainable through karmic asceticism can also be attained by practicing karmas with devotion. Therefore, he who sees that Karma Sanyasama and Karma Yoga are one and the same has seen it as it really is."
5,6,"It is very difficult to attain perfect karmic asceticism, O great-armed one, without performing bhakti yukta (karma yoga), but a sage skilled in karmic yoga quickly attains the supreme soul."
5,7,"Karma yogis who have a pure inner self and control the sense-minds, see the Supreme Spirit of souls in every living being. They do not get caught up in karmabandhas while doing all kinds of work."
5,8,"Those who are fixed in karma yoga - while seeing, hearing, touching, smelling, moving, sleeping, breathing, speaking, excreting, taking in, opening and closing the eyes - always feel ""I am not the doer"". As the natural senses move in their respective objects, they are perceived by divine spiritual knowledge."
5,9,"Those who are fixed in karma yoga - while seeing, hearing, touching, smelling, moving, sleeping, breathing, speaking, excreting, taking in, opening and closing the eyes - always feel ""I am not the doer"". As the natural senses move in their respective objects, they are perceived by divine spiritual knowledge."
5,10,"Those who renounce all material interests and dedicate all their deeds to the Lord, are untouched by sin, like a lotus is not wetted by water."
5,11,"Yogis, abandoning mamakarasakti, practice karmas with body, mind, senses and mind only for soul purification."
5,12,"Offering the fruits of all activities to the Lord, Karma Yogis attain eternal peace. At the same time, those who are motivated by their kama (desires) and act for selfish gain, become entangled in karmic bonds because they are interested in karmic fruits."
5,13,"Soul-tempered and dispassionate living souls, knowing that they are neither the doer nor the cause of anything, are happy in this city of nine gates."
5,14,"But the concept of karma, the nature of karma is not created by God. He is also not the creator of karmic fruits. It is the qualities of physical nature that actuate all these."
5,15,"The Lord, who is omnipresent, does not partake of any sinful or pious deeds. Beings are deluded because their wisdom is covered by ignorance."
5,16,"But, for those whose ignorance of the soul is destroyed by the divine spiritual knowledge, that knowledge illumines the Supreme Soul, as the sun illumines all in the day."
5,17,"Those whose mind is fixed on God, who are fully engaged in God, who have firm faith that He is the ultimate goal - their sins are eradicated by the rays of knowledge, and attain a state of quick passing and no return."
5,18,"True scholars, with the eyes of divine knowledge - see a Brahmin, a cow, an elephant, a dog, a Chandal with equanimity."
5,19,"Those who are fully minded in equanimity, conquer the cycle of birth and death in this very life. They possess the flawless qualities of God and thus attain the Supreme Truth."
5,20,"Those who are established in God, have a firm understanding of divine spiritual knowledge and are free from delusion, do not get overwhelmed when the beloved happens/acquire, nor do they get depressed when anything unpleasant happens."
5,21,"He who is not attached to external sense pleasures, enjoys divine bliss in the soul itself. Through yoga one gets united with God and experiences endless bliss."
5,22,"The pleasures of sense materialism, though they may seem pleasurable to the worldly-minded, are actually causes of sorrow. O son of Kunti, such pleasures have an adi-antham (beginning-end), so the wise do not indulge in them."
5,23,Those who can control the forces of lust and anger before leaving this body are yogis and they alone are truly happy.
5,24,"Whoever is happy (rejoicing) within themselves, enjoying the bliss of the Supreme Being within, and shining with the light of inner knowledge, such yogis, united with God, are freed from material worldly existence."
5,25,"Those whose sins are destroyed, whose doubts are eradicated, whose minds are disciplined, who are engaged in the welfare of all living beings, such pious persons are freed from the material world and attain God."
5,26,"Those ascetics who are freed from lust and anger, who have restrained the mind, who are in Atma-jnana through constant effort, are freed from material existence in these worlds."
5,27,"Abandoning the thoughts of all external pleasures, focusing the attention between the eyes and the eyes, stopping the air entering and leaving the nostrils evenly, thus restraining the senses, mind and intellect, the sage who is free from lust, anger and fear dwells in the state of eternal salvation."
5,28,"Abandoning the thoughts of all external pleasures, focusing the attention between the eyes and the eyes, stopping the air entering and leaving the nostrils evenly, thus restraining the senses, mind and intellect, the sage who is free from lust, anger and fear dwells in the state of eternal salvation."
5,29,"Knowing that I am the bearer of all sacrifices and penances, the Lord of all worlds and the selfless friend of all living beings, Pidapa, my devotee will attain peace."
6,1,"The Lord spoke: Those who perform kartavya karmas (duties to be performed) without any desire for fruit, are the true ascetics and yogis. Moreover, it is not only those who have stopped performing the Agni Hotra Yajna or those who have renounced physical activities."
6,2,"Asceticism, as everyone thinks, is not different from Yoga. Because no one can become a yogi without renouncing worldly desires."
6,3,"In yoga the striving (initial-stage) jivatama for perfection is called the means; For those who have reached a higher level in yoga, calmness is the tool of meditation."
6,4,"When a person is disinterested in sense objects and karmas, that person is highly placed in the Yoga Shastra; Because he renounced all desires to enjoy the fruits of karma."
6,5,"Lift yourself up by the power of your mind, but do not fall. Because mind can be our friend and mind can be our enemy."
6,6,"For those who conquer the mind, it is their friend. For one who cannot do so, the mind acts as an enemy."
6,7,"Yogis who have conquered the mind - cold, happy, sad, and angry - are above these dualities. Such Yogis are calm and have a fixed will in devotion to God."
6,8,"Those who are satisfied with wisdom and discernment, conquerors of the senses, remain calm in all situations. They – clay, stones and gold – see them all with one eye."
6,9,"Benefactors, friends, enemies, saints and sinners – yogis look with impartiality.  A yogi who is equanimous towards friends, associates and enemies, neutral towards enemies and relatives, and without partiality towards pious souls and sinners - is considered the best of all human beings."
6,10,"Those who want to attain the state of yoga should be in meditation of Bhagavat with controlled mind-body, renouncing desires and pleasures, and in seclusion."
6,11,"To practice yoga, prepare an asana in a clean place; It should be made of kusha grass, deer skin and a piece of cloth one over the other. This asana should neither be too high nor too low."
6,12,"Sitting steadily on it, in single-minded meditation, restraining all thoughts and activities – the yogi must strive to purify his mind. He should keep his body, neck, and head firmly in the same order, and without turning his eyes to and fro, should concentrate his gaze on the nostrils."
6,13,"Sitting steadily on it, in single-minded meditation, restraining all thoughts and activities – the yogi must strive to purify his mind. He should keep his body, neck, and head firmly in the same order, and without turning his eyes to and fro, should concentrate his gaze on the nostrils."
6,14,"Thus, with calmness, fearlessness and stillness of mind and firm determination in the brahmacharya vrata, the mindful yogi should meditate on Me, the Supreme Goal."
6,15,"In this way, the Yogi with a disciplined mind, constantly fixing his mind on Me, attains 'Nirvana' and abides in Me in supreme peace."
6,16,"O Arjuna, whoever eats too much or eats too little; Those who sleep too much or sleep too little - they cannot succeed in yoga."
6,17,"But he who is moderate in eating and amusements, balanced in work, and regular in sleep, can relieve all sorrows by the practice of yoga."
6,18,"With perfect discipline, they turn the mind away from all selfish desires and fix the Lagna on the supreme welfare of the soul. Such are said to be in yoga, and they are beyond all sensual desires."
6,19,"Just as a lamp stays still in a windless place, so the mind of a Yogi stays steady in the meditation of God."
6,20,"When the mind is restrained from material activities and stilled by yoga practice, then the Yogi can see the Atman through a pure mind and revel in Atmanananda."
6,21,"In that paramananda yogic state called samadhi, one experiences limitless divine bliss. A Yogi in this state never deviates from the Eternal Truth."
6,22,"After attaining that status, Marinka feels that nothing is better than that. He who is thus established, is unmoved even in severe sorrows."
6,23,Yoga is the state of being freed from sorrows.  This yoga should be practiced with firm resolve without any pessimism/disbelief;
6,24,"One should give up all desires arising from worldly thoughts and restrain the senses from all sides with the mind. Gradually and surely, with firm faith in Buddhi, the mind becomes fixed in God and thinks of nothing else."
6,25,"One should give up all desires arising from worldly thoughts and restrain the senses from all sides with the mind. Gradually and surely, with firm faith in Buddhi, the mind becomes fixed in God and thinks of nothing else."
6,26,"Whenever and wherever this fickle, unstable mind wanders, it should be brought back and constantly focused on God."
6,27,"A Yogi who is calm in mind, calm in his passions, sinless, who sees everything in relation to Bhagavat – attains the highest transcendental bliss."
6,28,"A self-restrained yogi unites the soul with God, attains freedom from material impurities, and attains the highest state of absolute bliss, always in union with the Supreme."
6,29,True yogis unite the inner mind with God and see all demons in God and God in all demons.
6,30,"He who beholds Me in all, who beholds all in Me, will not miss Me, and I will not miss them."
6,31,"The Yogi who is one with Me and worships Me as the Supreme Being who is present in all the demons, doing all kinds of activities, lives in Me."
6,32,"I consider those who treat all beings equally and respond to the happiness and sorrows of others as if they were their own, as perfect yogis."
6,33,"Arjuna said: O Madhusudana, this method of yoga that you mentioned, because of this restless mind, seems to me impracticable and impossible."
6,34,"This mind is very restless, turbulent, strong and stubborn. Controlling it seems more difficult than controlling the wind, O Krishna."
6,35,"Sri Krishna Paramatma said: O son of Kunti with great arms, you are right; The mind is indeed very difficult to control. But, it can be tamed by practice and dispassion."
6,36,"Yoga is difficult for those who are not in control of the mind. But, those who learn to control the mind, and practice in the right way, can attain perfection in yoga. This is my opinion."
6,37,"Arjuna said: What is the fate of the yogi who, even after starting this journey with diligence, due to a restless mind, does not exert enough effort and is unable to achieve the ultimate success of the goal of yoga in this life?"
6,38,"O great-armed Krishna, is not one who strays from the path of yoga depraved of both material and spiritual attainments? Is he like a cloud that is parted and scattered and becomes confused?"
6,39,"O Krishna, clear this doubt of mine completely, and who can do it better than you?"
6,40,"O Partha, he who is on the spiritual path will not perish either in this world or in the next world. Dear friend, one who strives for the attainment of Bhagwat will never suffer from Durga."
6,41,"Those who are depraved of yoga (those who could not achieve success in yoga in this life), go to the holy worlds. Pidapa, who lived there for a long time, will be born back in the earth, in a family of pious and wealthy people. Or, those who have developed Vairagya due to long practice of yoga, will be born in a family of divine knowledge.  Such a birth is very rare."
6,42,"Those who are depraved of yoga (those who could not achieve success in yoga in this life), go to the holy worlds. Pidapa, who lived there for a long time, will be born back in the earth, in a family of pious and wealthy people. Or, those who have developed Vairagya due to long practice of yoga, will be born in a family of divine knowledge.  Such a birth is very rare."
6,43,"After taking such a birth, a Kuru vamsha, they reawaken the knowledge of their previous births and strive further for perfection in yoga."
6,44,"They, though not of their own free will, are certainly drawn towards God by the instrumentality of previous births. Such sadhakas naturally rise above the principles of karma kandas enunciated in the Vedas."
6,45,"With the merits acquired from many previous births, whenever these yogis mentally strive for further progress, they become purified (freed) from worldly desires and attain siddhi (perfection) in this very birth."
6,46,"A yogi is superior to an ascetic, superior to a jnani, and even superior to a karmi. So, O Arjuna, try to become a Yogi."
6,47,"Of all yogis, whose mind is always absorbed in Me, who is devoted to Me with firm faith, I regard them as supreme."
7,1,"The Lord spoke: O Arjuna, if you can know Me completely, without doubt, by surrendering to Me through the practice of bhakti yoga, listen now."
7,2,"Whatever knowledge and knowledge Pidapa has left to know nothing in this world, I will tell you completely."
7,3,Any one among thousands strives for perfect perfection; And only one of those who have attained perfect siddhi will truly know me.
7,4,"Earth, water, fire, air, sky, mind, intellect and ego - these are the eight limbs of my physical Prakriti Shakti."
7,5,"This is my low power. But, beyond that, O great-armed one, Arjuna, I have a superior power. That is the Jiva-Atma Shakti, which contains the Jiva-Atmans that are the basis of the living beings in this world."
7,6,Know that all living beings manifest through these two powers of mine. I am the origin of all this creation and in Me it all revolves.
7,7,"There is nothing higher than me, O Arjuna. Everything depends on me like beads on a thread."
7,8,"I am the taste of water, O son of Kunti, and I am the radiance of the sun and moon. In the Vedas I mean the sacred 'Om' Karam (pranava); A sound in the sky and their power in men."
7,9,"I am the pure smell of the earth and I am the radiance in the fire. I am the life force in all beings, and I am the austerity in penances."
7,10,"O Arjuna, know that I am the eternal seed of all beings. I am the wisdom among the wise, I am the brilliance among the bright."
7,11,"I am the best of the Bharatas, the lustless strength of the mighty. Sexual acts that are not morally wrong."
7,12,"The trigunas of material nature – sattva, rajas, tamas – are manifested by My energy. They are mine but I am beyond them."
7,13,"Being deluded (bewitched) by the trigunas of Maya, the people of this world are unable to know Me, who is impermanent and eternal."
7,14,"My divine power, 'maya', which is triune in nature, is very difficult to overcome. But, those who surrender to me can pass it gracefully."
7,15,"Four kinds of men do not surrender to Me - those who lack knowledge, those who have the ability to know Me but lazily follow their lower nature, those who are deluded, and those who are endowed with asura power."
7,16,"O best of Bharatas, four types of Dharma-parayanas engage in devotion to Me – those in distress, those who strive for the acquisition of knowledge, those who seek the acquisition of worldly goods, and those who are fixed on knowledge."
7,17,"Of all these, those who worship Me with wisdom, and those who have firm resolve and exclusive devotion to Me, I regard as the best of all.  I am dear to them and they are dear to me."
7,18,"All those who are devoted to Me are truly the best. But those who are wise, firm in determination, whose intellect is united in Me, and who have Me alone as their ultimate goal, I consider to be My very form."
7,19,"After many births of spiritual practice, the wise one realizes that all that exists is Me (Vasudeva) and surrenders to Me. Such a Mahatma is very rare indeed."
7,20,Those who are lost in knowledge with material worldly desires surrender to other gods. They follow their own nature and worship other gods; Karma Kandas are performed to please the respective deities.
7,21,"Whichever form of deity a devotee wants to worship with faith, I will make that devotee focus on that form."
7,22,"A devotee who has sraddha faith worships that deity and gets the desired material. But, in fact, I am the one who provides those benefits."
7,23,"But the fruit of these low-knowledge people is temporary. The worshipers of the deities go to the worlds of the respective deities, while My devotees reach Me."
7,24,"The ignorant think that I, the Supreme Lord, Sri Krishna - who was once a formless immanence and has now assumed a form. They are unable to understand the literal, supreme form of this Self."
7,25,"Covered by my Yogamaya Shakti, I do not manifest to all. So the ignorant cannot know that I am birthless and changeless."
7,26,"Arjuna! I know all things past, present, and future, and all living things; But I don't know anyone."
7,27,"O descendant of Bharata - Raga and hatred are dualities, arising from lust (delusion). O conqueror of enemies, every living being in this material world is deluded by these from birth itself."
7,28,Those whose sins are completely destroyed by performing pious activities are freed from the lust of these dualities. Such people worship Me with strong determination.
7,29,"Those who take refuge in Me, striving to be freed from old age and death, realize Brahman, their own soul, and the field of all karma."
7,30,"Enlightened living souls who know that I am the master of all adhibhuta (material realm), adhidaiva (gods), and adhiyajna (Lord of sacrifices), remain completely in Me even at the time of death."
8,1,"Arjuna said: O Lord, what is Brahman (the Absolute Truth)? What is Adhyatma (Soul)? And what is karma? What is called adhibhuta? And who is called the supreme god? Who is Adhyajna in the body and how did he become Adhyajna? O Krishna, how is it possible for the strong-willed to know You at the time of death?"
8,2,"Arjuna said: O Lord, what is Brahman (the Absolute Truth)? What is Adhyatma (Soul)? And what is karma? What is called adhibhuta? And who is called the supreme god? Who is Adhyajna in the body and how did he become Adhyajna? O Krishna, how is it possible for the strong-willed to know You at the time of death?"
8,3,"Sri Bhagavan said: Brahman is the supreme, imperishable essence; The spirit of a person is called Adhyatma. Actions related to the material nature of living beings and their development are called karma or actions with fruition."
8,4,"This ever-changing physical creation is called adibhuta; Adhidaiva is the cosmic form of God who is the head of the gods in creation; I, who reside in the hearts of all demons, am known as Adhiyajna, i.e. Lord of all Yajnas."
8,5,Remembering Me at the time of death he who leaves the body reaches Me. There is no doubt about this.
8,6,"Whatever he remembers at the time of leaving the body at the time of death, O son of Kunti, always in the same meditation, he attains that state."
8,7,"So, remember Me at all times and fight your duty. If your mind surrenders to Me, you will surely get Me; There is no doubt about this."
8,8,"With practice, O Partha, if you constantly engage your mind in the remembrance of Me, the Supreme Lord, without wandering, you will surely attain Me."
8,9,"God is omniscient, most ancient, all-ruling, subtler than the subtle, the basis of all, unimaginably divine; He is brighter than the sun and beyond all the darkness of ignorance.  He who, at the time of death, with the undisturbed mind acquired by the practice of yoga, keeping the soul between the eyes, calmly remembers the divine Mars with great devotion, will surely attain Him."
8,10,"God is omniscient, most ancient, all-ruling, subtler than the subtle, the basis of all, unimaginably divine; He is brighter than the sun and beyond all the darkness of ignorance.  He who, at the time of death, with the undisturbed mind acquired by the practice of yoga, keeping the soul between the eyes, calmly remembers the divine Mars with great devotion, will surely attain Him."
8,11,"Vedic scholars say that He is imperishable; To enter Him, great sages practice celibacy and renounce worldly pleasures. Now let me briefly explain the path to that goal."
8,12,"Controlling all the portals of the body, stopping the mind in the heart position, drawing the prana into the Murdnya (head) position, one should remain in yogic meditation with concentration."
8,13,"He who leaves the body, remembering Me, the Supreme Lord, chanting Om Kara, attains the Supreme Gati."
8,14,"O Partha, I am easily accessible to the yogis who always remember Me with singleness of mind because they are constantly engaged in Me."
8,15,"The Pidapa, the Mahatmas, who have attained me, have no rebirth in this world, the abode of sorrows and transitory, because they have attained the supreme perfection."
8,16,"Throughout Brahmaloka, in all the worlds of this material creation, you will be reborn, O Arjuna. But Pidapa who has reached my abode, O son of Kunti, will never be reborn again."
8,17,A period of one thousand Chaturyugas (Mahayugas) would be one day (kalpa) for Lord Brahma and one night for him. The wise who understand this understand the reality of day and night.
8,18,"As the dawn of Brahma begins, all beings arise from the immanent source. And as soon as His night begins, all living souls are absorbed into their manifest form."
8,19,"As Brahma's day begins, all living beings begin to re-birth, and as Brahmaratri begins, they become re-arranged. And when the next Brahmapag begins, they all manifest effortlessly."
8,20,"Apart from this manifest and immanent creation there is a transcendental and eternal immanent entity.  Even if all else perishes, that world alone is eternal and imperishable."
8,21,"Its unmanifest expanse is the supreme goal, and after reaching it one does not return to this mundane (mortal) world. That is my passion."
8,22,"The supreme Supreme Personality of Godhead is the Supreme. Although He is all-pervading and all living beings reside in Him, He is known only by devotion."
8,23,"I will now explain to you, O best of Bharatas, the various ways of passing away from this world, one of which leads to salvation and the other to rebirth. Those who know the Supreme Brahman and leave this world during the six months of Uttarayana, in Shukla Paksha, during the day, attain Parama Pada. Those who practice Vedic Karma Kandala, during Dakshinayana six months, during Krishna Paksha, during Dhumra period, at night, leave this world - attain heavenly worlds. After experiencing the pleasures of heaven, they come back to this earth. These two - bright and dark, paths always exist in this world. The bright path leads to salvation and the dark path to rebirth."
8,24,"I will now explain to you, O best of Bharatas, the various ways of passing away from this world, one of which leads to salvation and the other to rebirth. Those who know the Supreme Brahman and leave this world during the six months of Uttarayana, in Shukla Paksha, during the day, attain Parama Pada. Those who practice Vedic Karma Kandala, during Dakshinayana six months, during Krishna Paksha, during Dhumra period, at night, leave this world - attain heavenly worlds. After experiencing the pleasures of heaven, they come back to this earth. These two - bright and dark, paths always exist in this world. The bright path leads to salvation and the dark path to rebirth."
8,25,"I will now explain to you, O best of Bharatas, the various ways of passing away from this world, one of which leads to salvation and the other to rebirth. Those who know the Supreme Brahman and leave this world during the six months of Uttarayana, in Shukla Paksha, during the day, attain Parama Pada. Those who practice Vedic Karma Kandala, during Dakshinayana six months, during Krishna Paksha, during Dhumra period, at night, leave this world - attain heavenly worlds. After experiencing the pleasures of heaven, they come back to this earth. These two - bright and dark, paths always exist in this world. The bright path leads to salvation and the dark path to rebirth."
8,26,"I will now explain to you, O best of Bharatas, the various ways of passing away from this world, one of which leads to salvation and the other to rebirth. Those who know the Supreme Brahman and leave this world during the six months of Uttarayana, in Shukla Paksha, during the day, attain Parama Pada. Those who practice Vedic Karma Kandala, during Dakshinayana six months, during Krishna Paksha, during Dhumra period, at night, leave this world - attain heavenly worlds. After experiencing the pleasures of heaven, they come back to this earth. These two - bright and dark, paths always exist in this world. The bright path leads to salvation and the dark path to rebirth."
8,27,"Yogis who know the secret of these two paths, O Partha, never fall prey to lust. Therefore, be sthitudavai (united with God) in yoga sarvada (at all times)."
8,28,"Yogis who know this secret - the practice of Vedic Karma Kandas, Vedadhyayana, performance of Yajnas, penance and charity - all these attain fruit beyond pious fruits. Such Yogis attain Parama Pada."
9,1,"Sri Bhagavan said: O Arjuna, since you are not jealous of me, I will now tell you this most secret knowledge and empirical knowledge; After knowing this you will be freed from all material sufferings."
9,2,"This knowledge is the king of all learning and the most secret. It sanctifies those who hear it. It is directly experiential, virtuous, easy to practice, and gives lasting results."
9,3,"People who have no faith in this Dharma, cannot attain Me, O conqueror of enemies. They repeatedly return to this world in the cycle of birth and death."
9,4,This entire universe is pervaded by My inmanifest form. All beings abide in Me but I abide in them.
9,5,"However, beings are not fixed in me. Behold the wonder of my divine power! Although I am the creator and administrator of all living beings, I am not affected by them or by material nature."
9,6,"Even as the mighty wind that blows throughout, is always fixed in the sky, so all living beings are always fixed in Me."
9,7,"At Kalpantara (at the end of a Kalpa), all beings merge into My primordial Prakriti Shakti. At the beginning of the next creation, O son of Kunti, I will manifest them again. Subduing my Prakriti (physical) energy, I am producing these innumerable living beings, according to their respective natures, again and again."
9,8,"At Kalpantara (at the end of a Kalpa), all beings merge into My primordial Prakriti Shakti. At the beginning of the next creation, O son of Kunti, I will manifest them again. Subduing my Prakriti (physical) energy, I am producing these innumerable living beings, according to their respective natures, again and again."
9,9,"O conqueror of riches, none of these deeds can bind me. As a neutral observer, I remain indifferent to any of these karmas."
9,10,"Acting under my direction, this material energy gives birth to all the material demons, O son of Kunti. For this reason, the physical world undergoes change (creation, state and rhythms)."
9,11,"When I incarnated in my human form, the fools could not recognize me. They do not know the divinity of My Personality who is Mahesvara to all demons."
9,12,"People who are deluded by physical magical power develop asuristic and atheistic sentiments. In that state of bewilderment, their hopes for progress/welfare are futile, all the karmas they perform with falsakti are futile and their knowledge is bewildered."
9,13,"O Partha, the great souls who have taken refuge in my divine power will know that I, Sri Krishna, am the Supreme Being, the original source of all creation. With ananya chitta, they engage in my bhakti with their mind fixed on me alone."
9,14,"Always chanting my divine leelas, practicing with firm determination, humbly bowing down before me, they constantly worship me with loving devotion."
9,15,"Others, engaged in the jnana samuparjana yajna, worship Me in many ways. Some see me as indistinctly united with them, while others regard me as separate from themselves. Yet some worship in the infinite manifestations of My cosmic form."
9,16,"I am the Vedic kratu, I am the yajna and the offering to the patriarchs. I am the medicine, I am the Vedic mantra. I am the ghee, I am the fire, I am the offering. I am the father of this world. I am the mother and guardian of the world; I am the Father; I am the sanctifier; I am the goal of knowledge, the sacred sound Om Kara, I am the Rigveda, the Samaveda and the Yajurveda."
9,17,"I am the Vedic kratu, I am the yajna and the offering to the patriarchs. I am the medicine, I am the Vedic mantra. I am the ghee, I am the fire, I am the offering. I am the father of this world. I am the mother and guardian of the world; I am the Father; I am the sanctifier; I am the goal of knowledge, the sacred sound Om Kara, I am the Rigveda, the Samaveda and the Yajurveda."
9,18,"I am the supreme goal of all demons, and I am their manager, lord, witness, abode, shelter and friend. I am the source, end, and basis of creation; I am the eternal place and the eternal seed."
9,19,"I radiate heat in the form of the sun. I stop the rain and make it rain. I am immortal and I come in the form of death. O Arjuna, I am the eternal soul and also the temporary substance."
9,20,"Devotees to the Sakama rituals mentioned in the Vedas worship Me by performing Yajna sacrifices. By drinking Soma rasa, which is the remnant of Yajna, all the sins are gone and the pure ones hope to go to the heavenly worlds. As a result of their pious deeds, they go to the world of Lord Indra, and enjoy all the luxuries of the gods."
9,21,"They come back to the earth after all the fruits of their virtues have been consumed by enjoying the vast pleasures of the heavenly world. In this way, those who practice the Vedic Karma Kandas for the attainment of Bhoga Vastu, come and go again and again on earth."
9,22,"There are those who always remember Me and are engaged in exclusive devotion to Me, and to those whose mind is fixed on Me, I provide what they lack and preserve what they have."
9,23,"O son of Kunti, I am also worshiped by those who diligently worship other gods. But, it seems they have done it in the wrong way."
9,24,"I am the devotee of all sacrifices and the only Lord. But, those who do not know the Parameshwara Tattva of My Ee have to be reborn."
9,25,"Those who worship the gods are born in the gods, those who worship the patriarchs go to the patriarchs, the worshipers of demons are born in such, and my devotees reach Me."
9,26,"If someone offers Me a leaf, a flower, a fruit, or even water with devotion, I will happily consume what is given with love by that pure-minded devotee of mine."
9,27,"Whatever you do, whatever you eat, whatever you offer to the fire in a yajna, whatever you give as a gift, and whatever austerities you observe, O son of Kunti, do them as offerings to me."
9,28,"By offering all works to Me, you will be freed from the bonds of good and bad results. By asceticism your mind becomes attached to Me, you will be liberated and you will reach Me."
9,29,"I am equal-minded towards all living beings, I am neither partial nor hostile towards anyone. But, devotees who worship Me with love reside in Me and I reside in them."
9,30,"Even if they are supreme sinners, if they worship Me with exclusive devotion, they should be considered righteous, because they have taken the right decision."
9,31,"Soon they become righteous, and attain eternal peace. O son of Kunti, boldly declare that my devotee will never suffer loss."
9,32,"Regardless of their birth, race, caste, gender, or even the society's abominations, all those who take refuge in Me attain the Supreme Word."
9,33,"And what to say about the pious kings and ancestors? So, after entering this temporary and pleasureless world, engage in me with devotion."
9,34,"Always remember Me, be devoted to Me, worship Me and offer obeisances to Me. Undoubtedly you will come to Me when your mind and body are offered to Me."
10,1,"Sri Bhagavan spoke thus: Hear again my divine instruction, O great-armed one. Since you are my beloved friend, I will inform you of them for your pleasure."
10,2,Neither the gods nor the sages know my place of origin. I am the source of origin for devas and sages.
10,3,"Knowing that I am birthless and without adi(beginnings) and that I am the Maheshvara of all the worlds, men do not fall into delusion and they are freed from all sins."
10,4,"Intelligence, knowledge, clarity of thought, kindness, honesty, restraint of mind and senses, pleasures and sorrows, births and deaths, fear and courage, non-violence, equanimity, contentment, austerity, charity, fame and infamy, etc. - the variety of qualities that exist in human beings are born from the various Me."
10,5,"Intelligence, knowledge, clarity of thought, kindness, honesty, restraint of mind and senses, pleasures and sorrows, births and deaths, fear and courage, non-violence, equanimity, contentment, austerity, charity, fame and infamy, etc. - the variety of qualities that exist in human beings are born from the various Me."
10,6,"The seven sages, the four Mahatmas before them, the fourteen Manus – all these were born from my mind. All the people of this world have descended from them."
10,7,Those who truly know My glories (vibhutas) and divine powers become one with Me through the yoga of unceasing devotion. There is no doubt about this.
10,8,"I am the source of all creation. Everything is going on because of me. Knowing this fully, the sages worship Me with the utmost devotion and faith."
10,9,"My devotees are always satisfied with Me when their minds ascend to Me and their lives are surrendered to Me. Telling each other about Me and discussing My glories, they experience the greatest satisfaction and bliss."
10,10,"To those whose mind is united with Me in loving devotion, I bestow divine knowledge by which they may attain Me."
10,11,"With affection for them, I who am present in their hearts, will destroy the darkness created by ignorance with the bright lamp of knowledge."
10,12,"Arjuna said: Thou art the Parabrahma, the Parandham, the Supreme Holy One, the eternal God, the primordial man, the birthless and the supreme. Sages like Narada, Asita, Devala and Vyasa have declared this, and now you yourself are declaring this to me."
10,13,"Arjuna said: Thou art the Parabrahma, the Parandham, the Supreme Holy One, the eternal God, the primordial man, the birthless and the supreme. Sages like Narada, Asita, Devala and Vyasa have declared this, and now you yourself are declaring this to me."
10,14,"O Krishna, I believe with firm faith that everything you have said is true.  O Lord, neither the gods nor the demons can know your real form."
10,15,"O Purushottam, Creator of all things, Sarvabhutesa, Devdeva, Jagatpathe! In fact, you only know yourself through your own transcendental power."
10,16,"Please explain to me Your Divine Vibhutas in which You pervade and reside in all the worlds. O Yogeshwara, how can I know and remember You? And in what forms can I contemplate You, O Lord, while meditating?"
10,17,"Please explain to me Your Divine Vibhutas in which You pervade and reside in all the worlds. O Yogeshwara, how can I know and remember You? And in what forms can I contemplate You, O Lord, while meditating?"
10,18,"Again recount Your divine glories and incarnations in abundance, O Janardhana.  If you listen to your nectar, it will never fade away."
10,19,"Sri Bhagavanu said: Now I will briefly explain to you, O great son, my divine visions, for there is no end to their description."
10,20,"O Arjuna, I am seated in the hearts of all demons. I am the beginning, middle and end of all beings."
10,21,Of Aditi's twelve sons I am Vishnu; I am the sun among bright things. I am the moon among the stars of the night sky and the maruthu among the maruts.
10,22,"I am Sama Veda among the Vedas, Indra among the gods. the mind in the senses; Consciousness in animals."
10,23,Among the Rudras I am Shankara; Kubera is among the Asuras; Agni is among the Vasus and Meru is among the mountains.
10,24,Among the priests I am Jupiter; Among soldiers I am Karthike; And in the reservoirs know that I am the ocean.
10,25,I am Bhrigu Maharshi among sages and 'Om' is the transcendental of sounds. I am chanting the Lord's name again and again in japas (sacrifices); I am the Himalayas among the settlements;
10,26,"Among the trees I am the Ravi tree; Narada is among the gods. Among the Gandharvas I am Chitrarathu, among the Siddhas I am Kapila Muni."
10,27,"Amongst the horses, I, born of the Amrita Samudra, am Uchchaihsravasam. Among the Gajendras I am Airavata and the king of men."
10,28,Vajrayudham among weapons and Kamadhenu among cows. I am Kamadeva (Cupid) among the causes of fertility; I am Vasuki among the serpents.
10,29,Among Nagas I am infinite; Varuna is among those who live in water. I am Arya in Pitrgana;  I am Yamadharmaraja among those who give the rule of Nyaya-Dharma.
10,30,"Among the giants I do not rejoice; I am time, which controls everything. Know that I am the lion among beasts and the eagle among birds."
10,31,"I am a gas among the holy ones; Rama is among the surgeons. Among the aquatic animals is the Makara (crocodile), and among the flowing rivers is the Ganges."
10,32,"Know, O Arjuna, that I am the beginning, the middle and the end of all creation. In education I am the spiritual education, and in discussions I am the logical decision."
10,33,"A-karamanu in letters; Duality of problems in problems. I am the infinite time, and Brahman among the creators."
10,34,"I am the all-consuming death, I am the producer of all that is to come.  In female characteristics I am fame, wealth, fine speech, memory, intelligence, courage and forgiveness."
10,35,"In the Sama Vedic mantras know that I am Brihatsama; Among the rhymes, Gayatri Chandasa is Nene. Margasirsha month in the Hindava almanac, and the spring that brings forth the flowers of the seasons."
10,36,"I am a gambler among cheaters; I am the brightest among the brightest. I am victory among the victorious, and determination among the determined, and virtue among the righteous."
10,37,Among the descendants of Vrishni I am Krishna and among the Pandavas I am Arjuna. Know that Veda Vyasa is among the ancients and Shukracharya is among the great thinkers.
10,38,Among the measures to prevent injustice I am righteous punishment and good behavior among the ambitious. I am silent in secrets. I am the wisest of the wise.
10,39,"I, Arjuna, am the original productive seed of creation of all demons.  Not even a carnivorous creature is without Me."
10,40,"There is no end to my divine delights, O Parantapa. What I have said so far is only a small part of my infinite glories."
10,41,"If you see anything beautiful, anything wonderful, or anything powerful, know it as the taluk of My beauty."
10,42,"What is the need for this vast knowledge, O Arjuna? Just know this, with just one tiny aspect of me, permeating the entire universe and sustaining it."
11,1,"After hearing this supremely secret spiritual knowledge which You have graciously revealed to me, my delusion is now gone."
11,2,"I have heard from you in great detail about the production and non-manifesting of all beings, O lotus-eyed one, I have also heard about your eternal greatness."
11,3,"O Lord, You are exactly such a divine form as You have said You are. Now I feel the desire to see your divine form, O Purushotta."
11,4,"Oh Yogeshwara, if you think I have the power to see it, please show me its eternal, eternal cosmic form."
11,5,"Sri Bhagavan said: Behold, O Partha, the hundreds of thousands of wonderful forms of Me of various shapes, sizes and colors."
11,6,"See in me, O descendant of Bharata, (twelve) sons of Aditi, (eight) Vasus, (eleven) Rudras, (two) sons of Ashwini, besides, (forty-nine) Maruts and many other wonders which have not been performed before."
11,7,"O Arjuna, see now the world in which all beings are gathered together, in my cosmic form. And if you want to see anything else, see them all in my universe form."
11,8,"But, you cannot see my cosmic form with your natural eyes. Therefore, I grant you divine vision. Behold my great glory."
11,9,"Sanjaya said: O Maharaja, Pidapa who spoke thus, that Yogeshvara Sri Krishna, showed Arjuna His divine and glorious form."
11,10,"In its cosmic form, Arjuna saw infinite faces and eyes. They have many divine ornaments and many kinds of divine weapons. The form has many garlands on its body and is fragrant with divine fragrance. Sarvatra manifests Himself with His face as the great infinite Ishvara."
11,11,"In its cosmic form, Arjuna saw infinite faces and eyes. They have many divine ornaments and many kinds of divine weapons. The form has many garlands on its body and is fragrant with divine fragrance. Sarvatra manifests Himself with His face as the great infinite Ishvara."
11,12,Even a thousand suns shining in the sky at the same time cannot match the brilliance of that supreme form.
11,13,"There, in the body of that god, Arjuna saw that all the universes were in one place."
11,14,"Then Arjuna, who was overwhelmed with paramascharya and his hair was matted, bowed his head with folded hands and praised the Lord in this way."
11,15,"Arjuna said, O Sri Krishna, in your body I see - all the gods, many crores of living beings, Lord Brahma seated on a lotus, Lord Shiva, all the sages, and the divine serpents."
11,16,"I see in all directions Your infinite forms with innumerable arms, bellies, faces and eyes. O Vishvesvara, the universe is your embodiment, I do not see any primordial changes in you."
11,17,"I see your all-shining form, crowned and armed with chakra-gada weapons. It is difficult to see you because of your radiance like the sun that spreads fire in all directions."
11,18,"I have come to know that You are the imperishable Supreme Lord, the Supreme Truth propounded by the Vedas. You are the foundation of all creation; You are the eternal protector of Sanatana Dharma; You are the Eternal Supreme Lord."
11,19,"Thou art without beginning-middle-end; Your powers are limitless. You have infinite arms; Sun and moon are like your eyes and fire is like your mouth. I behold Thee, Who warmest all creation with Thy radiance."
11,20,"You are pervading all the middle space from Devi to Bhuvi and also in all directions.  O Mahatma, beholding Your glorious and terrifying form, I observe that even the thorns tremble with fear."
11,21,All the gods are entering into you and taking shelter of you. Some are fearfully glorifying you with folded hands. Sages and Siddhas praise you with auspicious hymns and hymns.
11,22,"The Rudras, the Adityas, the Vasus, the Sadhyas, the Visvadevatas, the sons of the Ashwinis, the Maruts, the Pitras, the Gandharvas, the Yakshas, ​​the Asuras and the Siddhas all gaze upon You with awe."
11,23,"O great Lord, all the worlds and I are in awe of Your magnificent form with many mouths, arms, legs, legs, bellies and terrible teeth."
11,24,"O Vishnu - touching the sky, shining with many colors, with mouth wide open, eyes like wide fire pits - seeing your form, my heart trembles with fear.  I lost courage and peace of mind."
11,25,"With many mouths with terrible teeth, like a blazing fire seen at the time of deluge, you who are there, Pidapa who I see, I forget where I am and where I am going. O God God, Thou art the refuge of the world; Please have mercy on me."
11,26,"All the sons of Dhritarashtra, including their fellow kings, Bhishma, Dronacharya, Karna and even the warriors on our side are rushing headlong into your terrible mouths. I see the heads of some crushed between your fierce teeth."
11,27,"All the sons of Dhritarashtra, including their fellow kings, Bhishma, Dronacharya, Karna and even the warriors on our side are rushing headlong into your terrible mouths. I see the heads of some crushed between your fierce teeth."
11,28,"As the waves of many rivers flowing into the sea come and go together, all these mighty warriors are entering into your shining countenances.  Just as fireflies come with great speed and fall into the fire and are destroyed, so the armies of these are entering into your mouths."
11,29,"As the waves of many rivers flowing into the sea come and go together, all these mighty warriors are entering into your shining countenances.  Just as fireflies come with great speed and fall into the fire and are destroyed, so the armies of these are entering into your mouths."
11,30,"You are smacking away many creatures in all directions with your terrible tongues and devouring them with your flaming mouths. Hey Vishnu! You burn the whole world with your terrible, all-pervading rays of light."
11,31,"Tell me who you are, you hideous face. O God, I prostrate before you; Please have mercy on me. I want to know who you are before all creation, because I cannot understand your nature and behavior."
11,32,"Sri Bhagavan said thus: I am Mahakalam, the root cause of destruction of all worlds. Without your intervention, none of the warriors standing in opposition would survive (perish)."
11,33,"So, O Savyasachi, Lemmu, gain glory! Conquer the enemies and experience the rich empire. These warriors have been killed by me before and can only be a tool in my work."
11,34,"Dronacharya, Bhishma, Jayadratha, Karna and other mighty warriors have already been killed by me. So, finish them off without getting depressed. Just fight, you will win this war against the enemies."
11,35,"Sanjay spoke: After hearing the words spoken by Kesha, Arjuna trembled with fear. With joined hands, I bowed down before Shri Krishna and uttered this in a hoarse voice, filled with fear."
11,36,"Arjuna said: O Hrishikesa (master of the senses), the whole world is full of joy and love for you, glorifying you. It is appropriate. The demons are running away from you in all directions in terror and many Siddhaganas are bowing down to you."
11,37,"O Mahatma, why should not even those superior to Brahma, the original creator, prostrate before you? O Ananthu, O Lord of the Gods, O Shelter of the world, You are the Supreme Personality of Godhead."
11,38,"Thou art the eternal God and the primordial God; You are the only support and refuge for the entire universe. You are the All-Knowing and the One to be known. You are Parandham. O Anantarupa, you are the one who pervades the entire universe."
11,39,"You are the Lord of Air, the Lord of Yamadharma, the Lord of Fire, the Lord of Varuna and the Moon. You are the creator Brahma and the father of all demons. I bow to you thousands of times, I bow again and again."
11,40,"O Lord of infinite potencies, I bow to You both in front and behind, in fact I bow from all sides! You are omnipotent and all-pervading, therefore everything is Your form."
11,41,"Thinking that you are my sakhud (friend), I called you ""O Krishna"", ""O Yadava"", ""O my dear friend"" with great joy. Not knowing your majesty, I behaved carelessly and excessively. While playing, while resting, while sitting, while eating, while alone or in the presence of others, if I have behaved rudely towards you, even as a joke, I apologize for that."
11,42,"Thinking that you are my sakhud (friend), I called you ""O Krishna"", ""O Yadava"", ""O my dear friend"" with great joy. Not knowing your majesty, I behaved carelessly and excessively. While playing, while resting, while sitting, while eating, while alone or in the presence of others, if I have behaved rudely towards you, even as a joke, I apologize for that."
11,43,"You are the father of the entire universe and all living beings.  You are the supreme worshiper and the supreme spiritual guru. O one of unequaled power, when you have no equal in the heavens, who can surpass you?"
11,44,"That is why, O Lord, I bow down to you and beg for your grace.  As a father forbears his son, as a friend forgives his friend, as a lover forgives his beloved, please forgive my trespasses."
11,45,"Pidapa, seeing your cosmic form which I have never seen before, I feel blissful. However, my mind was trembling with fear. Please have mercy on me and show me again your pleasing form, O Lord God, O Giver of refuge to the world."
11,46,"O One with a thousand hands, even the universe embodied in You, I want to see You in Your four-cornered form, wearing a crown, holding a wheel and a club."
11,47,"Sri Bhagavan said: Pleased by you, Arjuna, I have shown you my radiant, infinite and eternal original cosmic form through my Yogamaya Shakti. No one has seen this form before you."
11,48,"Not by the study of the Vedas, not by the performance of sacrifices, not by austerities and alms, but by the observance of severe austerities, no human being has ever seen what you have seen, O warrior warrior."
11,49,"Do not be afraid of that terrible form of mine, do not be deluded. See my personal form once again with fearless contentment."
11,50,"Sanjaya spoke thus: Having spoken thus, Pidapa, the son of the benevolent Vasudeva, again showed his (quadrupedal) embodied form. Next, assuming a gentle (two-shouldered) form, he further calmed the frightened Arjuna."
11,51,"Arjuna said: O Sri Krishna, seeing your gentle (two-armed) human form, I regained my composure and my mind returned to its natural state."
11,52,"Sri Bhagavan said: It is very rare to see the form of Me that you see.  Even the gods wish to see it. Not by Vedadhyayana, not by penances, not by charity or by Yajnas, I do not appear as you have seen so far."
11,53,"Sri Bhagavan said: It is very rare to see the form of Me that you see.  Even the gods wish to see it. Not by Vedadhyayana, not by penances, not by charity or by Yajnas, I do not appear as you have seen so far."
11,54,"O Arjuna, only by unalloyed devotion can I truly know myself standing before you. O Parantapa, thus having obtained my divine vision Pidapa may attain the state of unity with Me."
11,55,"Those who do all karmas for Me, depend on Me and are devoted to Me, free from selfishness, free from animosity towards all demons, such devotees will surely reach Me."
12,1,"Arjuna asked: Those who are always devoted to your embodied form and those who worship the formless Brahman - of these two types, who do you consider to be more excellent in yoga?"
12,2,"Sri Bhagavan said: I consider those who have fixed their minds on Me and are constantly engaged in devotion to Me with firm faith, to be the best yogis."
12,3,"Those who worship the Formless Tattva of the Supreme Truth - imperishable, indefinable, immanent, all-pervading, beyond the senses, changeless, eternal and immovable - restraining the senses, being omniscient and engaged in the welfare of all beings - attain Me."
12,4,"Those who worship the Formless Tattva of the Supreme Truth - imperishable, indefinable, immanent, all-pervading, beyond the senses, changeless, eternal and immovable - restraining the senses, being omniscient and engaged in the welfare of all beings - attain Me."
12,5,"For those interested in the immanence of the mind, the path of Siddhi is fraught with difficulties. Worshiping the immanent is very difficult for material beings."
12,6,"But those who dedicate all their deeds to Me, regard Me as the supreme goal, worship Me and meditate on Me with unalloyed devotion, O Partha, I will quickly liberate them from this ocean of mortals, as if their innermost being is united with Me."
12,7,"But those who dedicate all their deeds to Me, regard Me as the supreme goal, worship Me and meditate on Me with unalloyed devotion, O Partha, I will quickly liberate them from this ocean of mortals, as if their innermost being is united with Me."
12,8,"Fix your mind on me and offer your mind to me. After that, you will always reside in me. No doubt about it."
12,9,"If you cannot fix the mind on Me, O Arjuna, practice remembering Me with devotion, restraining the mind from worldly matters."
12,10,"If you cannot practice remembering Me with devotion, try to do things for Me. By performing devotional service in this way, you can attain perfection."
12,11,"If you cannot work for Me with devotion, try to renounce the fruits of your karma and be steady in spirit."
12,12,"Knowledge is better than mechanical learning; Meditation is better than knowledge. Sacrifice for the fruit of karma is better than meditation, because peace is attained immediately after such a sacrifice."
12,13,"Those devotees who are non-hatred, friendly and compassionate towards all living beings are very dear to me. They are unattached/uninterested in property/money and without ego, equal in both happiness and sorrow and ever forgiving. They are always united with Me with contentment, devotion, self-restraint, strong will and offering mind to Me."
12,14,"Those devotees who are non-hatred, friendly and compassionate towards all living beings are very dear to me. They are unattached/uninterested in property/money and without ego, equal in both happiness and sorrow and ever forgiving. They are always united with Me with contentment, devotion, self-restraint, strong will and offering mind to Me."
12,15,"My devotees are very dear to me who do not cause pain (trouble) to anyone in the world and who are not agitated by anyone, who remain one in pleasures and pains, and who are free from fear and anxiety."
12,16,"My devotees who are disinterested in worldly gains, outwardly chaste, efficient, dispassionate, free from disturbance and unselfish in all affairs are very dear to Me."
12,17,"Those who do not enjoy worldly pleasures and do not suffer from worldly miseries, who do not suffer loss or strive for gain, who renounce both good and bad deeds, such people, full of devotion, are very dear to me."
12,18,"He who is equal to friends and foes, indifferent to honor and dishonor, equal to heat and cold, to pleasure and pain, and shuns evil company; Those who take insult and praise alike, who meditate in silence, who are content with what they have, who are uninterested in abode, whose mind is fixed on Me, who are filled with devotion to Me, such persons are very dear to Me."
12,19,"He who is equal to friends and foes, indifferent to honor and dishonor, equal to heat and cold, to pleasure and pain, and shuns evil company; Those who take insult and praise alike, who meditate in silence, who are content with what they have, who are uninterested in abode, whose mind is fixed on Me, who are filled with devotion to Me, such persons are very dear to Me."
12,20,"Those who respect this Gnanamrita declared here and have faith in Me and devotion to Me as the ultimate goal, they are dearest to Me."
13,1,"Arjuna said, ""O Kesava, what is Prakriti and Purusha, what is Kshetra and Ksetrajna? I want to know. What is true knowledge and what is the goal of such knowledge?"""
13,2,"The Supreme Divine Lord spoke thus: O Arjuna, this body is the field, and that which is known about this body is the kshetrajna - both of which have been said by sages well versed."
13,3,"O descendant of Bharata, I am also the one who has reached every field. To know that this body is the kshetra (place of activity) and that the soul and the divine are kshetrajnas (pervaders of the field) is what I consider true knowledge."
13,4,"Listen, I will explain to you what the field is and its nature. I will also explain how the change occurs in it, what it is created by, who the Kshetrajna is and what is his power."
13,5,"The great sages have explained the truth about Kshetra and Kshetrajna in many ways. It is also stated in many Vedic mantras, especially in the Brahma Sutras where it is reasonably and conclusively stated."
13,6,"Its field consists of the five great demons, the ego, the intellect, the immanent nature, the eleven senses (the five sense organs, the five karmandriyas, the mind), and the five sense objects."
13,7,"Desire and hatred, happiness and sorrow, body, consciousness, mental force - all these together are called kshetra and its changes (vikaramula)."
13,8,"modesty; Being free from ego (artificial intelligence); non-violence; Attribute of forgiveness; Simplicity; Guru Seva; Purity of body and mind; A still mind; and soul-control; disinterest in sensual objects; to have no pride; Remembering the state of birth, death, disease, disease; Infertility; Being free from attachment (yava) to wife(husband), children, house; Being equanimous in life's favorable or unfavorable situations; To have unceasing and exclusive devotion to Me; A preference for seclusion and disinterest in worldly society; Unwavering faith in spiritual knowledge; and the search for the ultimate truth - all these I regard as knowledge, and the opposite of these I call ignorance."
13,9,"modesty; Being free from ego (artificial intelligence); non-violence; Attribute of forgiveness; Simplicity; Guru Seva; Purity of body and mind; A still mind; and soul-control; disinterest in sensual objects; to have no pride; Remembering the state of birth, death, disease, disease; Infertility; Being free from attachment (yava) to wife(husband), children, house; Being equanimous in life's favorable or unfavorable situations; To have unceasing and exclusive devotion to Me; A preference for seclusion and disinterest in worldly society; Unwavering faith in spiritual knowledge; and the search for the ultimate truth - all these I regard as knowledge, and the opposite of these I call ignorance."
13,10,"modesty; Being free from ego (artificial intelligence); non-violence; Attribute of forgiveness; Simplicity; Guru Seva; Purity of body and mind; A still mind; and soul-control; disinterest in sensual objects; to have no pride; Remembering the state of birth, death, disease, disease; Infertility; Being free from attachment (yava) to wife(husband), children, house; Being equanimous in life's favorable or unfavorable situations; To have unceasing and exclusive devotion to Me; A preference for seclusion and disinterest in worldly society; Unwavering faith in spiritual knowledge; and the search for the ultimate truth - all these I regard as knowledge, and the opposite of these I call ignorance."
13,11,"modesty; Being free from ego (artificial intelligence); non-violence; Attribute of forgiveness; Simplicity; Guru Seva; Purity of body and mind; A still mind; and soul-control; disinterest in sensual objects; to have no pride; Remembering the state of birth, death, disease, disease; Infertility; Being free from attachment (yava) to wife(husband), children, house; Being equanimous in life's favorable or unfavorable situations; To have unceasing and exclusive devotion to Me; A preference for seclusion and disinterest in worldly society; Unwavering faith in spiritual knowledge; and the search for the ultimate truth - all these I regard as knowledge, and the opposite of these I call ignorance."
13,12,"modesty; Being free from ego (artificial intelligence); non-violence; Attribute of forgiveness; Simplicity; Guru Seva; Purity of body and mind; A still mind; and soul-control; disinterest in sensual objects; to have no pride; Remembering the state of birth, death, disease, disease; Infertility; Being free from attachment (yava) to wife(husband), children, house; Being equanimous in life's favorable or unfavorable situations; To have unceasing and exclusive devotion to Me; A preference for seclusion and disinterest in worldly society; Unwavering faith in spiritual knowledge; and the search for the ultimate truth - all these I regard as knowledge, and the opposite of these I call ignorance."
13,13,"That which must be known, I will now tell you, after knowing it, one becomes immortal. That is the eternal Brahman which is beyond sat and asat."
13,14,"Everywhere are His feet, eyes, heads and faces. His ears are also in all places, for He pervades the whole world."
13,15,"Although He can know all sense objects, He is senseless. He is not attached to anything, yet He is the preserver and nurturer of all. Although He is Nirguna, He is the Bhokta of the trigunas of nature."
13,16,"He is present both outside and inside all material demons. He is subtle, so we cannot understand Him. Far away but also very close."
13,17,"He is indivisible, yet He is seen as different in all beings. Know that the Lord is the Sustainer-Sustainer, Sustainer and Creator of all bhutams (living beings)."
13,18,"He is the source of light among all luminaries, and the ultimate transcendence of the darkness of ignorance. He is knowledge, He is the object of knowledge, and He is the object of knowledge. He is in the hearts of all beings."
13,19,"Thus I have explained to you the nature of the field, the meaning of knowledge, and the subject of knowledge. Only My devotees can truly understand this, and those who do so, they attain My divine nature."
13,20,Both Prakriti (physical nature) and Purusha (souls) are also anadiyana (sanatana). Know that all changes in the body and even the trigunas of nature are caused by material energy.
13,21,That physical energy is the cause of action in creation; It is said that Jivatma is responsible for experiencing pleasure and pain.
13,22,"Whenever the Purusha (Jivatma) residing in Prakriti (physical energy) wants to enjoy the trigunas, it is Mamakarasakti for them, that Jivatma becomes the cause of high birth and low birth."
13,23,"The Supreme Lord also resides in the body itself. He is said to be the All-Witness, the All-Appointer, the Sustainer, the Eternal Sustainer, the Supreme Authority and the Supreme Soul."
13,24,"Those who understand the reality of the trinity of Paramatma, Jivatma, material nature and prakriti, will never be born here again. They will be liberated regardless of their current condition."
13,25,"Some try to see the divine in their heart through meditation; And others seek to attain this through the acquisition of knowledge, and still others strive to attain this knowledge through the path of karma."
13,26,"And some who are not aware of these spiritual paths, hear about them from others and start worshiping the Supreme Lord.  By listening to the Mahatmas with devotion like this, they too can gradually cross this ocean of birth and death."
13,27,"O best of the Bharatas, know that you are all these living creatures, this field and the union of the Kshetrajna."
13,28,"He who sees the Supreme Being in all living beings with their souls, and who sees both as impermanent in this transitory body, is truly seen."
13,29,"Those who see that Lord, who is equal to all beings, the Supreme Soul, do not degrade themselves with their minds. Thus, they reach the Supreme Word."
13,30,It is the physical nature that does all the work (of the body) and the Jivatma actually does nothing - as one who understands has truly seen.
13,31,"When they see that all beings with different qualities are situated in the same Prakriti, and understand that they are all emanated from the same, they attain knowledge of Brahman."
13,32,"O son of Kunti, the Supreme Personality of Godhead is imperishable, eternal, without any physical attributes. Although present in the body, He does nothing, and is not at all tainted by material energy."
13,33,"Akasa (empty space) contains everything within itself, but being subtle, is not tainted by what it contains. Similarly, although all its consciousness is pervaded in the body, the soul is not affected by the qualities of the body."
13,34,"Just as one sun illuminates the entire solar system, so one soul illuminates the entire body (consciousness)."
13,35,"Those who observe the distinction of this ksetra and the ksetrajna with knowledge-eyes, and who know the method of liberation from material nature, attain the Supreme Padma."
14,1,"Sri Bhagavan said: I will once again explain to you this supreme education, the best of all knowledge; Knowing this, all the great saints attained the highest perfection."
14,2,Those who take refuge in this knowledge will reach me. They are neither reborn at the time of creation nor destroyed at the time of Pralaya.
14,3,"Its all physical nature, womb. Into it I introduce different souls, thus all living beings are born. O son of Kunti, this physical nature is the womb and I am the seed-giving father of all the living beings born."
14,4,"Its all physical nature, womb. Into it I introduce different souls, thus all living beings are born. O son of Kunti, this physical nature is the womb and I am the seed-giving father of all the living beings born."
14,5,"O great-armed Arjuna, the physical nature of energy consists of the three gunas – the sattva guna, the rajo guna, and the tamo guna. It is these qualities that bind the imperishable eternal soul to the perishable body."
14,6,"Among these the sattva guna is holier than the rest, it is luminous and most salutary.  O sinless one, interest in knowledge and pleasure ensnares the soul."
14,7,"O Arjuna, Rajo Guna is full of sensuality. It is born of worldly desires and affections and binds the soul with interest in lustful deeds."
14,8,"O Arjuna, the tamo guna, born of ignorance, is the cause of the delusion of living souls.  It makes all living beings deluded by indifference, laziness and sleep."
14,9,Sattva binds one to material pleasures; Rajo guna makes the soul interested in karma; And tamo guna covers knowledge and binds one to delusion.
14,10,Sometimes Sattva has the upper hand over Rajotamas. Sometimes Rajo Guna dominates Sattva and Tamogunas; And some times Tamoguna overcomes Sattvarajo Gunas.
14,11,"When all the portals of the body are illumined by knowledge, know that it is the manifestation of sattva guna. When Rajo guna prevails, O Arjuna, lobha (greed), industry for worldly gain, depression, and yava increase. O Arjuna – Ignorance, inertia, indifference, and lust – these are the main characteristics of Tamo Guna."
14,12,"When all the portals of the body are illumined by knowledge, know that it is the manifestation of sattva guna. When Rajo guna prevails, O Arjuna, lobha (greed), industry for worldly gain, depression, and yava increase. O Arjuna – Ignorance, inertia, indifference, and lust – these are the main characteristics of Tamo Guna."
14,13,"When all the portals of the body are illumined by knowledge, know that it is the manifestation of sattva guna. When Rajo guna prevails, O Arjuna, lobha (greed), industry for worldly gain, depression, and yava increase. O Arjuna – Ignorance, inertia, indifference, and lust – these are the main characteristics of Tamo Guna."
14,14,Those who are sattva-guna dominant and die reach the holy worlds (without rajas and tamas) where the wise are. Rajo Guna predominates and those who die are born in those who are inspired by deeds; Those who die under the influence of tamo guna are born in animal life.
14,15,Those who are sattva-guna dominant and die reach the holy worlds (without rajas and tamas) where the wise are. Rajo Guna predominates and those who die are born in those who are inspired by deeds; Those who die under the influence of tamo guna are born in animal life.
14,16,"The fruits of deeds done in Sattva Guna give holy results. Actions done in Rajo Guna cause sorrows, and actions done in Tamo Guna cause darkness of ignorance."
14,17,"Sattva gives rise to knowledge, Rajo gives rise to greed (greed), and tamo gives rise to indifference and lust (delusion)."
14,18,Those who are in sattva go to the upper worlds; Those who are in the Rajo Guna remain in the middle (of the worlds); Those who dwell in their own nature are degraded.
14,19,"Whenever the wise know that in all actions, these tri-gunas are done and there is nothing else, and know that I am beyond these - they attain my divine nature."
14,20,"By transcending the trigunas of physical nature, one is freed from the miseries of birth, death and old age and attains immortality."
14,21,"Arjuna asked: What are the characteristics of one who is beyond the tri-gunas of nature, O Lord? How do they behave? How do they become beyond the bonds of tri-gunas?"
14,22,"Sri Bhagavan spoke: O Arjuna, those who are beyond these trigunas - neither hate (born in sattva guna) light, (born in rajo guna) activity, nor (born in tamo guna) delusion - when they are abundant, nor do they desire them when they are absent. They are neutral and indifferent to the qualities of nature and are not disturbed by them. Knowing that the gunas are acting, they remain still in the soul."
14,23,"Sri Bhagavan spoke: O Arjuna, those who are beyond these trigunas - neither hate (born in sattva guna) light, (born in rajo guna) activity, nor (born in tamo guna) delusion - when they are abundant, nor do they desire them when they are absent. They are neutral and indifferent to the qualities of nature and are not disturbed by them. Knowing that the gunas are acting, they remain still in the soul."
14,24,"There was only one way in happiness and sorrow; They were based in the sense of the soul; Clay, stone, and gold were all looked upon with the same value; were alike in favorable or unfavorable circumstances; The intelligent ones; Both were received equally by the blasphemers; They used to take honor and shame in the same way; Enemy and friend were seen alike; Those who have given up all striving - these are said to be beyond the trigunas."
14,25,"There was only one way in happiness and sorrow; They were based in the sense of the soul; Clay, stone, and gold were all looked upon with the same value; were alike in favorable or unfavorable circumstances; The intelligent ones; Both were received equally by the blasphemers; They used to take honor and shame in the same way; Enemy and friend were seen alike; Those who have given up all striving - these are said to be beyond the trigunas."
14,26,Those who serve Me through pure devotion transcend the trigunas of nature and reach the level of Brahman.
14,27,"I am the basis of that eternal, immutable formless Brahman, eternal Dharma and infinite divine bliss."
15,1,"Sri Bhagavanu Palikenu: It is said about the Asvattha Vriksha which is an orthodox tree with roots upwards and branches downwards. Its leaves are Vedic mantras, and those who know the secret of this tree know the Vedas."
15,2,"Nourished by the tri-gunas, the branches of this tree, extending up and down, sense objects are like gums to them. For karma to flow in human form, the roots of the tree are rooted downwards. Below, its roots spread out into branches, causing karma in the human world."
15,3,"The real nature of this tree is not known in this world, nor is its beginning, end or orthodox existence understood. But, this deep-rooted tree of indifference must be cut down by the strong ax of apathy/vairagya. Then the beginning of that tree should be sought, that is God, from whom the production of this world took place long ago. After taking refuge in Him, we will not enter this world again."
15,4,"The real nature of this tree is not known in this world, nor is its beginning, end or orthodox existence understood. But, this deep-rooted tree of indifference must be cut down by the strong ax of apathy/vairagya. Then the beginning of that tree should be sought, that is God, from whom the production of this world took place long ago. After taking refuge in Him, we will not enter this world again."
15,5,"Those who are free from avarice and lust, who have conquered lust, who are eternally in the mind of God, who have no desire to experience sensual pleasures, who are beyond pleasures, sorrows and dualities - such liberated beings attain my Parampada."
15,6,"Neither the sun, nor the moon, nor the fire can illuminate my supreme abode. People who went there never return to this physical world."
15,7,"The living souls in the material world are the eternal aspects of Me. But, bound by physical energy, they are struggling with the six senses which are connected with the mind."
15,8,"Just as the wind carries the fragrance from one place to another, so the soul, leaving the old body and entering the new body, takes the mind and senses along with it."
15,9,"With the perception of the sense organs - ears, eyes, skin, tongue and nose - which are dependent on the mind, the living soul enjoys the sense objects."
15,10,Ignorant people do not notice the Jivatman - either when it is in the body enjoying sense objects or when it leaves the body. But those with wise eyes can see it.
15,11,"Even the assiduous yogis are able to know the soul residing in the body. But, no matter how hard they try, those who are not purified in the inner world will not be able to know it."
15,12,Know that I am the effulgence of the sun that illuminates the entire solar system. Know that the radiance of the moon and the light of fire emanate from me.
15,13,"Pervading and pervading the earth, I nourish all beings by My energy. Being the moon, I nourish all the plants."
15,14,"I assume the form of Jatharagni, the soul-drinking soul in the stomachs of living beings, to digest and digest the four kinds of food."
15,15,"I am present in the hearts of all beings, and from Me arise memory, knowledge, and forgetfulness. I am the only one to be known through all the Vedas, I am the author of Vedanta, and I am the knower of Vedardha."
15,16,"There are two types of living beings in creation, Ksharams (perishable) and Aksharmas (imperishable). All that exists in the physical world is alkali. Aksharams are beings who have attained salvation."
15,17,"Besides these, there is that Purushottam, the imperishable Supreme Soul. He enters the universe as the eternal God and sustains all living beings."
15,18,"I am beyond this ephemeral material substance, and beyond the imperishable soul. Therefore I am glorified in the Vedas and Smritis as the Supreme Divine Man."
15,19,"He who knows me without doubt as the Supreme Purushotta, has perfect knowledge. O Arjuna, they worship me wholeheartedly."
15,20,"I have revealed to you, Arjuna, the most mysterious principle of Vedic science. One who understands this becomes wise, and accomplishes all that is to be attained."
16,1,"Sri Bhagavanu Palikenu: O descendant of Bharata, these are the qualities of a person of divine wealth - fearlessness, untainted mind, determination in spiritual knowledge, charity, restraint of senses, performance of sacrifices, recitation of holy scriptures, penance and openness; non-violence, truthfulness, non-anger, self-sacrifice, peace, non-fault-finding, kindness to all living beings, non-covetousness, gentleness, modesty and stillness; Strength, forgiveness, equanimity, cleanliness, no enmity towards anyone and no hypocrisy."
16,2,"Sri Bhagavanu Palikenu: O descendant of Bharata, these are the qualities of a person of divine wealth - fearlessness, untainted mind, determination in spiritual knowledge, charity, restraint of senses, performance of sacrifices, recitation of holy scriptures, penance and openness; non-violence, truthfulness, non-anger, self-sacrifice, peace, non-fault-finding, kindness to all living beings, non-covetousness, gentleness, modesty and stillness; Strength, forgiveness, equanimity, cleanliness, no enmity towards anyone and no hypocrisy."
16,3,"Sri Bhagavanu Palikenu: O descendant of Bharata, these are the qualities of a person of divine wealth - fearlessness, untainted mind, determination in spiritual knowledge, charity, restraint of senses, performance of sacrifices, recitation of holy scriptures, penance and openness; non-violence, truthfulness, non-anger, self-sacrifice, peace, non-fault-finding, kindness to all living beings, non-covetousness, gentleness, modesty and stillness; Strength, forgiveness, equanimity, cleanliness, no enmity towards anyone and no hypocrisy."
16,4,"O Partha, arrogance, arrogance, pride, anger, rudeness, and ignorance are the qualities of those with demonic nature."
16,5,"Divine qualities lead to salvation, but demonic qualities cause one to remain trapped in bondage. Don't worry Arjuna, you were born with divine qualities."
16,6,"There are two types of beings in this world - those with divine qualities and those with asura nature. I have elaborately described the divine qualities, O Arjuna, I will tell you about the nature of the Asuras, listen."
16,7,"Those with asura qualities do not understand what is good conduct and what is bad conduct. That is why they are not chaste, or virtuous, or at least truthful."
16,8,"They say, ""There is no absolute truth in this world, no basis (of moral code), and no God (who created or maintains it). It all originates from male-female union and serves no other purpose than sexual gratification.""  that"
16,9,"Firmly held in such a view, these misguided souls, with low intelligence and violent deeds, become enemies of the world and threaten to destroy it."
16,10,"Filled with excessive lust, arrogance, avarice, pride and arrogance, these asura-characteristics hold false doctrines. Thus enamored, they are attracted to temporal things and act with an impure mind."
16,11,"Their endless worry-worries ultimately end in death. However, they are convinced that the gratification of desires and the accumulation of wealth is the ultimate goal of life."
16,12,"Bound by hundreds of desires, and beset by lustful wraths, they labor to amass wealth in unrighteous ways, all for the sake of their sensual pleasures."
16,13,"Those with asura qualities think, ""I have already acquired a lot of money today, I will fulfill this desire of mine. All this is mine, tomorrow I will still have it. That enemy is destroyed by me, I will destroy others too! I myself am like God, I am the one who indulges all this, I am powerful and I am comfortable. I am rich and my relatives are in great position. Who is my equal? I offer sacrifices (to the gods)."" I will do; I will give alms; I will enjoy."" Thus, they become enamored by ignorance."
16,14,"Those with asura qualities think, ""I have already acquired a lot of money today, I will fulfill this desire of mine. All this is mine, tomorrow I will still have it. That enemy is destroyed by me, I will destroy others too! I myself am like God, I am the one who indulges all this, I am powerful and I am comfortable. I am rich and my relatives are in great position. Who is my equal? I offer sacrifices (to the gods)."" I will do; I will give alms; I will enjoy."" Thus, they become enamored by ignorance."
16,15,"Those with asura qualities think, ""I have already acquired a lot of money today, I will fulfill this desire of mine. All this is mine, tomorrow I will still have it. That enemy is destroyed by me, I will destroy others too! I myself am like God, I am the one who indulges all this, I am powerful and I am comfortable. I am rich and my relatives are in great position. Who is my equal? I offer sacrifices (to the gods)."" I will do; I will give alms; I will enjoy."" Thus, they become enamored by ignorance."
16,16,"Deluded by such imaginations, delusions, ensnared in lust, and enslaved to the gratification of the senses, they fall into the lower hells."
16,17,"Such self-conceived foolish men, proud of their wealth and wealth, full of pride, perform yajnas in nominal pomp without any respect for the rules of science."
16,18,"Blinded by ego, strength, pride, lust, and anger, these Asuri-prone, abuse/hate Me in their own bodies and in the bodies of others."
16,19,"I, in the cycle of rebirth of the material world, repeatedly cast into the wombs of such demonic natures, evil and hateful in nature. These foolish souls are born again and again in the Asura wombs. Unable to reach Me, O Arjuna, they gradually fall into the lowest state of existence."
16,20,"I, in the cycle of rebirth of the material world, repeatedly cast into the wombs of such demonic natures, evil and hateful in nature. These foolish souls are born again and again in the Asura wombs. Unable to reach Me, O Arjuna, they gradually fall into the lowest state of existence."
16,21,"There are three gates of hell that lead to the destruction of the soul - lust, anger, and greed. So, everyone should leave these."
16,22,"Those who are freed from these three gates of darkness, strive for the well-being of the soul, so that they attain the ultimate goal."
16,23,"Those who do not follow the instructions given in the Shastra, but are motivated by lust, they cannot achieve perfect Siddhi, happiness, and ultimately the ultimate goal of life."
16,24,"So, let's take science as the standard of what to do and what not to do. Learn the rules and teachings of science and act accordingly in this world."
17,1,"Arjuna said: O Krishna, what is the condition of those who renounce (neglect) the duties of science and yet worship with devotion? Is their faith in Sattva Guna or Rajo and Tamo Gunas?"
17,2,"Sri Bhagavan said: Every human being is born with his innate devotion/faith, which may be of three types - sattvik, rajas, or tamas. Now hear from me on this matter."
17,3,"All men have beliefs according to the nature of their mind. Everyone has beliefs, and what they believe is their personality."
17,4,Those in sattva guna worship the gods; Those in Rajoguna worship Yakshas and Rakshasas; Those in the Tamo Guna worship ghosts.
17,5,"Some people, driven by their vanity (hypocrisy) and pride, perform the most severe austerities, though unscientific.  Driven by lust and lust, they afflict not only their bodily organs but also Me, who is the Supreme Soul, within their bodies. Know that such mindless people are of asura nature."
17,6,"Some people, driven by their vanity (hypocrisy) and pride, perform the most severe austerities, though unscientific.  Driven by lust and lust, they afflict not only their bodily organs but also Me, who is the Supreme Soul, within their bodies. Know that such mindless people are of asura nature."
17,7,"People's food preferences depend on their nature.  Yajnas, penance, and charity also depend on their disposition. Now listen to these differences."
17,8,"Virtue-dominant – likes things that increase longevity, and promote comfort, strength, health, happiness, and contentment. Such foods are juicy, nutritious, nutritious, and naturally delicious."
17,9,"Foods that are very bitter, very sour, salty, very hot, pungent, dry and spicy are preferred by those with Rajo guna predominance. Such foods cause suffering, grief and disease."
17,10,"Dried/spoilt food, rotten food, contaminated and impure food – are dear to those who have Tamasi Guna as their predominance."
17,11,"It is as if the yajna performed with sattva guna is performed with a firm determination in the mind that this is the duty to be done, following the rules of science without any desire for results."
17,12,"O great Bharata, know that a yajna for worldly gain or pride is in Rajoguna."
17,13,"A yajna performed without devotion and contrary to the rules of Shastra, without distribution of prasada, chanting of mantras, and without giving Dakshina, is considered to be of Tamo Guna."
17,14,"Worship of the Supreme Lord, Brahmins, spiritual master, sages and elders - whenever it is done while practicing purity, chastity, celibacy and non-violence - is said to be physical penance."
17,15,"Speech that does not cause emotion, truths, that does not cause anger, beloved things and recitation of eternal Vedic scriptures - these are said to be verbal penance."
17,16,"Calmness of thought, gentleness, silence, self-restraint and purity of feeling - all these are known as penance of the mind."
17,17,"If these three penances are practiced with great faith by the pious devotees without any expectation of material rewards, they are called sattvic penances."
17,18,"For glory, honour, and magnanimity, ostentatious austerities/yagnas are in Rajo Guna. Its benefits are transient, and temporary."
17,19,"Penance done with confused feelings, torturing oneself or harming others, is said to be in the nature of tamo."
17,20,"Giving alms is said to be sattvaguna dana if one considers it a duty (right thing to do) and gives alms at the right time and in the right place, without any reward."
17,21,"Donation given reluctantly, with the hope of something in return or with the expectation of a reward, is said to be in Rajo Guna."
17,22,"Donation given at an inappropriate place, at an inappropriate time, to an undeserving (apatra), without courtesy, or carelessly, is considered tamasadana."
17,23,"The words ""Om Tat Sat"" have been prescribed from the beginning of creation as indicative of Parabrahman. From them arose priests, sciences and yagnas."
17,24,"So, in performing yajnas, in giving alms, in performing austerities - the Vedic vidus, following the Vedic injunctions, always begin by uttering the sound 'Om'."
17,25,"Those who do not expect any counter-fruits, but seek to be freed from these material bonds, utter the word ""tat"" while performing penance, yajna, and charity."
17,26,"The word ""Sat"" means - orthodox existence and auspiciousness. O Arjuna, it is also used to denote an auspicious action. The term ""sat"" also describes engaging in the practice of yajna, penance, and charity.  Therefore, any work with this purpose is called ""Sat""."
17,27,"The word ""Sat"" means - orthodox existence and auspiciousness. O Arjuna, it is also used to denote an auspicious action. The term ""sat"" also describes engaging in the practice of yajna, penance, and charity.  Therefore, any work with this purpose is called ""Sat""."
17,28,"O son of Pritha, donations and sacrifices done with ashradha are called ""asat"". They are of no use either in this world or in the Hereafter."
18,1,"Arjuna said: O great-armed Krishna, I want to know the nature of 'sannyasa' (renunciation of karma) and 'tyagama' (renunciation of the desire to enjoy the fruits of karma). O Hrishikesh, who desires to know the difference between them too, O Keshinishudana."
18,2,"Sri Bhagavan said: Sanyasama, said the sages, is the renunciation of desires-induced karma. Pundits say that giving up all the fruits of karma is sacrifice."
18,3,"Some learned men say that all forms of karma are sinful and should be avoided, while others say that yajna, charity and penance should never be given up."
18,4,"Now listen to my final decision on the subject of sacrifice, O Purushavyagraha, it is said that sacrifice is of three types."
18,5,"Karma related to yajna, almsgiving and austerities should never be renounced; They must be done. Indeed yajna, charity and penance sanctify even the wise."
18,6,"These activities should be done without any desire for fruits and without any desire for reward. This is my absolute and supreme judgment, O Arjuna."
18,7,One should never renounce one's prescribed duties. Such confusion sacrifice is called Tamasika sacrifice.
18,8,"Rajo Guna Tyaga is the act of abandoning one's obligatory duties, thinking that they are difficult or causing physical discomfort. Such a sacrifice is never salutary and does not contribute to our elevation."
18,9,"Arjuna, whenever actions are performed in accordance with duty, and desire for fruit is renounced, it is called sattva guna sacrifice."
18,10,True sacrifices are those who do not try to avoid disliked tasks or wish for favorite/favorable tasks. They are virtuous and they have no doubts.
18,11,"It is not possible for any living being with a body to renounce karma completely. Hence, one who renounces the fruits of his karma is said to be a true sacrificer."
18,12,"For those who are interested in self-interest, even the deceased Pidapa, - happiness, sorrow and a mixture of the two - will have karmic rewards in these three forms.  But, those who perform karmaphala sacrifice will not have such fruits either in this world or in the next world."
18,13,"O Arjuna, listen now to what Samkhya Shastra says about the five factors behind any action, which explains how to prevent karmic reactions."
18,14,"Body, Karta, various senses, various kinds of effort, divine grace - these are the five limbs of karma."
18,15,"Whatever karma/deed done by the body, speech, mind, be it good or bad, these five are its factors. Those who do not understand this think that the soul is the real doer. Such people with impure mind cannot understand the reality."
18,16,"Whatever karma/deed done by the body, speech, mind, be it good or bad, these five are its factors. Those who do not understand this think that the soul is the real doer. Such people with impure mind cannot understand the reality."
18,17,"Abandoning the sense of kartrutva ahamkara bhava (the sense that I am the doer) and whose intellect is disinterested, even if they kill living beings, they are not killed and become bound by karma."
18,18,"Jnana, Jnya (the object of knowledge), and the seeker of Jnana - these three induce Karma. Karana, Kriya, Karta, - these are the three limbs of Karma."
18,19,"Sankhya Shastra states that these are three types of tri-gunas of nature - knowledge, karma, and action. Listen as I tell you these differences now."
18,20,"The knowledge in sattva guna is knowing that there is one undivided, impermanent entity in all the different forms of life."
18,21,Realize that any knowledge which sees the different kinds of beings in different bodies as separate and unrelated to each other is rajasika (in rajaguna).
18,22,"In the case that the entire creation is made up of these different parts, it is said that the knowledge that makes man completely alien to himself, without logic and far from truth, is tamasic knowledge."
18,23,"That which is done according to karma-sastra, is free from lust, and is done without desire for fruit, is said to be in sattva guna."
18,24,"Work motivated by selfish desire, carried out by pride, and involving intense effort is said to be in Rajoguna."
18,25,"Karma that one does, starting from delusion, without knowing what one's self-power is, and without thinking about the consequences, loss and harm to others - is called Tamasika Karma."
18,26,"Those who are free from ego and association, and have enthusiasm, determination, and are indifferent to success or failure are said to be virtuous doers."
18,27,"A Karta who is interested in the fruits of karma, greedy, violent-inclined, impure, and affected by Harsha-Sokamas is considered to be in Rajoguna."
18,28,"Those who are undisciplined, scornful, foolish, foolish, mean, lazy, desperate and carelessly waste time - may be called tamoguna kartas."
18,29,"Now listen, O Arjuna, I will explain at length the difference between the intellect and the senses according to the trigunas of nature."
18,30,"O Partha, what is the right deed, what is the bad deed;  What is duty, what is not duty; What to fear, what not to fear; Buddhi is said to be in Sattva Guna when it is understood what is binding and what is salvation."
18,31,"Whenever the mind is confused as to what is right and what is wrong, when it cannot know what is right behavior and what is wrong, then that mind is in Rajoguna."
18,32,Tamoguna Buddhi is the mind which is enveloped in darkness and considers unrighteousness as righteousness and falsehood as truth.
18,33,"Strong will developed through yoga; And the will that underlies the activities of the mind, prana vayus, and senses is called sattva guna dhrdhamsakata."
18,34,"Rajasika dhruthi is a fixed mind motivated by desire and interested in dharma (duties), kama (pleasures) and artha (wealth)."
18,35,"Tamoguna dhruthi is the low minded will that is unrelenting, daydreaming, fearful, grieving, depressed and arrogant."
18,36,"And now hear from me, O Arjuna, about the three kinds of pleasures which the living soul attains, and about the attainment of the stage of liberation from all sorrows."
18,37,"Sattva guna happiness is happiness that seems like poison in the beginning, but in the end is like nectar. It is born of the pure intellect that is rooted in self-knowledge."
18,38,"The pleasure due to the contact of sense objects with the senses is called rajasic (rajo guna) pleasure. This pleasure is like nectar in the beginning, but in the end it is like poison."
18,39,"Whatever happiness - covering the entire existence of the soul from beginning to end, and arising from sleep, laziness, and carelessness - is said to be tamasic (in tamoguna) happiness."
18,40,"In this physical world - not on earth, or in the upper heavenly worlds - not a single living being is beyond the influence of these trigunas of nature."
18,41,"Brahmins, Kshatriyas, Vaishyas and Shudras – whose duties were assigned according to their characteristics, their respective qualities. (not in terms of birth)."
18,42,"Sama (tranquility), dama (sensual restraint), austerity, purity, patience, sincerity, wisdom, knowledge, and faith in this world – these are the innate karmic qualities of Brahmins."
18,43,"Valor, strength, courage, skill in arms training, determination not to back down from battle, large-hearted kindness, and leadership ability - these are the karmic qualities inherent in Kshatriyas."
18,44,"Agriculture, dairy farming, and trade are natural occupations for those with Vaishya Gunas. Serving by performing deeds is the natural duty of those with shudra qualities."
18,45,"By performing the duties of those who are naturally born, human beings can attain perfect siddhi. Now hear from me how one can achieve perfection by practicing/performing his assigned duties."
18,46,By performing his natural occupation one worships Him - from whom all the demons sprang and by whom the whole world is filled and concentrated.  By doing such things one attains Siddhi easily.
18,47,"It is better for a person to do his own self-righteousness, even if it is not done properly, than to do para (others') dharma. In performing the duties of his nature, man does not incur sin."
18,48,"One should never forsake the duties born of one's natural nature, even if there are faults in them, O son of Kunti. All karmic efforts are shrouded in some kind of dosha, just as a fire is shrouded in smoke."
18,49,"Whose intellect is dispassionate throughout, who conquers the mind and renounces desires through the practice of asceticism, attains the supreme Naishkarmya Siddhi."
18,50,"O Arjuna, how one who has attained perfect siddhi (in karmic asceticism) can attain Brahman also by being established in transcendental spiritual knowledge - hear me in brief."
18,51,"When a person - has a pure intellect, and has well restrained the senses, renounces sound and other sense objects, and is free from hatred of raga, then he is fit to attain Brahman. Such a person likes solitude, eats in moderation, controls body language, engages in constant meditation and practices dispassion. A person who is free from ego, violence, avarice, desires, selfishness, selfishness - is peaceful and deserves to attain the state of oneness with the Supreme Being. (ie, knowing the Supreme Truth in the form of Brahman)."
18,52,"When a person - has a pure intellect, and has well restrained the senses, renounces sound and other sense objects, and is free from hatred of raga, then he is fit to attain Brahman. Such a person likes solitude, eats in moderation, controls body language, engages in constant meditation and practices dispassion. A person who is free from ego, violence, avarice, desires, selfishness, selfishness - is peaceful and deserves to attain the state of oneness with the Supreme Being. (ie, knowing the Supreme Truth in the form of Brahman)."
18,53,"When a person - has a pure intellect, and has well restrained the senses, renounces sound and other sense objects, and is free from hatred of raga, then he is fit to attain Brahman. Such a person likes solitude, eats in moderation, controls body language, engages in constant meditation and practices dispassion. A person who is free from ego, violence, avarice, desires, selfishness, selfishness - is peaceful and deserves to attain the state of oneness with the Supreme Being. (ie, knowing the Supreme Truth in the form of Brahman)."
18,54,"A person who is at one with Parabrahman is mentally calm, does not grieve for anything, does not desire for anything. Being equanimous towards all beings, such a yogi will receive my parabhakti."
18,55,"Only through loving devotion to Me can I know who (how much) I really am. Knowing Me, Pidapa, My devotee is absorbed in My absolute consciousness."
18,56,My devotees take full refuge in Me even though they are doing all the activities. By my grace they will attain eternal and impermanent abode.
18,57,Make me your supreme goal and offer your every karma to me. Take refuge in Buddhi Yoga and make your will always ascend to me.
18,58,"If you always remember Me, by My grace you can overcome all obstacles and difficulties. But if, through pride, you do not listen to my advice, you will perish."
18,59,"If you are motivated by pride and think, ""I will not fight,"" then your decision will be wasted anyway. Because it is your own (Kshatriya) physical nature that impels you to fight."
18,60,"O Arjuna, whatever action you say you will not do due to lust, you will be prompted to do it by the impulse born of your natural nature."
18,61,"Ishvara resides in the heart of all beings, O Arjuna. He directs the course of the living souls who ascend the Yantra made of material energy, according to their respective karmas."
18,62,"Surrender completely to Him alone, O Bharata.  By His grace, you will attain supreme peace and eternal abode."
18,63,"Thus I have revealed to you the most secret knowledge of all secrets. Think deeply about it, and do as you like."
18,64,"Hear once again My supreme instruction, which is the most secret of all knowledge. I am telling you this for your sake, because you are very dear to me."
18,65,"Always remember Me, be devoted to Me, worship Me and bow to Me. By doing this you will surely reach me. This is my promise to you, because you are very dear to me."
18,66,"Abandon all kinds of dharmas and surrender to Me alone. I will absolve you of all sins, fear not."
18,67,"This Upadesha should never be given to a non-ascetic, a non-pious person. (Spiritual matters) Do not say this even to those who are averse to hearing, and especially to those who are envious of me."
18,68,"Whoever inculcates this supremely secret knowledge among My devotees, they have performed supreme loving service. They will undoubtedly reach me."
18,69,No one has done me more loving service than they; There will be no one on this earth dearer to me than they.
18,70,"Those who recite this holy dialogue between us, worship Me with the sacrifice of knowledge (with their intellects); That is my opinion."
18,71,"Even those who merely hear this knowledge, with earnest faith and without envy, are freed from sins and reach the holy worlds where the pious souls reside."
18,72,"O Arjuna, did you listen attentively to what I said? Are your ignorance and delusion eradicated?"
18,73,"Arjuna said: O Achyuta (blameless one), by your grace my delusion is eradicated, and I am established in knowledge. I have no doubts now, and will do according to your instructions."
18,74,"Sanjay said: Thus, I, heard the conversation between Lord Krishna, son of Vasudeva, and Arjuna, son of Mahatma, Pritha. It's so amazing it makes my hair stand on end."
18,75,"By the grace of Vedavyasa, I learned this supreme secret of yoga from Lord Krishna himself."
18,76,I am rejoicing over and over again recalling this magnificent conversation between the Supreme Lord Sri Krishna and Arjuna.
18,77,"And, remembering the wonderful and astonishing cosmic form of Sri Krishna, I am amazed and thrilled with great joy again and again."
18,78,"It is my firm opinion that wherever Sri Krishna, the Yogeshwar, and Arjuna, the supreme archer, are there, there is all wealth, all victory, all-plenty and righteousness."
